OrderID,InventoryID,SupplierID,SupplyID,WarehouseID,Quantity,UnitPrice,TotalInvoice,OrderDate,Unscheduled,Priority,DeliveryDate,LateDelivery,ExpectedDeliveryDate
1,1,7,1,1,1,274.82,274.82,2024-07-04,1,8,,0,2024-07-11
2,1,9,1,1,1,274.82,274.82,2024-06-18,1,2,,1,2024-06-27
3,1,7,1,1,1,274.82,274.82,2024-06-15,0,1,2024-06-19,0,2024-06-22
4,1,7,1,1,3,274.82,824.46,2024-06-15,0,2,2024-06-22,0,2024-06-22
5,1,3,1,1,2,274.82,549.64,2024-06-22,0,4,,1,2024-07-03
6,1,9,1,1,1,274.82,274.82,2024-07-02,0,2,,0,2024-07-11
7,1,3,1,1,1,274.82,274.82,2024-06-17,0,1,,1,2024-06-28
8,1,3,1,1,2,274.82,549.64,2024-06-15,0,1,2024-06-26,0,2024-06-26
9,1,7,1,1,1,274.82,274.82,2024-06-22,0,3,,1,2024-06-29
10,1,7,1,1,1,274.82,274.82,2024-06-14,0,2,,1,2024-06-21
11,1,3,1,1,1,274.82,274.82,2024-06-17,0,1,2024-06-27,0,2024-06-28
12,1,7,1,1,1,274.82,274.82,2024-06-30,0,3,,0,2024-07-07
13,1,7,1,1,1,274.82,274.82,2024-06-20,0,2,,1,2024-06-27
14,1,9,1,1,2,274.82,549.64,2024-07-03,1,1,,0,2024-07-12
15,1,9,1,1,1,274.82,274.82,2024-06-21,0,2,,1,2024-06-30
16,1,3,1,1,1,274.82,274.82,2024-06-07,0,3,2024-06-16,0,2024-06-18
17,1,7,1,1,2,274.82,549.64,2024-06-19,0,2,,1,2024-06-26
18,1,9,1,1,1,274.82,274.82,2024-06-08,0,4,2024-06-17,0,2024-06-17
19,1,3,1,1,2,274.82,549.64,2024-07-04,0,1,,0,2024-07-15
20,1,9,1,1,1,274.82,274.82,2024-06-30,0,2,,0,2024-07-09
21,1,3,1,1,2,274.82,549.64,2024-06-24,1,1,,1,2024-07-05
22,2,7,1,2,5,274.82,1374.1,2024-06-22,0,7,2024-07-05,0,2024-07-06
23,2,9,1,2,1,274.82,274.82,2024-06-22,0,2,2024-06-30,0,2024-07-06
24,2,3,1,2,2,274.82,549.64,2024-06-08,0,8,2024-06-22,0,2024-06-25
25,2,3,1,2,10,274.82,2748.2,2024-06-11,0,2,2024-06-17,0,2024-06-28
26,2,3,1,2,4,274.82,1099.28,2024-06-22,0,8,2024-07-04,0,2024-07-09
27,2,3,1,2,3,274.82,824.46,2024-06-24,0,2,2024-07-03,0,2024-07-11
28,2,7,1,2,3,274.82,824.46,2024-06-17,0,8,2024-07-01,0,2024-07-01
29,2,7,1,2,5,274.82,1374.1,2024-06-08,1,1,2024-06-21,0,2024-06-22
30,2,9,1,2,1,274.82,274.82,2024-07-01,0,2,,0,2024-07-15
31,2,3,1,2,4,274.82,1099.28,2024-06-05,0,2,2024-06-25,1,2024-06-22
32,2,9,1,2,1,274.82,274.82,2024-06-17,0,8,2024-07-01,0,2024-07-01
33,2,3,1,2,1,274.82,274.82,2024-07-02,0,7,,0,2024-07-19
34,2,7,1,2,5,274.82,1374.1,2024-07-04,1,4,,0,2024-07-18
35,2,9,1,2,3,274.82,824.46,2024-06-29,0,7,,0,2024-07-13
36,2,9,1,2,3,274.82,824.46,2024-06-25,0,8,2024-07-05,0,2024-07-09
37,2,3,1,2,5,274.82,1374.1,2024-06-19,0,1,2024-06-26,0,2024-07-06
38,3,9,1,3,1,274.82,274.82,2024-07-01,0,2,,0,2024-07-12
39,3,3,1,3,1,274.82,274.82,2024-06-15,0,3,2024-07-05,1,2024-07-03
40,3,7,1,3,2,274.82,549.64,2024-06-25,0,1,2024-07-04,0,2024-07-13
41,3,9,1,3,1,274.82,274.82,2024-06-21,0,2,,1,2024-07-02
42,3,3,1,3,1,274.82,274.82,2024-06-27,0,8,,0,2024-07-15
43,3,7,1,3,1,274.82,274.82,2024-06-28,0,2,,0,2024-07-16
44,3,7,1,3,1,274.82,274.82,2024-06-07,0,2,2024-06-26,1,2024-06-25
45,3,3,1,3,1,274.82,274.82,2024-07-01,0,3,,0,2024-07-19
46,3,9,1,3,2,274.82,549.64,2024-06-28,0,2,,0,2024-07-09
47,3,9,1,3,1,274.82,274.82,2024-06-20,1,2,2024-06-24,0,2024-07-01
48,3,3,1,3,1,274.82,274.82,2024-07-04,1,1,,0,2024-07-22
49,3,9,1,3,2,274.82,549.64,2024-07-01,0,3,,0,2024-07-12
50,3,9,1,3,1,274.82,274.82,2024-06-30,1,2,,0,2024-07-11
51,3,9,1,3,1,274.82,274.82,2024-06-17,0,7,2024-06-21,0,2024-06-28
52,3,7,1,3,1,274.82,274.82,2024-07-04,0,2,,0,2024-07-22
53,3,3,1,3,1,274.82,274.82,2024-06-19,1,1,,0,2024-07-07
54,3,7,1,3,1,274.82,274.82,2024-06-17,0,2,2024-07-02,0,2024-07-05
55,3,7,1,3,1,274.82,274.82,2024-06-26,0,1,,0,2024-07-14
56,3,7,1,3,1,274.82,274.82,2024-06-23,0,1,,0,2024-07-11
57,3,7,1,3,1,274.82,274.82,2024-06-17,1,3,2024-07-05,0,2024-07-05
58,3,7,1,3,3,274.82,824.46,2024-06-05,1,2,2024-06-18,0,2024-06-23
59,3,9,1,3,1,274.82,274.82,2024-06-29,0,3,,0,2024-07-10
60,3,7,1,3,1,274.82,274.82,2024-06-21,0,7,2024-06-28,0,2024-07-09
61,3,9,1,3,2,274.82,549.64,2024-06-17,0,1,,1,2024-06-28
62,3,7,1,3,1,274.82,274.82,2024-06-24,0,8,2024-06-29,0,2024-07-12
63,3,3,1,3,1,274.82,274.82,2024-06-28,1,2,,0,2024-07-16
64,3,9,1,3,1,274.82,274.82,2024-07-03,0,2,,0,2024-07-14
65,3,9,1,3,1,274.82,274.82,2024-07-01,1,2,,0,2024-07-12
66,3,3,1,3,1,274.82,274.82,2024-06-16,0,7,2024-07-01,0,2024-07-04
67,3,7,1,3,1,274.82,274.82,2024-07-04,0,2,,0,2024-07-22
68,3,9,1,3,1,274.82,274.82,2024-06-18,0,8,2024-06-25,0,2024-06-29
69,3,7,1,3,1,274.82,274.82,2024-06-22,0,7,2024-06-30,0,2024-07-10
70,3,9,1,3,1,274.82,274.82,2024-06-25,0,6,,0,2024-07-06
71,3,9,1,3,1,274.82,274.82,2024-06-15,0,2,2024-06-21,0,2024-06-26
72,3,3,1,3,3,274.82,824.46,2024-07-02,1,2,,0,2024-07-20
73,3,9,1,3,1,274.82,274.82,2024-07-04,1,4,,0,2024-07-15
74,3,7,1,3,1,274.82,274.82,2024-06-20,1,2,,0,2024-07-08
75,3,3,1,3,1,274.82,274.82,2024-06-21,0,2,,0,2024-07-09
76,3,3,1,3,1,274.82,274.82,2024-06-22,1,2,,0,2024-07-10
77,3,3,1,3,1,274.82,274.82,2024-06-24,0,5,,0,2024-07-12
78,3,3,1,3,1,274.82,274.82,2024-06-17,1,1,,1,2024-07-05
79,3,3,1,3,1,274.82,274.82,2024-06-19,0,2,,0,2024-07-07
80,3,9,1,3,1,274.82,274.82,2024-06-10,0,2,2024-06-21,0,2024-06-21
81,3,3,1,3,3,274.82,824.46,2024-06-29,0,2,,0,2024-07-17
82,3,9,1,3,1,274.82,274.82,2024-06-14,0,8,2024-06-24,0,2024-06-25
83,3,7,1,3,1,274.82,274.82,2024-07-03,0,3,,0,2024-07-21
84,3,7,1,3,1,274.82,274.82,2024-07-01,0,2,,0,2024-07-19
85,3,7,1,3,1,274.82,274.82,2024-06-10,0,2,,1,2024-06-28
86,3,3,1,3,1,274.82,274.82,2024-06-10,0,1,2024-06-19,0,2024-06-28
87,3,9,1,3,2,274.82,549.64,2024-06-15,0,2,2024-06-26,0,2024-06-26
88,3,7,1,3,1,274.82,274.82,2024-06-06,0,7,2024-06-15,0,2024-06-24
89,3,9,1,3,1,274.82,274.82,2024-06-07,0,2,2024-06-17,0,2024-06-18
90,3,3,1,3,1,274.82,274.82,2024-07-03,0,2,,0,2024-07-21
91,3,7,1,3,1,274.82,274.82,2024-06-20,0,4,,0,2024-07-08
92,3,3,1,3,2,274.82,549.64,2024-06-21,0,2,2024-07-01,0,2024-07-09
93,3,9,1,3,1,274.82,274.82,2024-06-24,0,3,,1,2024-07-05
94,3,3,1,3,1,274.82,274.82,2024-06-21,0,7,,0,2024-07-09
95,3,7,1,3,1,274.82,274.82,2024-06-19,0,2,2024-07-02,0,2024-07-07
96,3,3,1,3,1,274.82,274.82,2024-06-22,0,3,,0,2024-07-10
97,3,7,1,3,1,274.82,274.82,2024-06-17,0,2,,1,2024-07-05
98,3,9,1,3,1,274.82,274.82,2024-06-25,1,3,,0,2024-07-06
99,3,9,1,3,1,274.82,274.82,2024-06-16,0,5,2024-06-27,0,2024-06-27
100,3,7,1,3,1,274.82,274.82,2024-06-06,0,3,2024-06-21,0,2024-06-24
101,3,9,1,3,1,274.82,274.82,2024-06-24,1,2,2024-07-04,0,2024-07-05
102,3,3,1,3,1,274.82,274.82,2024-06-27,0,2,,0,2024-07-15
103,3,9,1,3,1,274.82,274.82,2024-07-04,1,7,,0,2024-07-15
104,3,7,1,3,2,274.82,549.64,2024-06-27,0,2,,0,2024-07-15
105,3,7,1,3,1,274.82,274.82,2024-06-15,0,3,2024-06-24,0,2024-07-03
106,3,3,1,3,1,274.82,274.82,2024-07-01,0,8,,0,2024-07-19
107,3,7,1,3,1,274.82,274.82,2024-06-24,0,2,2024-07-03,0,2024-07-12
108,3,7,1,3,1,274.82,274.82,2024-06-09,0,8,2024-06-19,0,2024-06-27
109,3,9,1,3,1,274.82,274.82,2024-06-05,1,2,,1,2024-06-16
110,3,9,1,3,1,274.82,274.82,2024-06-22,0,4,2024-07-01,0,2024-07-03
111,3,7,1,3,1,274.82,274.82,2024-06-13,1,8,2024-07-01,0,2024-07-01
112,3,9,1,3,1,274.82,274.82,2024-06-29,1,2,,0,2024-07-10
113,3,3,1,3,3,274.82,824.46,2024-06-17,1,2,2024-06-25,0,2024-07-05
114,4,9,1,4,1,274.82,274.82,2024-06-06,1,3,2024-06-09,0,2024-06-19
115,4,7,1,4,1,274.82,274.82,2024-06-16,0,2,2024-06-23,0,2024-07-04
116,4,9,1,4,1,274.82,274.82,2024-07-01,0,1,,0,2024-07-14
117,4,3,1,4,1,274.82,274.82,2024-06-05,1,2,,1,2024-06-20
118,4,7,1,4,1,274.82,274.82,2024-06-28,0,2,,0,2024-07-16
119,4,7,1,4,3,274.82,824.46,2024-06-17,0,2,2024-06-28,0,2024-07-05
120,4,3,1,4,2,274.82,549.64,2024-07-04,0,2,,0,2024-07-19
121,4,3,1,4,3,274.82,824.46,2024-06-13,0,2,2024-06-26,0,2024-06-28
122,4,3,1,4,1,274.82,274.82,2024-06-23,0,2,2024-07-02,0,2024-07-08
123,4,7,1,4,4,274.82,1099.28,2024-06-08,0,2,2024-06-27,1,2024-06-26
124,4,3,1,4,2,274.82,549.64,2024-07-01,0,2,,0,2024-07-16
125,4,7,1,4,1,274.82,274.82,2024-06-18,0,3,2024-07-05,0,2024-07-06
126,4,9,1,4,1,274.82,274.82,2024-06-06,0,2,2024-06-15,0,2024-06-19
127,4,9,1,4,1,274.82,274.82,2024-06-25,0,2,,0,2024-07-08
128,4,3,1,4,5,274.82,1374.1,2024-07-03,0,3,,0,2024-07-18
129,4,7,1,4,2,274.82,549.64,2024-07-01,0,2,,0,2024-07-19
130,4,3,1,4,1,274.82,274.82,2024-06-28,0,4,,0,2024-07-13
131,4,3,1,4,1,274.82,274.82,2024-07-03,1,2,,0,2024-07-18
132,4,9,1,4,1,274.82,274.82,2024-06-05,0,4,2024-06-10,0,2024-06-18
133,4,7,1,4,1,274.82,274.82,2024-06-29,0,1,,0,2024-07-17
134,4,3,1,4,2,274.82,549.64,2024-06-06,0,3,2024-06-21,0,2024-06-21
135,4,3,1,4,2,274.82,549.64,2024-06-28,0,3,,0,2024-07-13
136,4,9,1,4,1,274.82,274.82,2024-06-09,0,6,2024-06-13,0,2024-06-22
137,4,9,1,4,2,274.82,549.64,2024-06-13,0,2,2024-06-28,1,2024-06-26
138,4,3,1,4,1,274.82,274.82,2024-07-04,1,2,,0,2024-07-19
139,4,7,1,4,1,274.82,274.82,2024-06-23,0,2,2024-07-02,0,2024-07-11
140,4,9,1,4,3,274.82,824.46,2024-06-25,0,8,,0,2024-07-08
141,4,9,1,4,1,274.82,274.82,2024-06-06,0,2,2024-06-13,0,2024-06-19
142,4,9,1,4,1,274.82,274.82,2024-06-05,0,1,2024-06-16,0,2024-06-18
143,4,9,1,4,1,274.82,274.82,2024-06-14,0,2,2024-06-17,0,2024-06-27
144,4,9,1,4,1,274.82,274.82,2024-06-19,0,3,2024-06-30,0,2024-07-02
145,4,3,1,4,1,274.82,274.82,2024-06-06,0,2,2024-06-13,0,2024-06-21
146,4,7,1,4,1,274.82,274.82,2024-06-07,0,6,2024-06-21,0,2024-06-25
147,4,7,1,4,2,274.82,549.64,2024-06-29,0,8,,0,2024-07-17
148,4,9,1,4,1,274.82,274.82,2024-07-01,0,8,,0,2024-07-14
149,4,7,1,4,3,274.82,824.46,2024-06-21,0,1,2024-06-30,0,2024-07-09
150,4,9,1,4,1,274.82,274.82,2024-06-29,0,6,,0,2024-07-12
151,4,7,1,4,4,274.82,1099.28,2024-06-13,1,1,,1,2024-07-01
152,4,7,1,4,1,274.82,274.82,2024-06-29,0,1,2024-07-05,0,2024-07-17
153,4,9,1,4,2,274.82,549.64,2024-06-06,0,7,2024-06-18,0,2024-06-19
154,4,9,1,4,2,274.82,549.64,2024-07-01,0,3,,0,2024-07-14
155,4,3,1,4,3,274.82,824.46,2024-06-24,0,2,,0,2024-07-09
156,5,3,1,5,1,274.82,274.82,2024-06-14,0,2,2024-06-23,0,2024-07-04
157,5,3,1,5,1,274.82,274.82,2024-06-10,0,5,2024-06-18,0,2024-06-30
158,5,9,1,5,3,274.82,824.46,2024-06-23,0,1,2024-06-28,0,2024-07-17
159,5,7,1,5,1,274.82,274.82,2024-06-18,0,1,2024-07-01,0,2024-07-03
160,5,7,1,5,1,274.82,274.82,2024-06-28,0,6,,0,2024-07-13
161,5,9,1,5,1,274.82,274.82,2024-07-01,1,7,,0,2024-07-25
162,5,9,1,5,1,274.82,274.82,2024-06-22,0,2,2024-07-01,0,2024-07-16
163,5,9,1,5,1,274.82,274.82,2024-06-27,0,3,,0,2024-07-21
164,5,9,1,5,1,274.82,274.82,2024-06-26,1,2,,0,2024-07-20
165,5,3,1,5,1,274.82,274.82,2024-07-04,0,1,,0,2024-07-24
166,5,7,1,5,1,274.82,274.82,2024-06-24,1,7,,0,2024-07-09
167,5,3,1,5,2,274.82,549.64,2024-06-25,0,2,2024-07-04,0,2024-07-15
168,5,3,1,5,1,274.82,274.82,2024-06-09,1,6,2024-06-30,1,2024-06-29
169,5,9,1,5,1,274.82,274.82,2024-06-22,0,2,,0,2024-07-16
170,5,3,1,5,1,274.82,274.82,2024-06-14,0,2,2024-06-25,0,2024-07-04
171,5,7,1,5,1,274.82,274.82,2024-06-12,0,2,2024-06-26,0,2024-06-27
172,5,3,1,5,1,274.82,274.82,2024-06-17,1,1,,0,2024-07-07
173,5,3,1,5,1,274.82,274.82,2024-06-17,1,4,,0,2024-07-07
174,5,7,1,5,1,274.82,274.82,2024-06-14,0,1,2024-06-23,0,2024-06-29
175,5,7,1,5,1,274.82,274.82,2024-06-18,0,1,,1,2024-07-03
176,5,9,1,5,1,274.82,274.82,2024-06-06,1,2,2024-06-30,0,2024-06-30
177,5,9,1,5,2,274.82,549.64,2024-07-02,0,2,,0,2024-07-26
178,5,3,1,5,1,274.82,274.82,2024-06-18,0,2,2024-07-03,0,2024-07-08
179,5,3,1,5,1,274.82,274.82,2024-06-05,0,4,2024-07-02,1,2024-06-25
180,5,7,1,5,2,274.82,549.64,2024-06-10,0,2,2024-06-18,0,2024-06-25
181,5,3,1,5,1,274.82,274.82,2024-06-29,0,2,,0,2024-07-19
182,5,3,1,5,1,274.82,274.82,2024-06-15,0,2,2024-06-29,0,2024-07-05
183,5,3,1,5,3,274.82,824.46,2024-07-01,0,2,,0,2024-07-21
184,5,7,1,5,1,274.82,274.82,2024-06-13,0,2,2024-06-20,0,2024-06-28
185,5,7,1,5,1,274.82,274.82,2024-06-20,0,2,,1,2024-07-05
186,5,3,1,5,1,274.82,274.82,2024-06-18,0,2,2024-07-05,0,2024-07-08
187,5,9,1,5,2,274.82,549.64,2024-06-18,1,8,,0,2024-07-12
188,5,9,1,5,1,274.82,274.82,2024-06-12,0,7,2024-06-22,0,2024-07-06
189,5,7,1,5,1,274.82,274.82,2024-06-22,0,6,2024-06-29,0,2024-07-07
190,5,3,1,5,1,274.82,274.82,2024-06-09,0,1,2024-06-24,0,2024-06-29
191,5,7,1,5,1,274.82,274.82,2024-07-01,0,3,,0,2024-07-16
192,5,7,1,5,1,274.82,274.82,2024-06-08,0,2,2024-06-29,1,2024-06-23
193,5,9,1,5,1,274.82,274.82,2024-06-17,1,3,2024-06-27,0,2024-07-11
194,5,3,1,5,1,274.82,274.82,2024-06-07,0,1,2024-06-19,0,2024-06-27
195,5,7,1,5,1,274.82,274.82,2024-07-04,0,2,,0,2024-07-19
196,5,3,1,5,1,274.82,274.82,2024-06-17,0,2,2024-06-23,0,2024-07-07
197,5,9,1,5,1,274.82,274.82,2024-06-21,0,2,,0,2024-07-15
198,5,3,1,5,1,274.82,274.82,2024-06-28,1,7,,0,2024-07-18
199,5,9,1,5,1,274.82,274.82,2024-06-06,1,7,2024-06-29,0,2024-06-30
200,5,3,1,5,1,274.82,274.82,2024-06-22,1,2,,0,2024-07-12
201,5,7,1,5,1,274.82,274.82,2024-06-22,0,2,,0,2024-07-07
202,5,7,1,5,1,274.82,274.82,2024-06-26,0,1,,0,2024-07-11
203,5,7,1,5,1,274.82,274.82,2024-06-13,1,3,,1,2024-06-28
204,5,3,1,5,1,274.82,274.82,2024-07-01,0,7,,0,2024-07-21
205,5,9,1,5,2,274.82,549.64,2024-06-26,0,2,,0,2024-07-20
206,5,7,1,5,1,274.82,274.82,2024-06-30,0,6,,0,2024-07-15
207,5,9,1,5,3,274.82,824.46,2024-06-29,0,2,,0,2024-07-23
208,5,7,1,5,1,274.82,274.82,2024-06-14,1,4,,1,2024-06-29
209,5,7,1,5,1,274.82,274.82,2024-06-16,0,1,2024-06-24,0,2024-07-01
210,5,9,1,5,1,274.82,274.82,2024-06-10,0,1,,1,2024-07-04
211,5,7,1,5,1,274.82,274.82,2024-06-05,0,7,2024-06-18,0,2024-06-20
212,5,3,1,5,3,274.82,824.46,2024-06-11,0,8,2024-06-23,0,2024-07-01
213,5,9,1,5,1,274.82,274.82,2024-06-17,1,4,2024-06-24,0,2024-07-11
214,5,3,1,5,1,274.82,274.82,2024-06-14,0,2,2024-06-27,0,2024-07-04
215,5,7,1,5,1,274.82,274.82,2024-06-08,0,1,2024-06-18,0,2024-06-23
216,5,7,1,5,2,274.82,549.64,2024-06-21,0,7,,0,2024-07-06
217,6,7,1,6,1,274.82,274.82,2024-06-12,1,2,2024-06-24,0,2024-06-27
218,6,9,1,6,4,274.82,1099.28,2024-06-15,0,2,2024-06-23,0,2024-06-30
219,6,9,1,6,4,274.82,1099.28,2024-06-20,1,8,,1,2024-07-05
220,6,3,1,6,8,274.82,2198.56,2024-06-13,0,2,2024-07-03,1,2024-07-02
221,6,3,1,6,6,274.82,1648.92,2024-06-13,0,2,2024-06-26,0,2024-07-02
222,6,7,1,6,1,274.82,274.82,2024-06-28,0,2,2024-07-05,0,2024-07-13
223,6,9,1,6,4,274.82,1099.28,2024-06-25,0,1,2024-07-01,0,2024-07-10
224,6,3,1,6,1,274.82,274.82,2024-06-20,0,7,2024-07-04,0,2024-07-09
225,6,3,1,6,2,274.82,549.64,2024-06-30,0,1,,0,2024-07-19
226,6,9,1,6,1,274.82,274.82,2024-06-10,1,2,,1,2024-06-25
227,6,3,1,6,17,274.82,4671.94,2024-06-29,0,2,,0,2024-07-18
228,6,3,1,6,1,274.82,274.82,2024-06-28,0,2,,0,2024-07-17
229,6,9,1,6,7,274.82,1923.74,2024-06-14,0,2,2024-07-01,1,2024-06-29
230,6,7,1,6,5,274.82,1374.1,2024-06-14,0,8,,1,2024-06-29
231,6,7,1,6,2,274.82,549.64,2024-06-06,0,3,2024-06-14,0,2024-06-21
232,6,9,1,6,1,274.82,274.82,2024-06-26,0,2,,0,2024-07-11
233,6,9,1,6,8,274.82,2198.56,2024-06-22,0,2,,0,2024-07-07
234,6,7,1,6,2,274.82,549.64,2024-07-03,1,2,,0,2024-07-18
235,6,7,1,6,32,274.82,8794.24,2024-06-18,0,8,2024-07-03,0,2024-07-03
236,6,7,1,6,12,274.82,3297.84,2024-06-28,0,4,,0,2024-07-13
237,6,3,1,6,2,274.82,549.64,2024-06-15,0,2,2024-06-30,0,2024-07-04
238,6,9,1,6,1,274.82,274.82,2024-06-18,0,2,2024-06-22,0,2024-07-03
239,7,3,1,7,1,274.82,274.82,2024-07-02,0,1,,0,2024-07-23
240,7,3,1,7,2,274.82,549.64,2024-07-03,0,1,,0,2024-07-24
241,7,7,1,7,1,274.82,274.82,2024-06-20,0,2,2024-07-02,0,2024-07-09
242,7,9,1,7,1,274.82,274.82,2024-06-10,0,2,2024-06-30,1,2024-06-26
243,7,3,1,7,1,274.82,274.82,2024-06-22,0,2,,0,2024-07-13
244,7,7,1,7,1,274.82,274.82,2024-07-01,0,2,,0,2024-07-20
245,7,9,1,7,1,274.82,274.82,2024-06-05,0,2,2024-06-13,0,2024-06-21
246,7,7,1,7,1,274.82,274.82,2024-06-09,1,2,2024-06-27,0,2024-06-28
247,7,9,1,7,1,274.82,274.82,2024-06-17,0,1,,1,2024-07-03
248,7,9,1,7,2,274.82,549.64,2024-06-23,0,2,2024-06-29,0,2024-07-09
249,7,3,1,7,1,274.82,274.82,2024-06-18,1,7,2024-07-03,0,2024-07-09
250,7,7,1,7,1,274.82,274.82,2024-07-01,0,8,,0,2024-07-20
251,7,3,1,7,1,274.82,274.82,2024-06-09,0,1,2024-06-21,0,2024-06-30
252,7,3,1,7,2,274.82,549.64,2024-06-10,0,2,2024-06-30,0,2024-07-01
253,7,9,1,7,1,274.82,274.82,2024-06-25,1,2,,0,2024-07-11
254,7,3,1,7,1,274.82,274.82,2024-07-02,0,1,,0,2024-07-23
255,7,7,1,7,1,274.82,274.82,2024-06-08,1,6,2024-06-19,0,2024-06-27
256,7,3,1,7,1,274.82,274.82,2024-06-08,1,8,2024-07-02,1,2024-06-29
257,7,9,1,7,1,274.82,274.82,2024-06-28,0,4,,0,2024-07-14
258,7,3,1,7,1,274.82,274.82,2024-06-27,0,2,,0,2024-07-18
259,7,7,1,7,1,274.82,274.82,2024-06-11,0,1,2024-06-28,0,2024-06-30
260,7,3,1,7,3,274.82,824.46,2024-06-23,0,6,,0,2024-07-14
261,7,7,1,7,2,274.82,549.64,2024-06-17,1,2,,0,2024-07-06
262,7,3,1,7,2,274.82,549.64,2024-06-09,0,1,2024-06-19,0,2024-06-30
263,7,7,1,7,3,274.82,824.46,2024-06-30,0,2,,0,2024-07-19
264,7,7,1,7,1,274.82,274.82,2024-06-23,0,1,,0,2024-07-12
265,7,7,1,7,1,274.82,274.82,2024-06-10,1,1,2024-06-29,0,2024-06-29
266,7,3,1,7,1,274.82,274.82,2024-07-03,0,2,,0,2024-07-24
267,7,3,1,7,1,274.82,274.82,2024-07-04,0,4,,0,2024-07-25
268,7,9,1,7,1,274.82,274.82,2024-06-15,0,8,2024-07-01,0,2024-07-01
269,7,3,1,7,1,274.82,274.82,2024-06-10,0,7,2024-06-26,0,2024-07-01
270,7,9,1,7,1,274.82,274.82,2024-06-16,1,2,,1,2024-07-02
271,7,9,1,7,1,274.82,274.82,2024-07-03,0,6,,0,2024-07-19
272,7,3,1,7,1,274.82,274.82,2024-06-23,1,2,,0,2024-07-14
273,7,9,1,7,1,274.82,274.82,2024-06-15,0,2,2024-06-27,0,2024-07-01
274,7,7,1,7,1,274.82,274.82,2024-07-02,0,8,,0,2024-07-21
275,7,9,1,7,1,274.82,274.82,2024-06-13,1,2,,1,2024-06-29
276,7,3,1,7,1,274.82,274.82,2024-06-24,0,2,,0,2024-07-15
277,7,3,1,7,3,274.82,824.46,2024-06-28,0,2,,0,2024-07-19
278,7,3,1,7,1,274.82,274.82,2024-06-17,1,1,2024-07-05,0,2024-07-08
279,7,9,1,7,1,274.82,274.82,2024-06-07,0,2,2024-06-15,0,2024-06-23
280,7,9,1,7,1,274.82,274.82,2024-06-05,0,2,2024-06-14,0,2024-06-21
281,7,7,1,7,2,274.82,549.64,2024-06-30,0,2,,0,2024-07-19
282,7,9,1,7,3,274.82,824.46,2024-06-08,0,2,2024-06-19,0,2024-06-24
283,7,9,1,7,3,274.82,824.46,2024-06-27,0,6,2024-07-04,0,2024-07-13
284,7,9,1,7,1,274.82,274.82,2024-06-05,1,7,2024-06-20,0,2024-06-21
285,7,9,1,7,1,274.82,274.82,2024-06-09,0,5,2024-06-19,0,2024-06-25
286,7,9,1,7,1,274.82,274.82,2024-06-18,0,3,2024-07-03,0,2024-07-04
287,7,9,1,7,2,274.82,549.64,2024-06-13,0,2,2024-06-29,0,2024-06-29
288,7,7,1,7,1,274.82,274.82,2024-06-16,0,2,,1,2024-07-05
289,7,9,1,7,1,274.82,274.82,2024-06-06,0,8,2024-06-20,0,2024-06-22
290,7,3,1,7,2,274.82,549.64,2024-06-27,0,7,2024-07-05,0,2024-07-18
291,7,7,1,7,1,274.82,274.82,2024-06-07,0,3,2024-06-26,0,2024-06-26
292,7,3,1,7,2,274.82,549.64,2024-06-29,0,1,,0,2024-07-20
293,7,7,1,7,1,274.82,274.82,2024-06-11,0,2,2024-06-16,0,2024-06-30
294,7,9,1,7,2,274.82,549.64,2024-06-16,0,7,2024-06-24,0,2024-07-02
295,7,9,1,7,1,274.82,274.82,2024-06-13,0,1,2024-06-24,0,2024-06-29
296,7,7,1,7,1,274.82,274.82,2024-06-09,0,1,2024-06-23,0,2024-06-28
297,7,9,1,7,1,274.82,274.82,2024-06-30,0,4,,0,2024-07-16
298,7,3,1,7,1,274.82,274.82,2024-06-11,0,6,2024-06-24,0,2024-07-02
299,7,7,1,7,2,274.82,549.64,2024-06-20,1,6,,0,2024-07-09
300,7,9,1,7,3,274.82,824.46,2024-06-26,1,1,,0,2024-07-12
301,7,9,1,7,2,274.82,549.64,2024-06-06,0,1,2024-06-10,0,2024-06-22
302,7,7,1,7,1,274.82,274.82,2024-06-12,0,2,2024-06-25,0,2024-07-01
303,7,9,1,7,2,274.82,549.64,2024-06-20,0,6,,0,2024-07-06
304,7,7,1,7,1,274.82,274.82,2024-06-27,0,2,,0,2024-07-16
305,7,3,1,7,1,274.82,274.82,2024-06-11,0,4,2024-06-21,0,2024-07-02
306,8,5,2,1,4,789.81,3159.24,2024-07-01,0,2,,0,2024-07-19
307,8,5,2,1,2,789.81,1579.62,2024-06-18,0,1,2024-07-03,0,2024-07-06
308,8,10,2,1,1,789.81,789.81,2024-06-27,0,1,2024-07-02,0,2024-07-13
309,8,10,2,1,1,789.81,789.81,2024-06-15,0,2,2024-06-30,0,2024-07-01
310,8,10,2,1,2,789.81,1579.62,2024-06-20,1,2,2024-07-03,0,2024-07-06
311,8,5,2,1,1,789.81,789.81,2024-06-28,0,2,,0,2024-07-16
312,8,10,2,1,2,789.81,1579.62,2024-06-09,0,2,2024-06-21,0,2024-06-25
313,8,5,2,1,1,789.81,789.81,2024-06-24,0,2,2024-07-02,0,2024-07-12
314,8,5,2,1,1,789.81,789.81,2024-06-21,0,2,2024-07-01,0,2024-07-09
315,8,6,2,1,1,789.81,789.81,2024-06-30,0,2,,0,2024-07-14
316,8,6,2,1,1,789.81,789.81,2024-06-28,0,3,,0,2024-07-12
317,8,10,2,1,2,789.81,1579.62,2024-06-27,0,2,,0,2024-07-13
318,8,10,2,1,2,789.81,1579.62,2024-06-24,1,2,,0,2024-07-10
319,8,5,2,1,3,789.81,2369.43,2024-06-30,0,3,,0,2024-07-18
320,8,10,2,1,1,789.81,789.81,2024-06-13,0,1,2024-06-26,0,2024-06-29
321,8,10,2,1,2,789.81,1579.62,2024-06-24,1,3,,0,2024-07-10
322,8,6,2,1,1,789.81,789.81,2024-06-23,1,6,,0,2024-07-07
323,8,10,2,1,3,789.81,2369.43,2024-06-28,0,7,,0,2024-07-14
324,8,6,2,1,1,789.81,789.81,2024-06-06,0,7,2024-06-17,0,2024-06-20
325,8,5,2,1,3,789.81,2369.43,2024-06-14,0,7,2024-06-25,0,2024-07-02
326,8,5,2,1,3,789.81,2369.43,2024-06-26,1,7,,0,2024-07-14
327,8,5,2,1,1,789.81,789.81,2024-06-20,0,8,2024-07-01,0,2024-07-08
328,8,10,2,1,4,789.81,3159.24,2024-06-09,0,2,2024-06-23,0,2024-06-25
329,8,6,2,1,1,789.81,789.81,2024-07-02,0,2,2024-07-05,0,2024-07-16
330,8,5,2,1,1,789.81,789.81,2024-06-16,0,2,,1,2024-07-04
331,8,10,2,1,1,789.81,789.81,2024-06-13,0,6,2024-06-28,0,2024-06-29
332,8,6,2,1,2,789.81,1579.62,2024-06-30,0,3,,0,2024-07-14
333,8,5,2,1,1,789.81,789.81,2024-06-07,1,1,,1,2024-06-25
334,8,10,2,1,3,789.81,2369.43,2024-07-04,1,7,,0,2024-07-20
335,8,5,2,1,1,789.81,789.81,2024-07-04,0,2,,0,2024-07-22
336,8,5,2,1,3,789.81,2369.43,2024-07-02,0,1,,0,2024-07-20
337,8,6,2,1,1,789.81,789.81,2024-06-20,0,2,2024-07-05,1,2024-07-04
338,8,6,2,1,1,789.81,789.81,2024-07-03,0,1,,0,2024-07-17
339,8,6,2,1,2,789.81,1579.62,2024-06-11,1,1,,1,2024-06-25
340,8,10,2,1,2,789.81,1579.62,2024-06-18,0,7,,1,2024-07-04
341,8,6,2,1,2,789.81,1579.62,2024-06-18,1,2,2024-06-23,0,2024-07-02
342,8,10,2,1,3,789.81,2369.43,2024-06-05,1,4,2024-06-21,0,2024-06-21
343,8,5,2,1,1,789.81,789.81,2024-07-02,0,7,,0,2024-07-20
344,8,5,2,1,1,789.81,789.81,2024-06-19,1,2,,0,2024-07-07
345,8,10,2,1,2,789.81,1579.62,2024-06-22,0,2,,0,2024-07-08
346,8,5,2,1,2,789.81,1579.62,2024-06-12,1,1,2024-07-04,1,2024-06-30
347,8,10,2,1,1,789.81,789.81,2024-06-24,0,2,2024-07-03,0,2024-07-10
348,8,6,2,1,4,789.81,3159.24,2024-07-03,0,2,,0,2024-07-17
349,8,10,2,1,2,789.81,1579.62,2024-06-06,0,1,2024-06-17,0,2024-06-22
350,8,10,2,1,1,789.81,789.81,2024-06-28,0,2,,0,2024-07-14
351,8,5,2,1,1,789.81,789.81,2024-06-20,0,6,2024-06-24,0,2024-07-08
352,8,5,2,1,1,789.81,789.81,2024-07-03,1,3,,0,2024-07-21
353,8,6,2,1,1,789.81,789.81,2024-07-02,1,2,,0,2024-07-16
354,9,10,2,2,4,789.81,3159.24,2024-06-15,1,8,2024-07-05,1,2024-07-04
355,9,10,2,2,2,789.81,1579.62,2024-07-03,0,8,,0,2024-07-22
356,9,6,2,2,2,789.81,1579.62,2024-07-02,0,2,,0,2024-07-13
357,9,10,2,2,4,789.81,3159.24,2024-06-14,0,8,2024-06-24,0,2024-07-03
358,9,10,2,2,2,789.81,1579.62,2024-06-28,1,1,,0,2024-07-17
359,9,6,2,2,5,789.81,3949.05,2024-06-23,1,8,2024-07-04,0,2024-07-04
360,9,5,2,2,6,789.81,4738.86,2024-07-02,0,8,,0,2024-07-10
361,9,5,2,2,10,789.81,7898.1,2024-06-27,0,1,,1,2024-07-05
362,9,5,2,2,3,789.81,2369.43,2024-06-17,0,8,2024-06-25,0,2024-06-25
363,10,10,2,3,4,789.81,3159.24,2024-07-01,0,8,,0,2024-07-15
364,10,5,2,3,2,789.81,1579.62,2024-06-19,1,2,2024-06-25,0,2024-07-02
365,10,10,2,3,3,789.81,2369.43,2024-06-30,0,8,,0,2024-07-14
366,10,6,2,3,2,789.81,1579.62,2024-06-12,0,2,2024-06-20,0,2024-06-25
367,10,10,2,3,1,789.81,789.81,2024-06-16,0,7,,1,2024-06-30
368,10,10,2,3,1,789.81,789.81,2024-06-14,0,2,2024-06-25,0,2024-06-28
369,10,10,2,3,1,789.81,789.81,2024-06-17,0,8,2024-06-29,0,2024-07-01
370,10,6,2,3,1,789.81,789.81,2024-07-02,0,2,,0,2024-07-15
371,10,10,2,3,3,789.81,2369.43,2024-06-20,0,6,2024-07-02,0,2024-07-04
372,10,5,2,3,1,789.81,789.81,2024-06-20,0,1,2024-07-03,0,2024-07-03
373,10,10,2,3,1,789.81,789.81,2024-06-10,0,7,2024-06-24,0,2024-06-24
374,10,5,2,3,10,789.81,7898.1,2024-07-03,1,8,,0,2024-07-16
375,10,5,2,3,5,789.81,3949.05,2024-06-22,0,1,,1,2024-07-05
376,10,5,2,3,3,789.81,2369.43,2024-06-11,1,2,,1,2024-06-24
377,10,10,2,3,1,789.81,789.81,2024-06-21,0,3,2024-07-01,0,2024-07-05
378,10,6,2,3,1,789.81,789.81,2024-06-27,0,6,2024-07-05,0,2024-07-10
379,10,6,2,3,3,789.81,2369.43,2024-06-13,0,1,2024-06-27,1,2024-06-26
380,10,5,2,3,1,789.81,789.81,2024-06-19,1,3,2024-06-29,0,2024-07-02
381,10,10,2,3,10,789.81,7898.1,2024-06-12,0,1,2024-06-26,0,2024-06-26
382,10,6,2,3,4,789.81,3159.24,2024-06-27,0,2,2024-07-02,0,2024-07-10
383,10,6,2,3,5,789.81,3949.05,2024-06-09,1,2,,1,2024-06-22
384,11,5,2,4,1,789.81,789.81,2024-06-20,1,4,2024-07-05,0,2024-07-08
385,11,10,2,4,7,789.81,5528.67,2024-06-05,0,7,2024-06-17,0,2024-06-21
386,11,5,2,4,1,789.81,789.81,2024-06-17,0,5,2024-07-05,0,2024-07-05
387,11,5,2,4,1,789.81,789.81,2024-06-26,1,8,,0,2024-07-14
388,11,6,2,4,5,789.81,3949.05,2024-06-21,0,5,2024-06-30,0,2024-06-30
389,11,5,2,4,4,789.81,3159.24,2024-06-06,0,1,2024-06-23,0,2024-06-24
390,11,5,2,4,13,789.81,10267.53,2024-06-24,0,8,2024-07-05,0,2024-07-12
391,11,5,2,4,3,789.81,2369.43,2024-06-12,0,2,2024-06-21,0,2024-06-30
392,11,5,2,4,4,789.81,3159.24,2024-06-15,0,1,2024-07-03,0,2024-07-03
393,11,6,2,4,1,789.81,789.81,2024-06-23,0,2,,1,2024-07-02
394,11,10,2,4,9,789.81,7108.29,2024-06-17,0,4,2024-07-04,1,2024-07-03
395,11,10,2,4,11,789.81,8687.91,2024-06-22,0,3,2024-06-29,0,2024-07-08
396,11,5,2,4,3,789.81,2369.43,2024-06-09,0,8,2024-06-15,0,2024-06-27
397,11,10,2,4,3,789.81,2369.43,2024-06-17,0,2,2024-06-28,0,2024-07-03
398,12,6,2,5,20,789.81,15796.2,2024-06-15,0,7,2024-06-23,0,2024-06-23
399,12,5,2,5,6,789.81,4738.86,2024-06-22,1,2,,1,2024-06-26
400,12,5,2,5,1,789.81,789.81,2024-06-15,0,2,2024-06-19,0,2024-06-19
401,12,6,2,5,7,789.81,5528.67,2024-06-17,0,1,2024-06-25,0,2024-06-25
402,13,6,2,6,1,789.81,789.81,2024-06-05,0,4,,1,2024-06-24
403,13,6,2,6,1,789.81,789.81,2024-06-17,0,1,2024-06-26,0,2024-07-06
404,13,10,2,6,1,789.81,789.81,2024-06-11,0,1,2024-06-26,0,2024-06-29
405,13,6,2,6,1,789.81,789.81,2024-06-24,0,2,,0,2024-07-13
406,13,5,2,6,1,789.81,789.81,2024-06-30,0,1,,0,2024-07-18
407,13,5,2,6,1,789.81,789.81,2024-06-17,0,1,,1,2024-07-05
408,13,10,2,6,1,789.81,789.81,2024-07-04,0,2,,0,2024-07-22
409,13,10,2,6,1,789.81,789.81,2024-06-12,0,6,2024-06-30,0,2024-06-30
410,13,5,2,6,2,789.81,1579.62,2024-06-28,0,3,2024-07-05,0,2024-07-16
411,13,5,2,6,2,789.81,1579.62,2024-06-08,0,1,2024-06-26,0,2024-06-26
412,13,6,2,6,1,789.81,789.81,2024-06-06,1,2,2024-06-25,0,2024-06-25
413,13,10,2,6,2,789.81,1579.62,2024-06-15,0,8,2024-06-27,0,2024-07-03
414,13,10,2,6,2,789.81,1579.62,2024-06-09,0,2,2024-06-20,0,2024-06-27
415,13,6,2,6,3,789.81,2369.43,2024-06-20,1,6,,0,2024-07-09
416,13,10,2,6,1,789.81,789.81,2024-06-21,0,2,,0,2024-07-09
417,13,5,2,6,2,789.81,1579.62,2024-06-28,0,2,,0,2024-07-16
418,13,5,2,6,1,789.81,789.81,2024-06-27,0,8,2024-07-04,0,2024-07-15
419,13,10,2,6,1,789.81,789.81,2024-06-29,0,4,,0,2024-07-17
420,13,6,2,6,1,789.81,789.81,2024-07-01,0,2,,0,2024-07-20
421,13,6,2,6,1,789.81,789.81,2024-06-22,0,6,2024-07-03,0,2024-07-11
422,13,6,2,6,1,789.81,789.81,2024-06-07,0,7,2024-06-23,0,2024-06-26
423,13,6,2,6,1,789.81,789.81,2024-06-05,0,2,2024-06-10,0,2024-06-24
424,13,10,2,6,1,789.81,789.81,2024-07-04,0,6,,0,2024-07-22
425,13,5,2,6,1,789.81,789.81,2024-06-14,0,2,,1,2024-07-02
426,13,6,2,6,1,789.81,789.81,2024-06-05,0,2,2024-06-25,1,2024-06-24
427,13,5,2,6,1,789.81,789.81,2024-06-09,0,2,,1,2024-06-27
428,13,5,2,6,1,789.81,789.81,2024-06-13,1,8,2024-06-23,0,2024-07-01
429,13,5,2,6,2,789.81,1579.62,2024-07-03,0,2,,0,2024-07-21
430,13,10,2,6,2,789.81,1579.62,2024-06-27,0,3,,0,2024-07-15
431,13,5,2,6,1,789.81,789.81,2024-06-16,1,6,,1,2024-07-04
432,13,5,2,6,1,789.81,789.81,2024-07-01,0,3,,0,2024-07-19
433,13,6,2,6,1,789.81,789.81,2024-06-24,0,2,,0,2024-07-13
434,13,6,2,6,1,789.81,789.81,2024-06-10,0,4,2024-06-18,0,2024-06-29
435,13,10,2,6,1,789.81,789.81,2024-06-23,0,2,,0,2024-07-11
436,13,10,2,6,2,789.81,1579.62,2024-07-04,0,2,,0,2024-07-22
437,13,10,2,6,1,789.81,789.81,2024-06-14,0,1,2024-06-30,0,2024-07-02
438,13,5,2,6,3,789.81,2369.43,2024-06-21,0,7,2024-07-02,0,2024-07-09
439,13,10,2,6,1,789.81,789.81,2024-06-10,1,6,2024-06-25,0,2024-06-28
440,13,6,2,6,1,789.81,789.81,2024-06-07,1,1,2024-06-26,0,2024-06-26
441,13,5,2,6,1,789.81,789.81,2024-07-01,0,2,,0,2024-07-19
442,13,5,2,6,1,789.81,789.81,2024-07-01,0,8,,0,2024-07-19
443,13,10,2,6,1,789.81,789.81,2024-06-26,0,1,,0,2024-07-14
444,13,5,2,6,2,789.81,1579.62,2024-06-05,0,3,2024-06-11,0,2024-06-23
445,13,10,2,6,1,789.81,789.81,2024-06-06,0,6,2024-06-24,0,2024-06-24
446,13,10,2,6,1,789.81,789.81,2024-06-06,0,8,,1,2024-06-24
447,13,5,2,6,1,789.81,789.81,2024-06-13,0,2,2024-06-26,0,2024-07-01
448,13,10,2,6,1,789.81,789.81,2024-06-29,0,1,,0,2024-07-17
449,13,10,2,6,1,789.81,789.81,2024-06-18,0,1,,0,2024-07-06
450,13,6,2,6,1,789.81,789.81,2024-06-18,0,2,2024-06-29,0,2024-07-07
451,13,5,2,6,1,789.81,789.81,2024-06-18,0,2,2024-07-02,0,2024-07-06
452,13,10,2,6,1,789.81,789.81,2024-06-24,0,1,,0,2024-07-12
453,13,5,2,6,1,789.81,789.81,2024-06-10,1,7,,1,2024-06-28
454,13,10,2,6,1,789.81,789.81,2024-06-09,0,1,2024-06-21,0,2024-06-27
455,13,6,2,6,1,789.81,789.81,2024-07-01,0,2,,0,2024-07-20
456,13,6,2,6,2,789.81,1579.62,2024-06-29,0,4,,0,2024-07-18
457,13,10,2,6,1,789.81,789.81,2024-06-15,0,1,2024-06-29,0,2024-07-03
458,13,5,2,6,1,789.81,789.81,2024-06-30,0,2,,0,2024-07-18
459,13,6,2,6,1,789.81,789.81,2024-06-06,0,2,2024-06-24,0,2024-06-25
460,13,10,2,6,1,789.81,789.81,2024-06-26,0,2,,0,2024-07-14
461,13,5,2,6,1,789.81,789.81,2024-06-05,1,3,2024-07-02,1,2024-06-23
462,13,6,2,6,1,789.81,789.81,2024-06-17,0,2,,0,2024-07-06
463,13,6,2,6,2,789.81,1579.62,2024-06-26,0,4,,0,2024-07-15
464,13,5,2,6,1,789.81,789.81,2024-06-27,0,1,2024-07-03,0,2024-07-15
465,13,5,2,6,1,789.81,789.81,2024-06-17,0,3,2024-07-04,0,2024-07-05
466,13,5,2,6,2,789.81,1579.62,2024-06-20,0,7,2024-06-30,0,2024-07-08
467,13,5,2,6,1,789.81,789.81,2024-07-03,0,7,,0,2024-07-21
468,13,10,2,6,1,789.81,789.81,2024-06-15,0,1,,1,2024-07-03
469,13,5,2,6,1,789.81,789.81,2024-06-28,0,2,,0,2024-07-16
470,13,5,2,6,2,789.81,1579.62,2024-07-03,0,4,,0,2024-07-21
471,13,6,2,6,5,789.81,3949.05,2024-06-28,0,7,,0,2024-07-17
472,13,5,2,6,1,789.81,789.81,2024-06-08,0,7,2024-06-12,0,2024-06-26
473,13,5,2,6,1,789.81,789.81,2024-06-09,0,2,2024-06-28,1,2024-06-27
474,13,6,2,6,2,789.81,1579.62,2024-06-11,0,2,,1,2024-06-30
475,13,6,2,6,2,789.81,1579.62,2024-06-24,1,5,,0,2024-07-13
476,13,10,2,6,1,789.81,789.81,2024-06-07,0,8,2024-06-24,0,2024-06-25
477,13,5,2,6,3,789.81,2369.43,2024-06-29,0,4,,0,2024-07-17
478,13,5,2,6,4,789.81,3159.24,2024-06-17,0,3,2024-06-24,0,2024-07-05
479,13,6,2,6,1,789.81,789.81,2024-07-02,0,2,,0,2024-07-21
480,13,5,2,6,1,789.81,789.81,2024-06-05,0,2,2024-06-14,0,2024-06-23
481,13,5,2,6,1,789.81,789.81,2024-06-07,1,4,2024-06-18,0,2024-06-25
482,13,6,2,6,2,789.81,1579.62,2024-06-14,1,2,2024-06-29,0,2024-07-03
483,13,6,2,6,3,789.81,2369.43,2024-06-25,1,2,,0,2024-07-14
484,13,6,2,6,1,789.81,789.81,2024-06-15,1,1,,1,2024-07-04
485,13,6,2,6,1,789.81,789.81,2024-06-22,0,2,,0,2024-07-11
486,13,6,2,6,1,789.81,789.81,2024-06-08,0,2,2024-06-22,0,2024-06-27
487,13,10,2,6,1,789.81,789.81,2024-06-13,0,7,2024-06-28,0,2024-07-01
488,13,5,2,6,2,789.81,1579.62,2024-06-07,0,2,2024-06-17,0,2024-06-25
489,13,5,2,6,1,789.81,789.81,2024-06-25,0,7,,0,2024-07-13
490,13,10,2,6,1,789.81,789.81,2024-06-18,0,2,2024-07-01,0,2024-07-06
491,13,10,2,6,1,789.81,789.81,2024-06-16,0,1,2024-06-26,0,2024-07-04
492,13,6,2,6,2,789.81,1579.62,2024-06-27,1,3,,0,2024-07-16
493,13,5,2,6,1,789.81,789.81,2024-07-01,1,2,,0,2024-07-19
494,13,5,2,6,1,789.81,789.81,2024-06-14,0,6,2024-06-23,0,2024-07-02
495,13,6,2,6,1,789.81,789.81,2024-06-14,0,6,2024-07-03,0,2024-07-03
496,13,6,2,6,2,789.81,1579.62,2024-06-29,0,8,,0,2024-07-18
497,13,6,2,6,2,789.81,1579.62,2024-06-26,1,2,,0,2024-07-15
498,13,6,2,6,2,789.81,1579.62,2024-07-04,0,2,,0,2024-07-23
499,13,10,2,6,1,789.81,789.81,2024-06-23,0,2,,0,2024-07-11
500,13,6,2,6,1,789.81,789.81,2024-06-26,0,2,,0,2024-07-15
501,13,5,2,6,2,789.81,1579.62,2024-06-25,0,2,2024-07-02,0,2024-07-13
502,13,6,2,6,1,789.81,789.81,2024-06-21,0,6,,0,2024-07-10
503,13,10,2,6,1,789.81,789.81,2024-06-19,0,7,2024-06-29,0,2024-07-07
504,13,6,2,6,1,789.81,789.81,2024-06-10,0,2,,1,2024-06-29
505,13,5,2,6,2,789.81,1579.62,2024-06-23,0,1,2024-07-05,0,2024-07-11
506,13,6,2,6,1,789.81,789.81,2024-07-03,0,1,,0,2024-07-22
507,13,5,2,6,1,789.81,789.81,2024-06-05,0,1,2024-06-21,0,2024-06-23
508,13,6,2,6,2,789.81,1579.62,2024-06-15,0,2,2024-06-23,0,2024-07-04
509,13,5,2,6,1,789.81,789.81,2024-06-26,1,5,2024-06-30,0,2024-07-14
510,13,10,2,6,1,789.81,789.81,2024-06-09,1,1,,1,2024-06-27
511,13,5,2,6,1,789.81,789.81,2024-06-22,0,2,2024-07-05,0,2024-07-10
512,13,6,2,6,1,789.81,789.81,2024-06-18,0,2,2024-06-24,0,2024-07-07
513,13,10,2,6,1,789.81,789.81,2024-07-02,0,1,,0,2024-07-20
514,13,6,2,6,1,789.81,789.81,2024-07-01,0,2,,0,2024-07-20
515,13,6,2,6,1,789.81,789.81,2024-06-16,0,5,2024-06-30,0,2024-07-05
516,13,10,2,6,1,789.81,789.81,2024-06-14,0,1,2024-06-23,0,2024-07-02
517,13,5,2,6,2,789.81,1579.62,2024-06-09,0,7,2024-06-26,0,2024-06-27
518,13,5,2,6,2,789.81,1579.62,2024-06-27,1,2,,0,2024-07-15
519,13,6,2,6,3,789.81,2369.43,2024-06-27,0,3,,0,2024-07-16
520,13,5,2,6,1,789.81,789.81,2024-07-04,0,7,,0,2024-07-22
521,13,5,2,6,1,789.81,789.81,2024-06-26,0,4,,0,2024-07-14
522,13,5,2,6,1,789.81,789.81,2024-06-15,0,7,2024-06-22,0,2024-07-03
523,14,6,2,7,1,789.81,789.81,2024-06-25,0,2,2024-07-02,0,2024-07-13
524,14,6,2,7,1,789.81,789.81,2024-06-29,0,6,,0,2024-07-17
525,14,10,2,7,1,789.81,789.81,2024-06-29,0,2,,0,2024-07-16
526,14,5,2,7,1,789.81,789.81,2024-06-08,0,2,2024-06-12,0,2024-06-19
527,14,10,2,7,3,789.81,2369.43,2024-06-18,1,8,,1,2024-07-05
528,14,6,2,7,2,789.81,1579.62,2024-06-14,0,4,,1,2024-07-02
529,14,10,2,7,1,789.81,789.81,2024-06-06,0,2,2024-06-23,0,2024-06-23
530,14,6,2,7,2,789.81,1579.62,2024-06-27,1,3,,0,2024-07-15
531,14,6,2,7,3,789.81,2369.43,2024-07-01,0,3,,0,2024-07-19
532,14,10,2,7,2,789.81,1579.62,2024-06-28,0,8,,0,2024-07-15
533,14,5,2,7,2,789.81,1579.62,2024-07-04,0,8,,0,2024-07-15
534,14,5,2,7,2,789.81,1579.62,2024-07-02,1,7,,0,2024-07-13
535,14,10,2,7,1,789.81,789.81,2024-07-02,0,7,,0,2024-07-19
536,14,6,2,7,1,789.81,789.81,2024-06-09,1,2,2024-07-04,1,2024-06-27
537,14,6,2,7,1,789.81,789.81,2024-06-14,0,2,2024-06-28,0,2024-07-02
538,14,6,2,7,2,789.81,1579.62,2024-06-15,1,1,,1,2024-07-03
539,14,5,2,7,1,789.81,789.81,2024-07-03,1,2,,0,2024-07-14
540,14,5,2,7,1,789.81,789.81,2024-06-24,0,8,2024-06-28,0,2024-07-05
541,14,10,2,7,1,789.81,789.81,2024-06-25,1,7,,0,2024-07-12
542,14,10,2,7,1,789.81,789.81,2024-06-26,0,5,,0,2024-07-13
543,14,5,2,7,1,789.81,789.81,2024-07-04,0,2,,0,2024-07-15
544,14,6,2,7,1,789.81,789.81,2024-07-02,0,7,,0,2024-07-20
545,14,6,2,7,2,789.81,1579.62,2024-06-07,0,4,2024-06-15,0,2024-06-25
546,14,10,2,7,1,789.81,789.81,2024-06-26,0,2,,0,2024-07-13
547,14,5,2,7,1,789.81,789.81,2024-07-03,0,7,,0,2024-07-14
548,14,6,2,7,1,789.81,789.81,2024-07-04,0,3,,0,2024-07-22
549,14,5,2,7,1,789.81,789.81,2024-06-10,0,1,2024-06-22,1,2024-06-21
550,14,10,2,7,1,789.81,789.81,2024-06-23,0,2,,0,2024-07-10
551,14,6,2,7,1,789.81,789.81,2024-06-28,0,2,,0,2024-07-16
552,14,10,2,7,1,789.81,789.81,2024-06-23,0,2,,0,2024-07-10
553,14,6,2,7,2,789.81,1579.62,2024-06-28,0,3,,0,2024-07-16
554,14,5,2,7,1,789.81,789.81,2024-07-01,0,1,,0,2024-07-12
555,14,6,2,7,1,789.81,789.81,2024-06-24,0,2,2024-07-02,0,2024-07-12
556,14,6,2,7,1,789.81,789.81,2024-06-06,0,2,,1,2024-06-24
557,14,6,2,7,1,789.81,789.81,2024-06-27,0,7,2024-07-05,0,2024-07-15
558,14,5,2,7,2,789.81,1579.62,2024-06-30,1,1,,0,2024-07-11
559,14,5,2,7,2,789.81,1579.62,2024-06-23,0,2,,1,2024-07-04
560,14,10,2,7,1,789.81,789.81,2024-06-23,0,2,,0,2024-07-10
561,14,6,2,7,2,789.81,1579.62,2024-06-13,0,2,2024-06-26,0,2024-07-01
562,14,6,2,7,2,789.81,1579.62,2024-06-09,0,2,2024-06-21,0,2024-06-27
563,15,10,3,1,2,863.12,1726.24,2024-06-16,0,8,,1,2024-06-30
564,15,5,3,1,1,863.12,863.12,2024-06-07,0,2,2024-06-25,1,2024-06-24
565,15,10,3,1,2,863.12,1726.24,2024-07-04,0,2,,0,2024-07-18
566,15,6,3,1,1,863.12,863.12,2024-06-23,0,1,,1,2024-07-05
567,15,10,3,1,4,863.12,3452.48,2024-06-18,0,3,2024-07-04,1,2024-07-02
568,15,5,3,1,1,863.12,863.12,2024-06-10,0,2,2024-06-19,0,2024-06-27
569,15,5,3,1,1,863.12,863.12,2024-06-24,0,2,2024-07-05,0,2024-07-11
570,15,6,3,1,2,863.12,1726.24,2024-07-01,0,2,,0,2024-07-13
571,15,6,3,1,2,863.12,1726.24,2024-06-28,0,3,,0,2024-07-10
572,15,5,3,1,3,863.12,2589.36,2024-06-11,0,2,,1,2024-06-28
573,15,5,3,1,2,863.12,1726.24,2024-06-19,1,3,,0,2024-07-06
574,15,10,3,1,1,863.12,863.12,2024-06-20,0,3,2024-07-01,0,2024-07-04
575,15,5,3,1,2,863.12,1726.24,2024-06-27,1,2,,0,2024-07-14
576,15,10,3,1,2,863.12,1726.24,2024-07-03,0,1,,0,2024-07-17
577,15,5,3,1,1,863.12,863.12,2024-06-05,0,8,,1,2024-06-22
578,15,5,3,1,2,863.12,1726.24,2024-06-25,1,2,,0,2024-07-12
579,15,5,3,1,1,863.12,863.12,2024-06-23,0,2,,0,2024-07-10
580,15,10,3,1,4,863.12,3452.48,2024-07-02,1,3,,0,2024-07-16
581,15,6,3,1,2,863.12,1726.24,2024-06-15,0,8,2024-06-21,0,2024-06-27
582,15,6,3,1,2,863.12,1726.24,2024-06-21,0,4,,1,2024-07-03
583,15,6,3,1,4,863.12,3452.48,2024-06-30,0,7,,0,2024-07-12
584,15,10,3,1,3,863.12,2589.36,2024-06-12,0,1,2024-06-23,0,2024-06-26
585,15,10,3,1,1,863.12,863.12,2024-06-06,0,6,2024-06-18,0,2024-06-20
586,15,10,3,1,1,863.12,863.12,2024-07-01,0,1,,0,2024-07-15
587,15,5,3,1,3,863.12,2589.36,2024-06-28,0,2,,0,2024-07-15
588,15,5,3,1,2,863.12,1726.24,2024-06-18,0,6,2024-06-29,0,2024-07-05
589,15,10,3,1,2,863.12,1726.24,2024-06-07,0,3,2024-06-17,0,2024-06-21
590,15,5,3,1,1,863.12,863.12,2024-06-05,0,2,2024-06-16,0,2024-06-22
591,15,10,3,1,2,863.12,1726.24,2024-06-30,0,2,,0,2024-07-14
592,15,10,3,1,6,863.12,5178.72,2024-06-13,0,2,,1,2024-06-27
593,15,10,3,1,2,863.12,1726.24,2024-06-30,0,3,,0,2024-07-14
594,15,5,3,1,1,863.12,863.12,2024-06-12,0,2,2024-06-17,0,2024-06-29
595,15,6,3,1,1,863.12,863.12,2024-06-06,0,1,2024-06-19,1,2024-06-18
596,15,5,3,1,1,863.12,863.12,2024-06-07,0,6,2024-06-12,0,2024-06-24
597,15,5,3,1,2,863.12,1726.24,2024-06-07,0,2,2024-06-23,0,2024-06-24
598,15,6,3,1,1,863.12,863.12,2024-06-21,0,2,2024-06-28,0,2024-07-03
599,15,6,3,1,1,863.12,863.12,2024-06-08,0,1,2024-06-17,0,2024-06-20
600,15,10,3,1,1,863.12,863.12,2024-06-24,0,7,,0,2024-07-08
601,15,10,3,1,1,863.12,863.12,2024-06-14,0,3,2024-06-22,0,2024-06-28
602,15,10,3,1,1,863.12,863.12,2024-07-03,0,1,,0,2024-07-17
603,16,5,3,2,1,863.12,863.12,2024-06-05,0,8,2024-06-17,0,2024-06-24
604,16,5,3,2,2,863.12,1726.24,2024-06-16,1,8,2024-06-29,0,2024-07-05
605,16,10,3,2,3,863.12,2589.36,2024-06-13,0,2,2024-06-25,0,2024-06-29
606,16,10,3,2,1,863.12,863.12,2024-06-12,1,3,,1,2024-06-28
607,16,6,3,2,1,863.12,863.12,2024-06-10,1,2,,1,2024-06-26
608,16,5,3,2,1,863.12,863.12,2024-06-30,0,1,,0,2024-07-19
609,16,6,3,2,1,863.12,863.12,2024-07-01,0,5,2024-07-05,0,2024-07-17
610,16,10,3,2,2,863.12,1726.24,2024-06-09,0,8,2024-06-18,0,2024-06-25
611,16,10,3,2,1,863.12,863.12,2024-06-16,0,1,2024-06-28,0,2024-07-02
612,16,6,3,2,3,863.12,2589.36,2024-06-23,0,8,2024-07-01,0,2024-07-09
613,16,10,3,2,1,863.12,863.12,2024-06-06,0,8,2024-06-23,1,2024-06-22
614,16,6,3,2,1,863.12,863.12,2024-06-10,1,8,,1,2024-06-26
615,16,6,3,2,1,863.12,863.12,2024-06-07,0,8,2024-06-15,0,2024-06-23
616,16,5,3,2,1,863.12,863.12,2024-06-08,0,7,2024-06-19,0,2024-06-27
617,16,5,3,2,1,863.12,863.12,2024-06-22,0,4,,0,2024-07-11
618,16,6,3,2,1,863.12,863.12,2024-06-30,0,1,,0,2024-07-16
619,16,6,3,2,1,863.12,863.12,2024-06-26,0,6,,0,2024-07-12
620,16,5,3,2,2,863.12,1726.24,2024-06-29,1,6,,0,2024-07-18
621,16,5,3,2,1,863.12,863.12,2024-06-29,0,8,,0,2024-07-18
622,16,5,3,2,1,863.12,863.12,2024-06-14,1,7,2024-06-29,0,2024-07-03
623,16,6,3,2,1,863.12,863.12,2024-06-21,0,1,2024-07-03,0,2024-07-07
624,16,10,3,2,1,863.12,863.12,2024-06-07,0,7,2024-06-21,0,2024-06-23
625,16,6,3,2,1,863.12,863.12,2024-06-13,0,1,,1,2024-06-29
626,16,10,3,2,1,863.12,863.12,2024-06-13,0,7,2024-06-28,0,2024-06-29
627,16,10,3,2,2,863.12,1726.24,2024-06-29,0,7,2024-07-03,0,2024-07-15
628,16,10,3,2,1,863.12,863.12,2024-06-28,0,8,,0,2024-07-14
629,16,5,3,2,2,863.12,1726.24,2024-06-08,0,1,2024-06-21,0,2024-06-27
630,16,10,3,2,2,863.12,1726.24,2024-06-20,0,2,2024-06-28,0,2024-07-06
631,16,10,3,2,1,863.12,863.12,2024-06-17,0,8,2024-06-19,0,2024-07-03
632,16,5,3,2,8,863.12,6904.96,2024-07-01,1,7,,0,2024-07-20
633,16,10,3,2,2,863.12,1726.24,2024-06-21,0,6,2024-07-01,0,2024-07-07
634,16,6,3,2,2,863.12,1726.24,2024-06-25,1,7,,0,2024-07-11
635,16,6,3,2,1,863.12,863.12,2024-06-30,0,8,,0,2024-07-16
636,16,5,3,2,1,863.12,863.12,2024-06-24,0,7,2024-07-02,0,2024-07-13
637,16,6,3,2,1,863.12,863.12,2024-07-04,0,1,,0,2024-07-20
638,16,6,3,2,2,863.12,1726.24,2024-06-05,0,7,2024-06-21,0,2024-06-21
639,16,10,3,2,1,863.12,863.12,2024-06-27,0,8,,0,2024-07-13
640,16,6,3,2,2,863.12,1726.24,2024-06-15,1,8,2024-06-29,0,2024-07-01
641,16,5,3,2,1,863.12,863.12,2024-07-02,0,2,,0,2024-07-21
642,16,10,3,2,1,863.12,863.12,2024-06-11,0,4,2024-06-20,0,2024-06-27
643,16,10,3,2,1,863.12,863.12,2024-06-15,1,2,2024-06-21,0,2024-07-01
644,16,5,3,2,1,863.12,863.12,2024-06-13,0,7,2024-06-21,0,2024-07-02
645,16,5,3,2,1,863.12,863.12,2024-06-08,1,8,2024-06-27,0,2024-06-27
646,16,6,3,2,2,863.12,1726.24,2024-06-22,0,2,,0,2024-07-08
647,16,6,3,2,1,863.12,863.12,2024-06-12,0,8,2024-06-26,0,2024-06-28
648,16,5,3,2,1,863.12,863.12,2024-06-15,0,8,2024-06-25,0,2024-07-04
649,16,6,3,2,1,863.12,863.12,2024-06-05,0,1,2024-06-20,0,2024-06-21
650,16,10,3,2,1,863.12,863.12,2024-06-07,0,8,2024-06-19,0,2024-06-23
651,16,5,3,2,2,863.12,1726.24,2024-06-06,0,1,,1,2024-06-25
652,16,10,3,2,1,863.12,863.12,2024-06-10,1,8,2024-06-21,0,2024-06-26
653,16,5,3,2,3,863.12,2589.36,2024-06-22,0,8,2024-07-05,0,2024-07-11
654,16,10,3,2,1,863.12,863.12,2024-06-20,1,7,2024-06-26,0,2024-07-06
655,16,10,3,2,1,863.12,863.12,2024-06-13,0,7,2024-06-29,0,2024-06-29
656,16,6,3,2,2,863.12,1726.24,2024-06-21,0,8,,0,2024-07-07
657,16,5,3,2,1,863.12,863.12,2024-06-06,1,7,2024-06-24,0,2024-06-25
658,16,5,3,2,1,863.12,863.12,2024-06-14,0,1,2024-07-04,1,2024-07-03
659,16,10,3,2,1,863.12,863.12,2024-06-21,1,7,,0,2024-07-07
660,16,6,3,2,2,863.12,1726.24,2024-07-02,0,8,,0,2024-07-18
661,16,10,3,2,2,863.12,1726.24,2024-06-18,1,7,,1,2024-07-04
662,16,6,3,2,1,863.12,863.12,2024-06-09,0,8,2024-06-20,0,2024-06-25
663,16,10,3,2,1,863.12,863.12,2024-06-15,1,1,2024-06-26,0,2024-07-01
664,16,5,3,2,1,863.12,863.12,2024-06-22,1,8,2024-06-30,0,2024-07-11
665,16,6,3,2,1,863.12,863.12,2024-07-02,0,8,,0,2024-07-18
666,16,5,3,2,1,863.12,863.12,2024-06-28,0,1,2024-07-05,0,2024-07-17
667,16,6,3,2,2,863.12,1726.24,2024-06-27,1,8,,0,2024-07-13
668,16,6,3,2,3,863.12,2589.36,2024-06-13,0,4,2024-06-19,0,2024-06-29
669,16,6,3,2,2,863.12,1726.24,2024-07-02,0,8,,0,2024-07-18
670,16,6,3,2,1,863.12,863.12,2024-07-01,1,7,,0,2024-07-17
671,16,5,3,2,1,863.12,863.12,2024-07-02,0,2,,0,2024-07-21
672,16,5,3,2,1,863.12,863.12,2024-06-11,0,8,,1,2024-06-30
673,16,5,3,2,1,863.12,863.12,2024-07-04,0,5,,0,2024-07-23
674,16,10,3,2,1,863.12,863.12,2024-06-25,1,8,,0,2024-07-11
675,17,5,3,3,2,863.12,1726.24,2024-06-07,0,7,,1,2024-06-24
676,17,6,3,3,2,863.12,1726.24,2024-06-08,0,2,2024-06-24,0,2024-06-27
677,17,5,3,3,5,863.12,4315.6,2024-06-06,1,2,,1,2024-06-23
678,17,5,3,3,1,863.12,863.12,2024-06-14,1,7,,1,2024-07-01
679,17,10,3,3,1,863.12,863.12,2024-06-23,0,8,,0,2024-07-14
680,17,10,3,3,1,863.12,863.12,2024-06-09,0,7,2024-06-25,0,2024-06-30
681,17,5,3,3,1,863.12,863.12,2024-06-10,1,2,2024-06-27,0,2024-06-27
682,17,6,3,3,1,863.12,863.12,2024-06-22,0,7,,0,2024-07-11
683,17,5,3,3,1,863.12,863.12,2024-06-26,0,1,2024-07-02,0,2024-07-13
684,17,6,3,3,1,863.12,863.12,2024-07-03,0,2,,0,2024-07-22
685,17,10,3,3,1,863.12,863.12,2024-06-26,0,2,,0,2024-07-17
686,17,5,3,3,1,863.12,863.12,2024-06-11,0,6,2024-06-28,0,2024-06-28
687,17,5,3,3,5,863.12,4315.6,2024-06-08,0,1,2024-06-24,0,2024-06-25
688,17,10,3,3,1,863.12,863.12,2024-06-08,0,1,2024-06-27,0,2024-06-29
689,17,6,3,3,2,863.12,1726.24,2024-06-14,1,1,,1,2024-07-03
690,17,10,3,3,2,863.12,1726.24,2024-06-05,0,2,2024-06-26,0,2024-06-26
691,17,6,3,3,1,863.12,863.12,2024-06-16,0,7,2024-07-03,0,2024-07-05
692,17,6,3,3,2,863.12,1726.24,2024-06-29,1,1,,0,2024-07-18
693,17,6,3,3,1,863.12,863.12,2024-06-21,1,2,,0,2024-07-10
694,17,5,3,3,1,863.12,863.12,2024-06-06,0,7,2024-06-13,0,2024-06-23
695,17,5,3,3,1,863.12,863.12,2024-07-02,1,2,,0,2024-07-19
696,17,6,3,3,1,863.12,863.12,2024-06-07,0,1,2024-06-28,1,2024-06-26
697,17,6,3,3,1,863.12,863.12,2024-06-25,0,7,,0,2024-07-14
698,17,10,3,3,1,863.12,863.12,2024-07-02,0,7,,0,2024-07-23
699,17,5,3,3,3,863.12,2589.36,2024-06-23,0,8,,0,2024-07-10
700,17,5,3,3,2,863.12,1726.24,2024-07-02,0,1,,0,2024-07-19
701,17,6,3,3,3,863.12,2589.36,2024-06-25,1,3,,0,2024-07-14
702,17,6,3,3,3,863.12,2589.36,2024-06-10,0,1,2024-06-19,0,2024-06-29
703,17,5,3,3,2,863.12,1726.24,2024-06-21,0,2,,0,2024-07-08
704,17,5,3,3,1,863.12,863.12,2024-07-02,0,1,,0,2024-07-19
705,17,10,3,3,1,863.12,863.12,2024-07-03,1,2,,0,2024-07-24
706,17,10,3,3,1,863.12,863.12,2024-06-22,1,2,2024-06-28,0,2024-07-13
707,17,5,3,3,1,863.12,863.12,2024-06-08,0,2,2024-06-14,0,2024-06-25
708,17,10,3,3,1,863.12,863.12,2024-06-25,0,4,,0,2024-07-16
709,17,6,3,3,1,863.12,863.12,2024-06-10,1,2,2024-06-24,0,2024-06-29
710,17,6,3,3,1,863.12,863.12,2024-06-23,0,2,2024-07-02,0,2024-07-12
711,17,5,3,3,1,863.12,863.12,2024-06-30,0,1,,0,2024-07-17
712,17,5,3,3,2,863.12,1726.24,2024-06-20,0,2,,0,2024-07-07
713,17,10,3,3,1,863.12,863.12,2024-07-04,1,6,,0,2024-07-25
714,17,10,3,3,1,863.12,863.12,2024-06-15,0,1,,0,2024-07-06
715,17,10,3,3,1,863.12,863.12,2024-06-18,0,2,2024-07-02,0,2024-07-09
716,17,5,3,3,2,863.12,1726.24,2024-06-15,0,7,2024-06-23,0,2024-07-02
717,17,5,3,3,1,863.12,863.12,2024-06-30,1,6,,0,2024-07-17
718,17,10,3,3,4,863.12,3452.48,2024-06-07,0,2,,1,2024-06-28
719,17,5,3,3,1,863.12,863.12,2024-06-18,0,2,2024-07-01,0,2024-07-05
720,17,5,3,3,1,863.12,863.12,2024-06-21,0,2,2024-07-01,0,2024-07-08
721,17,10,3,3,1,863.12,863.12,2024-07-03,0,1,,0,2024-07-24
722,17,6,3,3,2,863.12,1726.24,2024-06-11,1,3,2024-06-27,0,2024-06-30
723,17,5,3,3,1,863.12,863.12,2024-06-25,0,3,,0,2024-07-12
724,18,5,3,4,4,863.12,3452.48,2024-06-21,0,6,2024-07-01,0,2024-07-06
725,18,5,3,4,1,863.12,863.12,2024-06-06,1,8,2024-06-18,0,2024-06-21
726,18,10,3,4,4,863.12,3452.48,2024-06-12,0,1,2024-06-27,0,2024-07-01
727,18,5,3,4,1,863.12,863.12,2024-06-07,0,1,2024-06-19,0,2024-06-22
728,18,5,3,4,1,863.12,863.12,2024-06-18,0,1,2024-06-30,0,2024-07-03
729,18,5,3,4,1,863.12,863.12,2024-06-26,0,2,,0,2024-07-11
730,18,5,3,4,1,863.12,863.12,2024-06-24,0,2,,0,2024-07-09
731,18,5,3,4,3,863.12,2589.36,2024-06-17,0,6,2024-07-04,1,2024-07-02
732,18,5,3,4,5,863.12,4315.6,2024-06-17,0,7,,1,2024-07-02
733,18,5,3,4,1,863.12,863.12,2024-06-28,0,3,,0,2024-07-13
734,18,10,3,4,3,863.12,2589.36,2024-06-10,0,1,2024-06-30,1,2024-06-29
735,18,10,3,4,7,863.12,6041.84,2024-06-24,0,2,,0,2024-07-13
736,18,5,3,4,1,863.12,863.12,2024-06-08,0,3,2024-06-16,0,2024-06-23
737,18,6,3,4,4,863.12,3452.48,2024-06-17,0,1,2024-06-30,0,2024-06-30
738,18,10,3,4,3,863.12,2589.36,2024-06-09,0,1,2024-06-25,0,2024-06-28
739,18,6,3,4,1,863.12,863.12,2024-06-24,1,1,,0,2024-07-07
740,18,5,3,4,4,863.12,3452.48,2024-07-01,0,2,,0,2024-07-16
741,18,5,3,4,2,863.12,1726.24,2024-06-28,0,2,,0,2024-07-13
742,18,6,3,4,3,863.12,2589.36,2024-07-01,0,3,,0,2024-07-14
743,18,5,3,4,3,863.12,2589.36,2024-06-22,1,6,,0,2024-07-07
744,18,5,3,4,11,863.12,9494.32,2024-07-02,0,1,,0,2024-07-17
745,18,10,3,4,6,863.12,5178.72,2024-06-18,0,1,,0,2024-07-07
746,18,6,3,4,5,863.12,4315.6,2024-06-06,1,3,2024-06-18,0,2024-06-19
747,18,5,3,4,1,863.12,863.12,2024-06-30,0,2,,0,2024-07-15
748,18,10,3,4,7,863.12,6041.84,2024-07-02,0,5,,0,2024-07-21
749,18,10,3,4,3,863.12,2589.36,2024-06-19,0,2,2024-07-02,0,2024-07-08
750,19,6,3,5,21,863.12,18125.52,2024-06-13,0,8,2024-06-25,0,2024-06-25
751,19,10,3,5,20,863.12,17262.4,2024-06-24,1,2,,0,2024-10-02
752,20,5,3,6,1,863.12,863.12,2024-06-10,0,2,2024-06-28,1,2024-06-27
753,20,5,3,6,1,863.12,863.12,2024-06-14,0,5,2024-06-29,0,2024-07-01
754,20,5,3,6,1,863.12,863.12,2024-06-25,0,1,2024-06-27,0,2024-07-12
755,20,5,3,6,2,863.12,1726.24,2024-06-25,0,2,,0,2024-07-12
756,20,6,3,6,1,863.12,863.12,2024-06-22,0,3,,1,2024-07-04
757,20,6,3,6,1,863.12,863.12,2024-07-02,0,1,,0,2024-07-14
758,20,6,3,6,1,863.12,863.12,2024-06-16,0,3,2024-06-28,0,2024-06-28
759,20,5,3,6,1,863.12,863.12,2024-06-06,0,1,2024-06-14,0,2024-06-23
760,20,5,3,6,1,863.12,863.12,2024-06-12,0,2,,1,2024-06-29
761,20,5,3,6,1,863.12,863.12,2024-07-01,0,2,,0,2024-07-18
762,20,10,3,6,1,863.12,863.12,2024-06-07,1,7,2024-06-15,0,2024-06-20
763,20,5,3,6,1,863.12,863.12,2024-06-10,0,2,2024-06-18,0,2024-06-27
764,20,6,3,6,1,863.12,863.12,2024-06-23,0,2,,1,2024-07-05
765,20,5,3,6,1,863.12,863.12,2024-06-18,0,2,,1,2024-07-05
766,20,6,3,6,1,863.12,863.12,2024-06-30,0,1,,0,2024-07-12
767,20,10,3,6,1,863.12,863.12,2024-06-13,0,1,2024-06-21,0,2024-06-26
768,20,6,3,6,1,863.12,863.12,2024-06-18,1,2,,1,2024-06-30
769,20,6,3,6,1,863.12,863.12,2024-06-29,0,6,,0,2024-07-11
770,20,6,3,6,1,863.12,863.12,2024-06-19,0,1,,1,2024-07-01
771,20,5,3,6,1,863.12,863.12,2024-06-13,1,3,2024-06-23,0,2024-06-30
772,20,5,3,6,1,863.12,863.12,2024-06-10,0,1,2024-06-25,0,2024-06-27
773,20,6,3,6,1,863.12,863.12,2024-07-03,0,2,,0,2024-07-15
774,20,10,3,6,1,863.12,863.12,2024-07-04,0,2,,0,2024-07-17
775,20,10,3,6,1,863.12,863.12,2024-06-07,0,4,2024-06-22,1,2024-06-20
776,20,10,3,6,1,863.12,863.12,2024-06-14,1,2,2024-06-17,0,2024-06-27
777,21,6,3,7,4,863.12,3452.48,2024-06-15,0,2,,1,2024-07-03
778,21,6,3,7,1,863.12,863.12,2024-06-09,0,2,2024-06-14,0,2024-06-27
779,21,5,3,7,1,863.12,863.12,2024-06-07,0,2,2024-06-28,1,2024-06-24
780,21,6,3,7,1,863.12,863.12,2024-06-10,0,4,2024-06-21,0,2024-06-28
781,21,6,3,7,1,863.12,863.12,2024-06-17,0,1,2024-07-05,0,2024-07-05
782,21,6,3,7,2,863.12,1726.24,2024-06-21,0,2,,0,2024-07-09
783,21,5,3,7,1,863.12,863.12,2024-06-30,0,4,,0,2024-07-17
784,21,6,3,7,1,863.12,863.12,2024-06-27,1,2,,0,2024-07-15
785,21,10,3,7,1,863.12,863.12,2024-06-30,0,8,,0,2024-07-19
786,21,10,3,7,1,863.12,863.12,2024-06-19,0,3,2024-07-03,0,2024-07-08
787,21,10,3,7,2,863.12,1726.24,2024-06-17,0,3,2024-07-02,0,2024-07-06
788,21,6,3,7,1,863.12,863.12,2024-06-30,0,2,2024-07-05,0,2024-07-18
789,21,10,3,7,1,863.12,863.12,2024-06-28,0,2,,0,2024-07-17
790,21,10,3,7,2,863.12,1726.24,2024-06-16,0,1,2024-07-04,0,2024-07-05
791,21,6,3,7,1,863.12,863.12,2024-06-10,0,2,2024-06-25,0,2024-06-28
792,21,5,3,7,1,863.12,863.12,2024-06-06,0,5,2024-06-13,0,2024-06-23
793,21,6,3,7,1,863.12,863.12,2024-06-29,0,1,,0,2024-07-17
794,21,6,3,7,2,863.12,1726.24,2024-06-13,0,2,2024-06-30,0,2024-07-01
795,21,10,3,7,1,863.12,863.12,2024-06-06,1,2,,1,2024-06-25
796,21,10,3,7,1,863.12,863.12,2024-06-12,0,1,2024-06-27,0,2024-07-01
797,21,10,3,7,1,863.12,863.12,2024-07-01,0,2,,0,2024-07-20
798,21,6,3,7,1,863.12,863.12,2024-07-02,1,2,,0,2024-07-20
799,21,6,3,7,1,863.12,863.12,2024-06-06,0,1,,1,2024-06-24
800,21,5,3,7,1,863.12,863.12,2024-06-17,0,3,,1,2024-07-04
801,21,10,3,7,1,863.12,863.12,2024-06-07,0,1,,1,2024-06-26
802,21,5,3,7,3,863.12,2589.36,2024-06-05,0,2,2024-06-22,0,2024-06-22
803,21,6,3,7,1,863.12,863.12,2024-06-26,0,4,,0,2024-07-14
804,21,5,3,7,1,863.12,863.12,2024-06-12,0,2,2024-06-20,0,2024-06-29
805,21,6,3,7,2,863.12,1726.24,2024-07-03,0,2,,0,2024-07-21
806,21,5,3,7,1,863.12,863.12,2024-06-20,0,7,,0,2024-07-07
807,21,5,3,7,1,863.12,863.12,2024-06-14,0,4,2024-06-25,0,2024-07-01
808,21,10,3,7,1,863.12,863.12,2024-06-20,0,6,,0,2024-07-09
809,21,5,3,7,1,863.12,863.12,2024-06-17,0,8,2024-07-03,0,2024-07-04
810,21,5,3,7,1,863.12,863.12,2024-06-08,1,8,,1,2024-06-25
811,21,10,3,7,1,863.12,863.12,2024-06-07,0,1,2024-06-27,1,2024-06-26
812,21,5,3,7,1,863.12,863.12,2024-06-18,0,4,2024-06-30,0,2024-07-05
813,21,5,3,7,1,863.12,863.12,2024-06-22,1,3,,0,2024-07-09
814,21,10,3,7,2,863.12,1726.24,2024-06-29,0,7,,0,2024-07-18
815,21,5,3,7,2,863.12,1726.24,2024-06-29,0,3,,0,2024-07-16
816,21,6,3,7,1,863.12,863.12,2024-06-29,0,1,2024-07-02,0,2024-07-17
817,21,5,3,7,2,863.12,1726.24,2024-07-03,1,7,,0,2024-07-20
818,21,5,3,7,1,863.12,863.12,2024-06-16,0,8,2024-06-27,0,2024-07-03
819,21,10,3,7,1,863.12,863.12,2024-06-28,0,8,,0,2024-07-17
820,21,10,3,7,2,863.12,1726.24,2024-06-24,0,1,2024-07-05,0,2024-07-13
821,21,6,3,7,1,863.12,863.12,2024-06-13,1,2,,1,2024-07-01
822,21,5,3,7,1,863.12,863.12,2024-06-24,0,1,,0,2024-07-11
823,21,6,3,7,1,863.12,863.12,2024-06-30,0,2,,0,2024-07-18
824,21,10,3,7,2,863.12,1726.24,2024-07-02,0,2,,0,2024-07-21
825,21,10,3,7,1,863.12,863.12,2024-06-23,0,3,2024-06-29,0,2024-07-12
826,21,5,3,7,1,863.12,863.12,2024-06-16,0,1,2024-07-01,0,2024-07-03
827,21,10,3,7,2,863.12,1726.24,2024-06-26,0,2,,0,2024-07-15
828,21,10,3,7,1,863.12,863.12,2024-07-03,0,2,,0,2024-07-22
829,21,10,3,7,1,863.12,863.12,2024-06-18,0,2,,0,2024-07-07
830,21,6,3,7,2,863.12,1726.24,2024-06-24,1,3,,0,2024-07-12
831,21,10,3,7,1,863.12,863.12,2024-06-25,0,3,,0,2024-07-14
832,21,5,3,7,1,863.12,863.12,2024-07-03,0,7,,0,2024-07-20
833,21,5,3,7,1,863.12,863.12,2024-06-30,0,6,,0,2024-07-17
834,21,6,3,7,1,863.12,863.12,2024-06-09,0,2,2024-06-21,0,2024-06-27
835,21,10,3,7,1,863.12,863.12,2024-06-17,1,2,,0,2024-07-06
836,21,6,3,7,1,863.12,863.12,2024-06-14,1,1,,1,2024-07-02
837,21,10,3,7,1,863.12,863.12,2024-06-12,0,2,,1,2024-07-01
838,21,6,3,7,1,863.12,863.12,2024-07-01,0,7,,0,2024-07-19
839,21,6,3,7,2,863.12,1726.24,2024-07-01,0,8,,0,2024-07-19
840,21,5,3,7,1,863.12,863.12,2024-07-04,0,2,,0,2024-07-21
841,21,10,3,7,1,863.12,863.12,2024-06-11,0,7,2024-06-15,0,2024-06-30
842,21,5,3,7,1,863.12,863.12,2024-06-08,0,8,2024-06-25,0,2024-06-25
843,21,6,3,7,1,863.12,863.12,2024-06-24,0,2,,0,2024-07-12
844,21,6,3,7,1,863.12,863.12,2024-06-12,0,2,,1,2024-06-30
845,21,5,3,7,2,863.12,1726.24,2024-06-26,1,2,,0,2024-07-13
846,21,5,3,7,1,863.12,863.12,2024-06-15,1,1,2024-06-24,0,2024-07-02
847,21,10,3,7,1,863.12,863.12,2024-06-25,0,5,,0,2024-07-14
848,21,10,3,7,1,863.12,863.12,2024-06-16,0,1,2024-06-26,0,2024-07-05
849,21,5,3,7,1,863.12,863.12,2024-06-05,0,6,,1,2024-06-22
850,22,8,4,1,3,959.39,2878.17,2024-06-27,0,7,,0,2024-10-05
851,22,10,4,1,2,959.39,1918.78,2024-06-12,0,2,2024-06-24,0,2024-06-26
852,22,2,4,1,1,959.39,959.39,2024-06-09,1,4,,1,2024-06-23
853,22,10,4,1,4,959.39,3837.56,2024-07-02,1,2,,0,2024-07-16
854,22,2,4,1,2,959.39,1918.78,2024-06-07,1,1,,1,2024-06-21
855,22,3,4,1,3,959.39,2878.17,2024-06-23,0,7,2024-07-02,0,2024-07-05
856,22,2,4,1,2,959.39,1918.78,2024-06-19,0,2,2024-06-27,0,2024-07-03
857,22,2,4,1,2,959.39,1918.78,2024-06-05,0,2,2024-06-20,1,2024-06-19
858,22,8,4,1,1,959.39,959.39,2024-06-30,0,1,,0,2024-10-08
859,22,2,4,1,1,959.39,959.39,2024-06-20,1,8,2024-06-28,0,2024-07-04
860,22,3,4,1,2,959.39,1918.78,2024-06-19,0,5,,1,2024-07-01
861,22,10,4,1,3,959.39,2878.17,2024-07-03,0,1,,0,2024-07-17
862,22,3,4,1,1,959.39,959.39,2024-06-21,0,3,,1,2024-07-03
863,22,8,4,1,1,959.39,959.39,2024-06-26,0,8,,0,2024-10-04
864,22,2,4,1,1,959.39,959.39,2024-06-22,1,6,,0,2024-07-06
865,22,10,4,1,1,959.39,959.39,2024-06-11,0,4,2024-06-25,0,2024-06-25
866,22,8,4,1,1,959.39,959.39,2024-07-01,0,1,,0,2024-10-09
867,22,2,4,1,1,959.39,959.39,2024-07-01,0,3,,0,2024-07-15
868,22,3,4,1,1,959.39,959.39,2024-06-23,0,6,,1,2024-07-05
869,22,3,4,1,4,959.39,3837.56,2024-06-16,0,2,2024-06-28,0,2024-06-28
870,22,10,4,1,3,959.39,2878.17,2024-06-24,0,2,2024-07-02,0,2024-07-08
871,22,3,4,1,3,959.39,2878.17,2024-06-29,0,2,,0,2024-07-11
872,23,3,4,2,1,959.39,959.39,2024-07-03,0,8,,0,2024-07-24
873,23,8,4,2,3,959.39,2878.17,2024-06-19,1,7,2024-06-26,0,2024-07-12
874,23,8,4,2,3,959.39,2878.17,2024-06-30,0,6,,0,2024-07-23
875,23,8,4,2,1,959.39,959.39,2024-06-20,0,7,2024-07-03,0,2024-07-13
876,23,3,4,2,2,959.39,1918.78,2024-06-08,1,8,,1,2024-06-29
877,23,2,4,2,2,959.39,1918.78,2024-06-11,0,7,,1,2024-07-03
878,23,10,4,2,1,959.39,959.39,2024-06-14,0,8,2024-06-16,0,2024-06-28
879,23,8,4,2,1,959.39,959.39,2024-06-16,0,7,,0,2024-07-09
880,23,3,4,2,1,959.39,959.39,2024-06-16,0,8,2024-07-02,0,2024-07-07
881,23,8,4,2,1,959.39,959.39,2024-07-04,0,4,,0,2024-07-27
882,23,3,4,2,3,959.39,2878.17,2024-06-27,0,8,,0,2024-07-18
883,23,8,4,2,2,959.39,1918.78,2024-06-13,0,1,2024-06-21,0,2024-07-06
884,23,2,4,2,4,959.39,3837.56,2024-06-09,1,4,,1,2024-07-01
885,23,2,4,2,1,959.39,959.39,2024-06-08,0,6,2024-06-19,0,2024-06-30
886,23,10,4,2,6,959.39,5756.34,2024-06-18,0,8,2024-07-03,1,2024-07-02
887,23,10,4,2,2,959.39,1918.78,2024-06-10,0,8,2024-06-20,0,2024-06-24
888,23,8,4,2,3,959.39,2878.17,2024-06-07,0,1,2024-06-24,0,2024-06-30
889,23,8,4,2,2,959.39,1918.78,2024-06-09,1,6,2024-07-03,1,2024-07-02
890,23,3,4,2,1,959.39,959.39,2024-06-11,0,8,2024-06-25,0,2024-07-02
891,23,3,4,2,2,959.39,1918.78,2024-06-20,1,7,,0,2024-07-11
892,23,3,4,2,1,959.39,959.39,2024-06-21,0,8,2024-06-28,0,2024-07-12
893,23,3,4,2,1,959.39,959.39,2024-06-12,0,8,2024-06-25,0,2024-07-03
894,23,3,4,2,5,959.39,4796.95,2024-06-05,0,7,2024-06-28,1,2024-06-26
895,23,8,4,2,1,959.39,959.39,2024-06-08,0,8,2024-06-29,0,2024-07-01
896,23,2,4,2,3,959.39,2878.17,2024-06-05,1,8,2024-06-30,1,2024-06-27
897,23,10,4,2,1,959.39,959.39,2024-06-27,0,7,,0,2024-07-11
898,23,2,4,2,3,959.39,2878.17,2024-06-06,0,8,2024-06-18,0,2024-06-28
899,23,2,4,2,2,959.39,1918.78,2024-06-06,0,6,2024-06-21,0,2024-06-28
900,23,10,4,2,3,959.39,2878.17,2024-06-21,1,7,,1,2024-07-05
901,24,2,4,3,2,959.39,1918.78,2024-06-15,0,2,2024-07-01,0,2024-07-07
902,24,3,4,3,1,959.39,959.39,2024-06-05,1,7,,1,2024-06-22
903,24,2,4,3,1,959.39,959.39,2024-07-04,0,2,,0,2024-07-26
904,24,10,4,3,1,959.39,959.39,2024-06-07,0,2,2024-06-15,0,2024-06-15
905,24,3,4,3,1,959.39,959.39,2024-06-14,1,7,,1,2024-07-01
906,24,2,4,3,1,959.39,959.39,2024-06-25,0,3,2024-07-02,0,2024-07-17
907,24,2,4,3,1,959.39,959.39,2024-06-05,1,1,2024-07-04,1,2024-06-27
908,24,8,4,3,1,959.39,959.39,2024-06-25,0,2,,0,2024-07-12
909,24,8,4,3,1,959.39,959.39,2024-06-11,0,3,2024-06-28,0,2024-06-28
910,24,3,4,3,1,959.39,959.39,2024-06-29,0,2,,0,2024-07-16
911,24,3,4,3,1,959.39,959.39,2024-06-07,0,1,2024-06-23,0,2024-06-24
912,24,2,4,3,2,959.39,1918.78,2024-06-17,0,3,2024-07-02,0,2024-07-09
913,24,2,4,3,1,959.39,959.39,2024-06-29,0,2,,0,2024-07-21
914,24,3,4,3,1,959.39,959.39,2024-06-08,0,1,2024-06-21,0,2024-06-25
915,24,3,4,3,2,959.39,1918.78,2024-06-19,0,2,,0,2024-07-06
916,24,2,4,3,1,959.39,959.39,2024-07-03,0,2,,0,2024-07-25
917,24,3,4,3,1,959.39,959.39,2024-06-23,0,1,,0,2024-07-10
918,24,3,4,3,1,959.39,959.39,2024-06-06,0,3,2024-06-10,0,2024-06-23
919,24,3,4,3,4,959.39,3837.56,2024-06-12,1,7,2024-06-19,0,2024-06-29
920,24,2,4,3,1,959.39,959.39,2024-06-10,0,5,2024-06-23,0,2024-07-02
921,24,3,4,3,1,959.39,959.39,2024-06-11,0,2,,1,2024-06-28
922,24,2,4,3,1,959.39,959.39,2024-06-19,0,2,2024-07-02,0,2024-07-11
923,24,3,4,3,1,959.39,959.39,2024-06-08,0,2,2024-06-15,0,2024-06-25
924,24,8,4,3,1,959.39,959.39,2024-06-25,0,1,,0,2024-07-12
925,24,10,4,3,1,959.39,959.39,2024-06-08,0,2,,1,2024-06-16
926,24,3,4,3,1,959.39,959.39,2024-06-23,1,1,2024-07-04,0,2024-07-10
927,24,8,4,3,2,959.39,1918.78,2024-06-22,0,2,,0,2024-07-09
928,24,2,4,3,2,959.39,1918.78,2024-06-09,0,2,2024-06-23,0,2024-07-01
929,24,3,4,3,1,959.39,959.39,2024-06-11,0,1,2024-06-24,0,2024-06-28
930,24,3,4,3,1,959.39,959.39,2024-06-28,0,1,,0,2024-07-15
931,24,3,4,3,2,959.39,1918.78,2024-06-05,0,1,2024-06-23,1,2024-06-22
932,24,3,4,3,1,959.39,959.39,2024-06-11,0,2,,1,2024-06-28
933,24,8,4,3,1,959.39,959.39,2024-07-01,0,2,,0,2024-07-18
934,24,10,4,3,1,959.39,959.39,2024-06-18,0,1,2024-06-25,0,2024-06-26
935,24,3,4,3,2,959.39,1918.78,2024-06-15,0,3,,1,2024-07-02
936,24,8,4,3,2,959.39,1918.78,2024-06-20,0,2,2024-07-01,0,2024-07-07
937,24,10,4,3,6,959.39,5756.34,2024-06-20,1,8,,1,2024-06-28
938,24,3,4,3,3,959.39,2878.17,2024-06-18,1,7,,1,2024-07-05
939,24,10,4,3,4,959.39,3837.56,2024-07-04,0,1,,0,2024-07-12
940,24,3,4,3,2,959.39,1918.78,2024-06-29,0,7,2024-07-03,0,2024-07-16
941,24,2,4,3,1,959.39,959.39,2024-07-01,0,2,,0,2024-07-23
942,24,10,4,3,2,959.39,1918.78,2024-07-01,1,4,,0,2024-07-09
943,25,10,4,4,11,959.39,10553.29,2024-07-04,0,2,,0,2024-10-12
944,25,2,4,4,1,959.39,959.39,2024-06-07,1,2,2024-06-19,0,2024-06-19
945,25,3,4,4,4,959.39,3837.56,2024-06-27,0,6,2024-07-05,0,2024-07-05
946,26,2,4,5,5,959.39,4796.95,2024-06-12,0,2,2024-06-24,0,2024-06-25
947,26,10,4,5,3,959.39,2878.17,2024-06-20,0,1,,0,2024-07-07
948,26,3,4,5,3,959.39,2878.17,2024-06-18,0,7,2024-07-02,0,2024-07-02
949,26,2,4,5,1,959.39,959.39,2024-06-24,0,2,,0,2024-07-07
950,26,10,4,5,1,959.39,959.39,2024-06-26,0,6,,0,2024-07-13
951,26,3,4,5,1,959.39,959.39,2024-06-17,0,4,2024-07-01,0,2024-07-01
952,26,3,4,5,1,959.39,959.39,2024-06-17,0,4,2024-06-24,0,2024-07-01
953,26,8,4,5,6,959.39,5756.34,2024-06-24,0,2,,0,2024-07-12
954,26,3,4,5,1,959.39,959.39,2024-06-29,0,3,,0,2024-07-13
955,26,10,4,5,1,959.39,959.39,2024-06-07,0,2,2024-06-24,0,2024-06-24
956,26,8,4,5,2,959.39,1918.78,2024-06-06,0,2,2024-06-17,0,2024-06-24
957,26,8,4,5,3,959.39,2878.17,2024-06-14,0,7,,1,2024-07-02
958,26,2,4,5,1,959.39,959.39,2024-06-07,0,2,2024-06-20,0,2024-06-20
959,26,3,4,5,1,959.39,959.39,2024-06-19,0,6,,1,2024-07-03
960,26,10,4,5,1,959.39,959.39,2024-06-05,1,8,2024-06-20,0,2024-06-22
961,26,3,4,5,1,959.39,959.39,2024-06-12,0,8,2024-06-22,0,2024-06-26
962,26,8,4,5,1,959.39,959.39,2024-06-11,0,2,2024-06-29,0,2024-06-29
963,27,3,4,6,1,959.39,959.39,2024-06-22,1,1,,0,2024-09-30
964,27,2,4,6,5,959.39,4796.95,2024-06-05,1,2,2024-06-17,0,2024-06-21
965,27,3,4,6,1,959.39,959.39,2024-06-25,0,2,,0,2024-10-03
966,27,10,4,6,3,959.39,2878.17,2024-07-02,0,1,,0,2024-10-10
967,27,8,4,6,1,959.39,959.39,2024-06-28,0,2,,0,2024-07-09
968,27,2,4,6,3,959.39,2878.17,2024-06-18,1,4,,1,2024-07-04
969,27,10,4,6,1,959.39,959.39,2024-07-01,0,2,,0,2024-10-09
970,27,2,4,6,2,959.39,1918.78,2024-06-19,0,2,,1,2024-07-05
971,27,2,4,6,2,959.39,1918.78,2024-06-06,1,2,2024-06-22,0,2024-06-22
972,27,3,4,6,2,959.39,1918.78,2024-06-29,0,2,,0,2024-10-07
973,27,2,4,6,2,959.39,1918.78,2024-06-05,0,6,2024-06-17,0,2024-06-21
974,27,8,4,6,2,959.39,1918.78,2024-06-05,0,2,2024-06-16,0,2024-06-16
975,28,8,4,7,11,959.39,10553.29,2024-06-07,1,2,2024-07-04,0,2024-07-04
976,28,10,4,7,9,959.39,8634.51,2024-06-21,0,8,2024-06-30,0,2024-07-04
977,28,2,4,7,19,959.39,18228.41,2024-06-05,0,8,2024-06-20,0,2024-06-21
978,28,10,4,7,2,959.39,1918.78,2024-06-05,1,1,,1,2024-06-18
979,28,10,4,7,4,959.39,3837.56,2024-06-24,0,2,2024-07-02,0,2024-07-07
980,28,10,4,7,11,959.39,10553.29,2024-06-27,0,2,,0,2024-07-10
981,28,8,4,7,12,959.39,11512.68,2024-07-01,0,1,,0,2024-07-28
982,28,2,4,7,2,959.39,1918.78,2024-06-14,0,4,2024-06-30,0,2024-06-30
983,28,10,4,7,6,959.39,5756.34,2024-06-11,0,3,2024-06-24,0,2024-06-24
984,29,1,5,1,1,278.98,278.98,2024-06-08,0,1,2024-06-27,0,2024-06-27
985,29,4,5,1,1,278.98,278.98,2024-06-11,0,1,2024-06-24,0,2024-06-24
986,29,4,5,1,1,278.98,278.98,2024-06-12,0,2,,1,2024-06-25
987,29,8,5,1,1,278.98,278.98,2024-06-11,0,2,2024-06-25,0,2024-06-25
988,29,1,5,1,2,278.98,557.96,2024-06-11,0,2,2024-06-24,0,2024-06-30
989,29,1,5,1,1,278.98,278.98,2024-06-23,1,4,,0,2024-07-12
990,29,4,5,1,1,278.98,278.98,2024-06-17,0,2,2024-06-24,0,2024-06-30
991,29,6,5,1,1,278.98,278.98,2024-06-06,0,2,2024-06-20,0,2024-06-20
992,29,6,5,1,1,278.98,278.98,2024-06-22,0,3,,0,2024-07-06
993,29,4,5,1,1,278.98,278.98,2024-06-25,0,8,,0,2024-07-08
994,29,6,5,1,2,278.98,557.96,2024-06-18,0,1,2024-06-30,0,2024-07-02
995,29,1,5,1,1,278.98,278.98,2024-06-05,0,2,2024-06-24,0,2024-06-24
996,29,4,5,1,1,278.98,278.98,2024-06-13,0,2,,1,2024-06-26
997,29,6,5,1,1,278.98,278.98,2024-06-29,0,1,,0,2024-07-13
998,29,1,5,1,2,278.98,557.96,2024-07-04,0,2,,0,2024-07-23
999,29,6,5,1,1,278.98,278.98,2024-06-22,0,2,2024-07-02,0,2024-07-06
1000,29,6,5,1,2,278.98,557.96,2024-06-22,1,2,2024-06-28,0,2024-07-06
1001,29,1,5,1,2,278.98,557.96,2024-07-04,0,7,,0,2024-07-23
1002,29,6,5,1,1,278.98,278.98,2024-06-21,0,2,2024-06-29,0,2024-07-05
1003,29,1,5,1,1,278.98,278.98,2024-06-10,0,1,2024-06-28,0,2024-06-29
1004,30,1,5,2,1,278.98,278.98,2024-06-23,0,8,2024-06-26,0,2024-07-09
1005,30,6,5,2,1,278.98,278.98,2024-07-04,0,2,,0,2024-07-20
1006,30,1,5,2,1,278.98,278.98,2024-06-19,0,1,,1,2024-07-05
1007,30,1,5,2,2,278.98,557.96,2024-06-13,0,7,,1,2024-06-29
1008,30,6,5,2,1,278.98,278.98,2024-06-17,0,6,2024-06-20,0,2024-07-03
1009,30,8,5,2,1,278.98,278.98,2024-06-11,0,8,2024-06-22,0,2024-06-27
1010,30,8,5,2,1,278.98,278.98,2024-06-11,0,7,2024-06-20,0,2024-06-27
1011,30,1,5,2,4,278.98,1115.92,2024-06-19,0,7,2024-07-02,0,2024-07-05
1012,30,8,5,2,1,278.98,278.98,2024-06-10,0,8,2024-06-29,1,2024-06-26
1013,30,6,5,2,2,278.98,557.96,2024-06-09,0,6,2024-06-15,0,2024-06-25
1014,30,1,5,2,1,278.98,278.98,2024-06-06,0,7,,1,2024-06-22
1015,30,1,5,2,3,278.98,836.94,2024-06-20,0,4,,0,2024-07-06
1016,30,8,5,2,2,278.98,557.96,2024-07-04,0,1,,0,2024-07-20
1017,30,6,5,2,1,278.98,278.98,2024-06-30,0,7,,0,2024-07-16
1018,30,4,5,2,1,278.98,278.98,2024-06-07,0,2,2024-06-20,0,2024-06-30
1019,30,4,5,2,2,278.98,557.96,2024-06-25,0,6,,0,2024-07-18
1020,30,6,5,2,1,278.98,278.98,2024-06-29,1,8,2024-07-05,0,2024-07-15
1021,30,8,5,2,2,278.98,557.96,2024-06-07,0,6,2024-06-20,0,2024-06-23
1022,30,6,5,2,3,278.98,836.94,2024-06-17,0,8,2024-07-02,0,2024-07-03
1023,30,4,5,2,1,278.98,278.98,2024-07-04,0,7,,0,2024-07-27
1024,30,4,5,2,1,278.98,278.98,2024-07-01,0,8,,0,2024-07-24
1025,30,4,5,2,1,278.98,278.98,2024-06-21,0,7,,0,2024-07-14
1026,30,4,5,2,1,278.98,278.98,2024-06-09,0,7,2024-06-27,0,2024-07-02
1027,30,6,5,2,1,278.98,278.98,2024-06-21,0,6,2024-06-28,0,2024-07-07
1028,30,4,5,2,1,278.98,278.98,2024-06-26,0,8,,0,2024-07-19
1029,30,1,5,2,2,278.98,557.96,2024-06-15,0,1,2024-07-01,0,2024-07-01
1030,30,8,5,2,1,278.98,278.98,2024-06-18,0,8,2024-06-24,0,2024-07-04
1031,30,1,5,2,2,278.98,557.96,2024-06-29,0,7,,0,2024-07-15
1032,30,6,5,2,2,278.98,557.96,2024-06-15,1,8,,1,2024-07-01
1033,30,1,5,2,1,278.98,278.98,2024-06-25,0,8,2024-07-05,0,2024-07-11
1034,30,4,5,2,1,278.98,278.98,2024-06-28,0,8,2024-07-05,0,2024-07-21
1035,30,4,5,2,4,278.98,1115.92,2024-06-21,0,1,2024-06-27,0,2024-07-14
1036,30,1,5,2,1,278.98,278.98,2024-06-11,0,8,2024-06-26,0,2024-06-27
1037,30,4,5,2,1,278.98,278.98,2024-06-24,0,2,,0,2024-07-17
1038,30,6,5,2,6,278.98,1673.88,2024-06-21,0,8,2024-07-03,0,2024-07-07
1039,30,4,5,2,1,278.98,278.98,2024-06-17,0,2,2024-06-23,0,2024-07-10
1040,30,1,5,2,2,278.98,557.96,2024-06-12,0,2,,1,2024-06-28
1041,30,4,5,2,2,278.98,557.96,2024-06-10,1,7,2024-07-04,1,2024-07-03
1042,30,1,5,2,1,278.98,278.98,2024-06-14,0,6,2024-06-18,0,2024-06-30
1043,30,6,5,2,2,278.98,557.96,2024-06-13,0,8,2024-06-26,0,2024-06-29
1044,30,8,5,2,1,278.98,278.98,2024-06-30,0,7,,0,2024-07-16
1045,30,8,5,2,5,278.98,1394.9,2024-07-04,0,6,,0,2024-07-20
1046,30,8,5,2,4,278.98,1115.92,2024-06-16,0,6,2024-06-28,0,2024-07-02
1047,30,4,5,2,3,278.98,836.94,2024-06-09,1,7,2024-07-01,0,2024-07-02
1048,30,4,5,2,2,278.98,557.96,2024-06-28,0,7,,0,2024-07-21
1049,30,1,5,2,1,278.98,278.98,2024-06-28,0,7,,0,2024-07-14
1050,30,4,5,2,1,278.98,278.98,2024-06-23,0,8,2024-07-04,0,2024-07-16
1051,30,4,5,2,1,278.98,278.98,2024-06-21,0,8,,0,2024-07-14
1052,30,6,5,2,4,278.98,1115.92,2024-06-10,0,8,2024-06-20,0,2024-06-26
1053,30,8,5,2,3,278.98,836.94,2024-06-21,0,8,2024-07-04,0,2024-07-07
1054,30,6,5,2,1,278.98,278.98,2024-06-18,0,8,2024-06-30,0,2024-07-04
1055,30,6,5,2,4,278.98,1115.92,2024-06-25,1,8,,0,2024-07-11
1056,30,4,5,2,2,278.98,557.96,2024-06-21,0,6,,0,2024-07-14
1057,30,1,5,2,1,278.98,278.98,2024-06-05,0,8,2024-06-21,0,2024-06-21
1058,30,6,5,2,1,278.98,278.98,2024-06-28,0,8,,0,2024-07-14
1059,30,4,5,2,1,278.98,278.98,2024-06-24,1,7,,0,2024-07-17
1060,30,6,5,2,1,278.98,278.98,2024-06-11,0,4,2024-07-01,1,2024-06-27
1061,30,4,5,2,2,278.98,557.96,2024-07-03,0,8,,0,2024-07-26
1062,30,4,5,2,2,278.98,557.96,2024-06-25,1,4,2024-07-03,0,2024-07-18
1063,30,8,5,2,8,278.98,2231.84,2024-06-25,1,7,,0,2024-07-11
1064,31,1,5,3,2,278.98,557.96,2024-06-08,0,2,2024-06-18,0,2024-06-23
1065,31,1,5,3,1,278.98,278.98,2024-07-03,0,8,,0,2024-07-18
1066,31,1,5,3,1,278.98,278.98,2024-06-06,0,3,2024-06-23,1,2024-06-21
1067,31,1,5,3,3,278.98,836.94,2024-06-08,0,1,2024-06-16,0,2024-06-23
1068,31,8,5,3,1,278.98,278.98,2024-06-14,0,2,2024-06-28,0,2024-07-02
1069,31,8,5,3,1,278.98,278.98,2024-06-06,0,2,2024-06-19,0,2024-06-24
1070,31,8,5,3,1,278.98,278.98,2024-06-14,0,2,2024-06-24,0,2024-07-02
1071,31,1,5,3,1,278.98,278.98,2024-06-26,0,1,,0,2024-07-11
1072,31,4,5,3,1,278.98,278.98,2024-06-19,1,2,2024-06-27,0,2024-07-07
1073,31,6,5,3,2,278.98,557.96,2024-06-22,0,2,2024-07-04,0,2024-07-06
1074,31,4,5,3,2,278.98,557.96,2024-06-26,0,8,,0,2024-07-14
1075,31,6,5,3,1,278.98,278.98,2024-06-25,0,8,2024-07-02,0,2024-07-09
1076,31,4,5,3,1,278.98,278.98,2024-06-05,0,2,2024-06-22,0,2024-06-23
1077,31,6,5,3,1,278.98,278.98,2024-06-17,0,7,2024-07-01,0,2024-07-01
1078,31,8,5,3,1,278.98,278.98,2024-06-11,1,4,2024-07-04,1,2024-06-29
1079,31,6,5,3,1,278.98,278.98,2024-07-04,1,2,,0,2024-07-18
1080,31,1,5,3,1,278.98,278.98,2024-06-19,0,4,2024-07-01,0,2024-07-04
1081,31,6,5,3,1,278.98,278.98,2024-06-05,0,1,2024-06-11,0,2024-06-19
1082,31,6,5,3,1,278.98,278.98,2024-06-15,0,1,2024-06-25,0,2024-06-29
1083,31,8,5,3,2,278.98,557.96,2024-06-18,0,2,2024-06-25,0,2024-07-06
1084,31,4,5,3,2,278.98,557.96,2024-06-18,0,2,2024-06-30,0,2024-07-06
1085,31,4,5,3,1,278.98,278.98,2024-07-02,0,2,,0,2024-07-20
1086,31,4,5,3,1,278.98,278.98,2024-06-15,0,2,,1,2024-07-03
1087,31,1,5,3,1,278.98,278.98,2024-07-02,0,3,,0,2024-07-17
1088,31,4,5,3,4,278.98,1115.92,2024-06-05,1,7,,1,2024-06-23
1089,31,8,5,3,1,278.98,278.98,2024-06-28,0,1,,0,2024-07-16
1090,31,8,5,3,1,278.98,278.98,2024-06-30,0,2,,0,2024-07-18
1091,31,6,5,3,1,278.98,278.98,2024-06-08,0,5,2024-06-18,0,2024-06-22
1092,31,6,5,3,1,278.98,278.98,2024-06-20,0,3,,1,2024-07-04
1093,31,8,5,3,1,278.98,278.98,2024-06-14,0,7,2024-06-25,0,2024-07-02
1094,31,6,5,3,1,278.98,278.98,2024-07-01,1,1,,0,2024-07-15
1095,31,4,5,3,1,278.98,278.98,2024-06-08,0,2,2024-06-27,1,2024-06-26
1096,31,1,5,3,4,278.98,1115.92,2024-06-08,0,2,2024-06-18,0,2024-06-23
1097,31,4,5,3,1,278.98,278.98,2024-06-27,1,2,,0,2024-07-15
1098,31,6,5,3,2,278.98,557.96,2024-06-20,1,1,2024-07-03,0,2024-07-04
1099,31,6,5,3,1,278.98,278.98,2024-07-01,0,2,,0,2024-07-15
1100,31,4,5,3,1,278.98,278.98,2024-06-06,0,4,,1,2024-06-24
1101,31,4,5,3,1,278.98,278.98,2024-06-07,0,6,2024-06-20,0,2024-06-25
1102,31,1,5,3,2,278.98,557.96,2024-07-01,0,3,,0,2024-07-16
1103,31,4,5,3,2,278.98,557.96,2024-06-08,0,3,2024-06-22,0,2024-06-26
1104,31,8,5,3,1,278.98,278.98,2024-06-26,0,1,,0,2024-07-14
1105,31,6,5,3,1,278.98,278.98,2024-06-07,0,7,2024-06-15,0,2024-06-21
1106,31,8,5,3,1,278.98,278.98,2024-06-21,0,3,2024-06-30,0,2024-07-09
1107,31,8,5,3,1,278.98,278.98,2024-07-02,0,1,,0,2024-07-20
1108,31,1,5,3,1,278.98,278.98,2024-06-27,0,2,,0,2024-07-12
1109,31,8,5,3,1,278.98,278.98,2024-06-17,0,1,,1,2024-07-05
1110,31,1,5,3,1,278.98,278.98,2024-06-26,0,3,,0,2024-07-11
1111,31,8,5,3,1,278.98,278.98,2024-06-10,0,2,2024-06-21,0,2024-06-28
1112,31,6,5,3,1,278.98,278.98,2024-06-20,0,2,,1,2024-07-04
1113,31,1,5,3,1,278.98,278.98,2024-06-30,0,2,,0,2024-07-15
1114,31,4,5,3,1,278.98,278.98,2024-06-08,0,1,,1,2024-06-26
1115,31,4,5,3,1,278.98,278.98,2024-07-03,0,4,,0,2024-07-21
1116,31,8,5,3,1,278.98,278.98,2024-06-13,0,2,2024-06-29,0,2024-07-01
1117,31,4,5,3,1,278.98,278.98,2024-06-27,0,8,,0,2024-07-15
1118,31,4,5,3,2,278.98,557.96,2024-06-21,0,4,2024-06-29,0,2024-07-09
1119,31,4,5,3,2,278.98,557.96,2024-06-17,0,2,,1,2024-07-05
1120,31,4,5,3,1,278.98,278.98,2024-06-30,0,1,,0,2024-07-18
1121,31,1,5,3,1,278.98,278.98,2024-06-09,0,2,2024-06-18,0,2024-06-24
1122,32,4,5,4,1,278.98,278.98,2024-06-09,1,2,,1,2024-06-23
1123,32,8,5,4,1,278.98,278.98,2024-06-16,1,1,,1,2024-07-04
1124,32,6,5,4,1,278.98,278.98,2024-06-15,0,1,2024-07-04,1,2024-07-03
1125,32,1,5,4,1,278.98,278.98,2024-06-27,1,4,,0,2024-07-11
1126,32,1,5,4,1,278.98,278.98,2024-06-29,0,2,,0,2024-07-13
1127,32,6,5,4,1,278.98,278.98,2024-06-26,0,1,2024-07-04,0,2024-07-14
1128,32,6,5,4,1,278.98,278.98,2024-06-10,0,3,2024-06-26,0,2024-06-28
1129,32,1,5,4,1,278.98,278.98,2024-06-26,0,3,,0,2024-07-10
1130,32,6,5,4,1,278.98,278.98,2024-06-16,0,3,2024-06-21,0,2024-07-04
1131,32,6,5,4,1,278.98,278.98,2024-06-05,0,4,2024-06-16,0,2024-06-23
1132,32,1,5,4,1,278.98,278.98,2024-06-16,0,7,2024-06-24,0,2024-06-30
1133,32,8,5,4,1,278.98,278.98,2024-06-17,0,1,2024-06-25,0,2024-07-05
1134,32,6,5,4,1,278.98,278.98,2024-06-09,0,8,2024-06-22,0,2024-06-27
1135,32,4,5,4,1,278.98,278.98,2024-07-01,1,2,,0,2024-07-15
1136,32,8,5,4,1,278.98,278.98,2024-06-11,0,1,2024-06-22,0,2024-06-29
1137,32,1,5,4,1,278.98,278.98,2024-06-21,0,2,2024-06-29,0,2024-07-05
1138,32,4,5,4,2,278.98,557.96,2024-06-12,0,7,2024-06-20,0,2024-06-26
1139,32,6,5,4,1,278.98,278.98,2024-06-24,1,7,,0,2024-07-12
1140,32,4,5,4,1,278.98,278.98,2024-06-29,0,8,,0,2024-07-13
1141,32,1,5,4,1,278.98,278.98,2024-06-17,0,2,2024-07-01,0,2024-07-01
1142,32,4,5,4,1,278.98,278.98,2024-06-30,0,7,,0,2024-07-14
1143,32,1,5,4,1,278.98,278.98,2024-06-14,0,2,,1,2024-06-28
1144,32,6,5,4,1,278.98,278.98,2024-06-19,0,2,2024-07-04,0,2024-07-07
1145,32,4,5,4,1,278.98,278.98,2024-07-04,0,8,,0,2024-07-18
1146,32,4,5,4,1,278.98,278.98,2024-06-17,1,2,,1,2024-07-01
1147,32,6,5,4,1,278.98,278.98,2024-06-05,0,2,2024-06-22,0,2024-06-23
1148,32,8,5,4,1,278.98,278.98,2024-06-05,0,1,,1,2024-06-23
1149,32,4,5,4,1,278.98,278.98,2024-06-24,0,2,,0,2024-07-08
1150,32,1,5,4,1,278.98,278.98,2024-06-23,0,2,,0,2024-07-07
1151,32,4,5,4,1,278.98,278.98,2024-06-29,1,7,,0,2024-07-13
1152,32,4,5,4,1,278.98,278.98,2024-06-14,0,2,,1,2024-06-28
1153,32,8,5,4,1,278.98,278.98,2024-06-13,0,8,2024-07-04,1,2024-07-01
1154,32,4,5,4,1,278.98,278.98,2024-07-02,0,1,,0,2024-07-16
1155,32,1,5,4,1,278.98,278.98,2024-06-22,0,2,,0,2024-07-06
1156,32,4,5,4,1,278.98,278.98,2024-07-02,0,3,,0,2024-07-16
1157,32,8,5,4,1,278.98,278.98,2024-06-09,0,2,2024-06-20,0,2024-06-27
1158,32,8,5,4,1,278.98,278.98,2024-07-04,0,1,,0,2024-07-22
1159,32,6,5,4,1,278.98,278.98,2024-06-25,0,2,,0,2024-07-13
1160,32,8,5,4,1,278.98,278.98,2024-06-14,0,6,2024-06-19,0,2024-07-02
1161,32,8,5,4,1,278.98,278.98,2024-06-18,0,4,2024-06-21,0,2024-07-06
1162,32,1,5,4,1,278.98,278.98,2024-06-12,0,1,,1,2024-06-26
1163,32,8,5,4,1,278.98,278.98,2024-06-05,0,1,2024-06-16,0,2024-06-23
1164,32,1,5,4,2,278.98,557.96,2024-06-20,0,2,2024-07-04,0,2024-07-04
1165,32,1,5,4,2,278.98,557.96,2024-06-26,0,2,,0,2024-07-10
1166,32,1,5,4,1,278.98,278.98,2024-06-19,0,2,2024-07-01,0,2024-07-03
1167,32,6,5,4,1,278.98,278.98,2024-06-22,0,2,,0,2024-07-10
1168,32,8,5,4,1,278.98,278.98,2024-06-07,0,7,2024-06-25,0,2024-06-25
1169,32,1,5,4,1,278.98,278.98,2024-06-13,0,1,,1,2024-06-27
1170,32,6,5,4,1,278.98,278.98,2024-07-03,0,7,,0,2024-07-21
1171,32,8,5,4,1,278.98,278.98,2024-06-11,0,2,2024-06-21,0,2024-06-29
1172,32,8,5,4,1,278.98,278.98,2024-07-03,0,6,,0,2024-07-21
1173,32,1,5,4,1,278.98,278.98,2024-06-10,0,2,,1,2024-06-24
1174,32,1,5,4,1,278.98,278.98,2024-06-10,0,2,2024-06-20,0,2024-06-24
1175,32,4,5,4,1,278.98,278.98,2024-06-14,0,3,2024-06-20,0,2024-06-28
1176,32,4,5,4,2,278.98,557.96,2024-06-07,1,3,,1,2024-06-21
1177,32,4,5,4,1,278.98,278.98,2024-06-15,0,2,2024-07-01,1,2024-06-29
1178,32,6,5,4,1,278.98,278.98,2024-06-29,0,3,,0,2024-07-17
1179,32,4,5,4,1,278.98,278.98,2024-06-18,0,8,2024-06-23,0,2024-07-02
1180,32,4,5,4,1,278.98,278.98,2024-06-30,0,2,,0,2024-07-14
1181,32,4,5,4,1,278.98,278.98,2024-06-16,0,2,,1,2024-06-30
1182,32,1,5,4,1,278.98,278.98,2024-06-20,1,2,,1,2024-07-04
1183,32,4,5,4,1,278.98,278.98,2024-06-16,0,3,2024-06-24,0,2024-06-30
1184,32,8,5,4,1,278.98,278.98,2024-06-26,0,2,,0,2024-07-14
1185,32,1,5,4,1,278.98,278.98,2024-06-26,0,6,2024-07-03,0,2024-07-10
1186,32,4,5,4,1,278.98,278.98,2024-06-13,0,2,2024-06-24,0,2024-06-27
1187,32,4,5,4,2,278.98,557.96,2024-06-30,0,3,,0,2024-07-14
1188,32,8,5,4,1,278.98,278.98,2024-06-07,1,1,2024-06-18,0,2024-06-25
1189,32,8,5,4,1,278.98,278.98,2024-07-04,0,5,,0,2024-07-22
1190,32,8,5,4,1,278.98,278.98,2024-07-01,0,1,,0,2024-07-19
1191,32,8,5,4,1,278.98,278.98,2024-06-25,0,1,2024-06-29,0,2024-07-13
1192,32,8,5,4,1,278.98,278.98,2024-06-10,0,6,2024-06-19,0,2024-06-28
1193,33,6,5,5,1,278.98,278.98,2024-06-05,0,7,2024-06-11,0,2024-06-26
1194,33,8,5,5,3,278.98,836.94,2024-06-21,1,3,,0,2024-09-29
1195,33,6,5,5,4,278.98,1115.92,2024-06-10,1,6,2024-07-02,1,2024-07-01
1196,33,8,5,5,1,278.98,278.98,2024-07-02,0,2,,0,2024-10-10
1197,33,6,5,5,36,278.98,10043.28,2024-06-26,0,1,,0,2024-07-17
1198,33,1,5,5,8,278.98,2231.84,2024-06-10,0,2,2024-06-23,0,2024-06-24
1199,33,1,5,5,1,278.98,278.98,2024-06-22,0,7,2024-07-05,0,2024-07-06
1200,33,1,5,5,3,278.98,836.94,2024-06-05,0,1,2024-06-19,0,2024-06-19
1201,34,1,5,6,3,278.98,836.94,2024-06-14,0,7,,0,2024-07-07
1202,34,1,5,6,2,278.98,557.96,2024-06-09,0,2,,1,2024-07-02
1203,34,8,5,6,4,278.98,1115.92,2024-06-10,0,2,2024-06-23,0,2024-06-24
1204,34,6,5,6,1,278.98,278.98,2024-06-28,0,2,,0,2024-07-14
1205,34,1,5,6,2,278.98,557.96,2024-06-28,0,2,,0,2024-07-21
1206,34,6,5,6,1,278.98,278.98,2024-06-24,0,2,,0,2024-07-10
1207,34,6,5,6,1,278.98,278.98,2024-06-07,0,2,2024-06-19,0,2024-06-23
1208,34,8,5,6,8,278.98,2231.84,2024-06-26,1,6,,0,2024-07-10
1209,34,8,5,6,1,278.98,278.98,2024-06-21,0,2,2024-07-03,0,2024-07-05
1210,34,1,5,6,1,278.98,278.98,2024-06-30,0,2,,0,2024-07-23
1211,34,6,5,6,4,278.98,1115.92,2024-06-20,0,6,2024-06-28,0,2024-07-06
1212,34,4,5,6,3,278.98,836.94,2024-07-01,0,2,,0,2024-07-27
1213,34,6,5,6,2,278.98,557.96,2024-06-17,1,8,,1,2024-07-03
1214,34,4,5,6,1,278.98,278.98,2024-06-11,1,1,,0,2024-07-07
1215,34,4,5,6,9,278.98,2510.82,2024-07-04,0,7,,0,2024-07-30
1216,34,6,5,6,2,278.98,557.96,2024-06-14,0,2,2024-07-02,1,2024-06-30
1217,34,4,5,6,1,278.98,278.98,2024-06-15,0,2,2024-06-28,0,2024-07-11
1218,34,1,5,6,1,278.98,278.98,2024-06-18,0,1,2024-07-03,0,2024-07-11
1219,34,4,5,6,1,278.98,278.98,2024-06-10,1,7,2024-06-26,0,2024-07-06
1220,34,8,5,6,1,278.98,278.98,2024-06-17,0,4,2024-06-27,0,2024-07-01
1221,34,8,5,6,2,278.98,557.96,2024-06-14,0,3,2024-06-22,0,2024-06-28
1222,34,1,5,6,3,278.98,836.94,2024-06-27,0,1,,0,2024-07-20
1223,34,8,5,6,2,278.98,557.96,2024-06-05,0,2,2024-06-17,0,2024-06-19
1224,34,4,5,6,2,278.98,557.96,2024-06-27,0,2,,0,2024-07-23
1225,34,1,5,6,2,278.98,557.96,2024-06-18,1,7,2024-06-30,0,2024-07-11
1226,34,4,5,6,1,278.98,278.98,2024-06-06,0,1,2024-06-13,0,2024-07-02
1227,34,6,5,6,3,278.98,836.94,2024-06-26,0,2,2024-06-30,0,2024-07-12
1228,34,4,5,6,1,278.98,278.98,2024-06-30,0,2,,0,2024-07-26
1229,34,8,5,6,2,278.98,557.96,2024-06-30,0,2,,0,2024-07-14
1230,34,1,5,6,5,278.98,1394.9,2024-06-06,1,5,2024-06-29,0,2024-06-29
1231,34,8,5,6,7,278.98,1952.86,2024-07-03,0,2,,0,2024-07-17
1232,34,6,5,6,2,278.98,557.96,2024-06-21,0,6,2024-07-05,0,2024-07-07
1233,34,4,5,6,4,278.98,1115.92,2024-06-05,1,3,2024-07-04,1,2024-07-01
1234,34,6,5,6,3,278.98,836.94,2024-06-06,0,7,2024-06-12,0,2024-06-22
1235,34,8,5,6,1,278.98,278.98,2024-07-01,0,3,,0,2024-07-15
1236,34,8,5,6,3,278.98,836.94,2024-06-07,0,1,2024-06-15,0,2024-06-21
1237,34,1,5,6,2,278.98,557.96,2024-06-10,1,6,2024-07-01,0,2024-07-03
1238,34,4,5,6,3,278.98,836.94,2024-06-21,1,8,,0,2024-07-17
1239,34,6,5,6,2,278.98,557.96,2024-06-29,1,3,2024-07-05,0,2024-07-15
1240,34,8,5,6,2,278.98,557.96,2024-06-19,0,4,2024-07-03,0,2024-07-03
1241,34,8,5,6,4,278.98,1115.92,2024-06-07,0,2,2024-06-18,0,2024-06-21
1242,35,1,5,7,1,278.98,278.98,2024-06-16,0,2,,1,2024-06-28
1243,35,4,5,7,1,278.98,278.98,2024-06-13,0,8,2024-06-23,0,2024-06-26
1244,35,8,5,7,1,278.98,278.98,2024-07-01,0,2,,0,2024-07-19
1245,35,6,5,7,3,278.98,836.94,2024-06-18,0,2,2024-06-30,0,2024-07-05
1246,35,4,5,7,2,278.98,557.96,2024-06-19,0,3,,1,2024-07-02
1247,35,8,5,7,1,278.98,278.98,2024-06-22,0,1,,0,2024-07-10
1248,35,6,5,7,2,278.98,557.96,2024-06-20,0,4,,0,2024-07-07
1249,35,8,5,7,3,278.98,836.94,2024-06-16,1,2,2024-06-27,0,2024-07-04
1250,35,6,5,7,1,278.98,278.98,2024-06-16,0,7,2024-06-26,0,2024-07-03
1251,35,8,5,7,1,278.98,278.98,2024-06-13,0,2,,1,2024-07-01
1252,35,4,5,7,1,278.98,278.98,2024-06-26,0,1,,0,2024-07-09
1253,35,8,5,7,2,278.98,557.96,2024-06-09,0,2,2024-06-16,0,2024-06-27
1254,35,1,5,7,1,278.98,278.98,2024-06-22,0,1,2024-07-03,0,2024-07-04
1255,35,1,5,7,3,278.98,836.94,2024-06-10,1,3,2024-06-21,0,2024-06-22
1256,35,4,5,7,1,278.98,278.98,2024-06-18,1,5,,1,2024-07-01
1257,35,6,5,7,1,278.98,278.98,2024-06-16,0,7,2024-07-02,0,2024-07-03
1258,35,6,5,7,2,278.98,557.96,2024-06-15,0,8,2024-06-22,0,2024-07-02
1259,35,6,5,7,1,278.98,278.98,2024-06-11,0,7,2024-06-25,0,2024-06-28
1260,35,6,5,7,1,278.98,278.98,2024-06-11,0,7,,1,2024-06-28
1261,35,4,5,7,2,278.98,557.96,2024-07-03,0,3,,0,2024-07-16
1262,35,1,5,7,1,278.98,278.98,2024-06-26,0,3,,0,2024-07-08
1263,35,8,5,7,1,278.98,278.98,2024-06-12,0,7,2024-07-03,1,2024-06-30
1264,35,4,5,7,7,278.98,1952.86,2024-06-17,0,2,2024-06-30,0,2024-06-30
1265,35,1,5,7,2,278.98,557.96,2024-06-21,0,2,2024-07-02,0,2024-07-03
1266,35,1,5,7,2,278.98,557.96,2024-07-04,1,2,,0,2024-07-16
1267,35,6,5,7,1,278.98,278.98,2024-06-22,1,1,,0,2024-07-09
1268,35,4,5,7,1,278.98,278.98,2024-06-13,0,1,,1,2024-06-26
1269,35,6,5,7,2,278.98,557.96,2024-06-18,1,6,,1,2024-07-05
1270,35,6,5,7,1,278.98,278.98,2024-06-12,0,2,2024-06-30,1,2024-06-29
1271,35,4,5,7,2,278.98,557.96,2024-06-29,0,6,,0,2024-07-12
1272,35,4,5,7,1,278.98,278.98,2024-06-08,1,1,,1,2024-06-21
1273,35,4,5,7,1,278.98,278.98,2024-06-25,0,5,,0,2024-07-08
1274,35,1,5,7,1,278.98,278.98,2024-06-13,0,7,2024-06-26,1,2024-06-25
1275,35,1,5,7,1,278.98,278.98,2024-06-13,0,2,2024-06-23,0,2024-06-25
1276,35,6,5,7,1,278.98,278.98,2024-06-16,0,2,,1,2024-07-03
1277,35,6,5,7,1,278.98,278.98,2024-06-24,1,2,,0,2024-07-11
1278,35,6,5,7,1,278.98,278.98,2024-06-19,0,5,2024-06-30,0,2024-07-06
1279,35,8,5,7,1,278.98,278.98,2024-06-24,0,4,2024-07-01,0,2024-07-12
1280,35,1,5,7,2,278.98,557.96,2024-06-27,0,4,2024-07-05,0,2024-07-09
1281,35,4,5,7,4,278.98,1115.92,2024-06-13,0,2,2024-06-20,0,2024-06-26
1282,35,1,5,7,1,278.98,278.98,2024-06-19,0,6,2024-06-27,0,2024-07-01
1283,35,4,5,7,1,278.98,278.98,2024-06-25,0,2,,0,2024-07-08
1284,36,5,6,1,5,437.16,2185.8,2024-06-24,0,8,2024-06-29,0,2024-07-07
1285,36,8,6,1,4,437.16,1748.64,2024-06-23,0,1,2024-07-04,0,2024-07-12
1286,36,7,6,1,3,437.16,1311.48,2024-06-20,0,2,2024-07-03,0,2024-07-07
1287,36,10,6,1,4,437.16,1748.64,2024-07-04,1,2,,0,2024-07-16
1288,36,7,6,1,2,437.16,874.32,2024-06-07,0,2,2024-06-25,1,2024-06-24
1289,36,7,6,1,1,437.16,437.16,2024-06-17,0,7,,1,2024-07-04
1290,36,7,6,1,1,437.16,437.16,2024-06-25,0,2,2024-06-30,0,2024-07-12
1291,36,10,6,1,3,437.16,1311.48,2024-06-21,0,4,,1,2024-07-03
1292,36,10,6,1,2,437.16,874.32,2024-06-12,0,2,2024-06-24,0,2024-06-24
1293,36,10,6,1,1,437.16,437.16,2024-06-14,0,2,,1,2024-06-26
1294,36,10,6,1,1,437.16,437.16,2024-06-21,0,2,,1,2024-07-03
1295,36,5,6,1,3,437.16,1311.48,2024-06-30,0,2,,0,2024-07-13
1296,36,10,6,1,3,437.16,1311.48,2024-06-14,0,1,2024-06-25,0,2024-06-26
1297,36,5,6,1,7,437.16,3060.12,2024-06-15,0,2,2024-06-28,0,2024-06-28
1298,36,5,6,1,1,437.16,437.16,2024-06-28,0,8,,0,2024-07-11
1299,36,8,6,1,1,437.16,437.16,2024-06-14,0,3,2024-07-03,0,2024-07-03
1300,36,7,6,1,2,437.16,874.32,2024-06-30,1,6,,0,2024-07-17
1301,36,8,6,1,2,437.16,874.32,2024-06-12,0,2,2024-06-26,0,2024-07-01
1302,36,5,6,1,1,437.16,437.16,2024-06-09,0,3,2024-06-18,0,2024-06-22
1303,36,10,6,1,3,437.16,1311.48,2024-06-27,1,2,,0,2024-07-09
1304,36,10,6,1,2,437.16,874.32,2024-06-27,0,2,,0,2024-07-09
1305,36,10,6,1,1,437.16,437.16,2024-07-03,0,3,,0,2024-07-15
1306,36,8,6,1,2,437.16,874.32,2024-06-09,0,1,2024-06-28,0,2024-06-28
1307,36,8,6,1,3,437.16,1311.48,2024-06-25,0,2,,0,2024-07-14
1308,36,5,6,1,2,437.16,874.32,2024-06-29,0,2,,0,2024-07-12
1309,36,7,6,1,3,437.16,1311.48,2024-06-05,0,1,2024-06-17,0,2024-06-22
1310,36,8,6,1,2,437.16,874.32,2024-06-09,1,2,,1,2024-06-28
1311,36,7,6,1,2,437.16,874.32,2024-06-16,1,8,,1,2024-07-03
1312,36,5,6,1,2,437.16,874.32,2024-06-29,0,2,,0,2024-07-12
1313,37,7,6,2,15,437.16,6557.4,2024-06-17,0,8,2024-06-28,0,2024-06-28
1314,37,10,6,2,38,437.16,16612.08,2024-06-22,1,8,2024-06-25,0,2024-06-25
1315,37,8,6,2,24,437.16,10491.84,2024-06-30,0,5,,0,2024-10-08
1316,38,10,6,3,1,437.16,437.16,2024-06-16,0,7,2024-06-18,0,2024-07-01
1317,38,7,6,3,1,437.16,437.16,2024-06-26,1,1,,0,2024-07-12
1318,38,5,6,3,1,437.16,437.16,2024-07-01,0,7,,0,2024-07-21
1319,38,5,6,3,1,437.16,437.16,2024-06-20,0,2,2024-07-05,0,2024-07-10
1320,38,7,6,3,1,437.16,437.16,2024-06-09,0,1,2024-06-25,0,2024-06-25
1321,38,8,6,3,1,437.16,437.16,2024-06-15,0,6,2024-07-02,0,2024-07-03
1322,38,7,6,3,2,437.16,874.32,2024-06-27,1,2,2024-07-05,0,2024-07-13
1323,38,7,6,3,2,437.16,874.32,2024-06-25,1,2,2024-07-03,0,2024-07-11
1324,38,5,6,3,1,437.16,437.16,2024-06-22,0,7,2024-07-05,0,2024-07-12
1325,38,5,6,3,1,437.16,437.16,2024-06-19,0,2,2024-06-28,0,2024-07-09
1326,38,7,6,3,1,437.16,437.16,2024-06-05,0,4,2024-06-12,0,2024-06-21
1327,38,7,6,3,1,437.16,437.16,2024-06-29,0,7,,0,2024-07-15
1328,38,10,6,3,1,437.16,437.16,2024-06-21,0,3,,0,2024-07-06
1329,38,7,6,3,1,437.16,437.16,2024-06-24,1,1,,0,2024-07-10
1330,38,8,6,3,1,437.16,437.16,2024-06-09,1,2,,1,2024-06-27
1331,38,8,6,3,1,437.16,437.16,2024-06-20,0,2,2024-07-03,0,2024-07-08
1332,38,8,6,3,2,437.16,874.32,2024-06-06,0,2,2024-06-13,0,2024-06-24
1333,38,10,6,3,2,437.16,874.32,2024-06-06,0,1,,1,2024-06-21
1334,38,10,6,3,1,437.16,437.16,2024-06-18,1,3,,1,2024-07-03
1335,38,7,6,3,2,437.16,874.32,2024-06-13,0,2,2024-06-28,0,2024-06-29
1336,38,10,6,3,1,437.16,437.16,2024-06-24,0,2,2024-06-26,0,2024-07-09
1337,38,7,6,3,1,437.16,437.16,2024-06-10,0,2,2024-06-18,0,2024-06-26
1338,38,10,6,3,3,437.16,1311.48,2024-06-21,0,7,2024-07-01,0,2024-07-06
1339,38,8,6,3,1,437.16,437.16,2024-06-27,0,2,,0,2024-07-15
1340,38,7,6,3,1,437.16,437.16,2024-06-29,0,1,,0,2024-07-15
1341,38,5,6,3,2,437.16,874.32,2024-06-27,1,2,,0,2024-07-17
1342,38,5,6,3,1,437.16,437.16,2024-06-07,0,8,2024-06-16,0,2024-06-27
1343,38,7,6,3,1,437.16,437.16,2024-06-08,0,4,,1,2024-06-24
1344,38,7,6,3,1,437.16,437.16,2024-06-19,0,8,,1,2024-07-05
1345,38,5,6,3,2,437.16,874.32,2024-06-16,0,1,2024-07-04,0,2024-07-06
1346,38,8,6,3,2,437.16,874.32,2024-06-19,0,2,2024-07-05,0,2024-07-07
1347,38,8,6,3,1,437.16,437.16,2024-06-27,1,2,,0,2024-07-15
1348,38,5,6,3,1,437.16,437.16,2024-06-06,0,1,2024-06-14,0,2024-06-26
1349,38,10,6,3,1,437.16,437.16,2024-06-10,0,2,2024-06-16,0,2024-06-25
1350,38,8,6,3,1,437.16,437.16,2024-06-15,1,2,,1,2024-07-03
1351,38,8,6,3,1,437.16,437.16,2024-06-12,0,1,2024-07-03,1,2024-06-30
1352,38,5,6,3,1,437.16,437.16,2024-06-06,0,8,2024-06-23,0,2024-06-26
1353,38,10,6,3,1,437.16,437.16,2024-06-09,1,2,2024-06-24,0,2024-06-24
1354,38,10,6,3,1,437.16,437.16,2024-06-17,0,2,,1,2024-07-02
1355,38,8,6,3,1,437.16,437.16,2024-06-29,1,8,,0,2024-07-17
1356,38,5,6,3,1,437.16,437.16,2024-06-05,0,8,2024-06-13,0,2024-06-25
1357,38,5,6,3,2,437.16,874.32,2024-06-15,0,2,2024-06-26,0,2024-07-05
1358,38,10,6,3,1,437.16,437.16,2024-06-06,0,1,2024-06-14,0,2024-06-21
1359,38,8,6,3,1,437.16,437.16,2024-06-20,0,3,,0,2024-07-08
1360,38,7,6,3,1,437.16,437.16,2024-06-23,0,1,,0,2024-07-09
1361,38,10,6,3,1,437.16,437.16,2024-06-21,0,1,,0,2024-07-06
1362,38,10,6,3,1,437.16,437.16,2024-06-27,0,1,,0,2024-07-12
1363,38,5,6,3,1,437.16,437.16,2024-06-10,0,2,2024-06-16,0,2024-06-30
1364,38,5,6,3,1,437.16,437.16,2024-06-08,0,6,2024-06-22,0,2024-06-28
1365,38,10,6,3,1,437.16,437.16,2024-06-10,0,6,2024-06-27,1,2024-06-25
1366,38,8,6,3,1,437.16,437.16,2024-06-29,0,2,,0,2024-07-17
1367,38,8,6,3,1,437.16,437.16,2024-06-24,0,7,,0,2024-07-12
1368,38,8,6,3,1,437.16,437.16,2024-06-15,0,5,2024-06-29,0,2024-07-03
1369,38,10,6,3,1,437.16,437.16,2024-06-23,0,8,,0,2024-07-08
1370,38,8,6,3,1,437.16,437.16,2024-06-26,1,1,,0,2024-07-14
1371,38,8,6,3,1,437.16,437.16,2024-06-15,0,2,2024-06-28,0,2024-07-03
1372,38,10,6,3,1,437.16,437.16,2024-06-18,0,2,2024-07-03,0,2024-07-03
1373,38,7,6,3,1,437.16,437.16,2024-06-25,0,2,,0,2024-07-11
1374,38,10,6,3,1,437.16,437.16,2024-06-27,0,2,,0,2024-07-12
1375,38,7,6,3,1,437.16,437.16,2024-06-24,1,4,2024-07-04,0,2024-07-10
1376,38,10,6,3,2,437.16,874.32,2024-06-09,0,2,2024-06-22,0,2024-06-24
1377,38,8,6,3,1,437.16,437.16,2024-06-29,0,1,,0,2024-07-17
1378,38,10,6,3,1,437.16,437.16,2024-06-25,0,4,,0,2024-07-10
1379,38,5,6,3,1,437.16,437.16,2024-06-13,0,2,2024-07-03,0,2024-07-03
1380,38,8,6,3,1,437.16,437.16,2024-06-09,0,2,2024-06-23,0,2024-06-27
1381,38,5,6,3,1,437.16,437.16,2024-06-07,0,1,2024-06-27,0,2024-06-27
1382,38,10,6,3,1,437.16,437.16,2024-06-11,0,2,2024-06-19,0,2024-06-26
1383,38,5,6,3,1,437.16,437.16,2024-06-20,0,1,,0,2024-07-10
1384,38,10,6,3,1,437.16,437.16,2024-06-10,0,6,2024-06-22,0,2024-06-25
1385,38,7,6,3,1,437.16,437.16,2024-06-05,0,2,2024-06-19,0,2024-06-21
1386,38,8,6,3,1,437.16,437.16,2024-06-22,0,3,,0,2024-07-10
1387,38,8,6,3,1,437.16,437.16,2024-06-28,0,6,2024-07-03,0,2024-07-16
1388,39,7,6,4,1,437.16,437.16,2024-06-12,1,2,,1,2024-07-01
1389,39,10,6,4,6,437.16,2622.96,2024-06-30,1,2,,1,2024-07-04
1390,39,8,6,4,3,437.16,1311.48,2024-06-12,0,2,,1,2024-06-21
1391,39,5,6,4,3,437.16,1311.48,2024-07-04,1,2,,0,2024-07-19
1392,39,10,6,4,1,437.16,437.16,2024-07-01,0,6,,1,2024-07-05
1393,39,7,6,4,2,437.16,874.32,2024-06-27,0,7,,0,2024-07-16
1394,39,5,6,4,6,437.16,2622.96,2024-06-24,1,7,2024-07-05,0,2024-07-09
1395,39,10,6,4,2,437.16,874.32,2024-07-01,0,2,,1,2024-07-05
1396,39,7,6,4,2,437.16,874.32,2024-06-23,0,6,2024-07-05,0,2024-07-12
1397,39,8,6,4,2,437.16,874.32,2024-06-28,0,2,,0,2024-07-07
1398,39,7,6,4,3,437.16,1311.48,2024-06-23,0,8,2024-07-02,0,2024-07-12
1399,39,5,6,4,5,437.16,2185.8,2024-06-25,0,2,,0,2024-07-10
1400,39,7,6,4,2,437.16,874.32,2024-06-08,0,8,2024-06-29,1,2024-06-27
1401,39,10,6,4,1,437.16,437.16,2024-06-17,1,1,2024-06-21,0,2024-06-21
1402,39,7,6,4,1,437.16,437.16,2024-06-22,0,7,,0,2024-07-11
1403,39,8,6,4,1,437.16,437.16,2024-06-06,0,4,2024-06-15,0,2024-06-15
1404,39,7,6,4,1,437.16,437.16,2024-06-20,0,2,2024-06-30,0,2024-07-09
1405,39,8,6,4,2,437.16,874.32,2024-06-06,0,7,2024-06-15,0,2024-06-15
1406,39,7,6,4,10,437.16,4371.6,2024-06-28,0,2,,0,2024-07-17
1407,39,5,6,4,1,437.16,437.16,2024-06-07,0,2,2024-06-22,0,2024-06-22
1408,39,7,6,4,1,437.16,437.16,2024-06-29,0,2,,0,2024-07-18
1409,39,5,6,4,2,437.16,874.32,2024-06-11,1,2,,1,2024-06-26
1410,39,5,6,4,2,437.16,874.32,2024-06-08,0,2,2024-06-20,0,2024-06-23
1411,39,5,6,4,1,437.16,437.16,2024-07-03,1,8,,0,2024-07-18
1412,39,7,6,4,1,437.16,437.16,2024-07-02,0,1,,0,2024-07-21
1413,40,7,6,5,3,437.16,1311.48,2024-06-22,1,2,2024-07-02,0,2024-07-02
1414,40,10,6,5,5,437.16,2185.8,2024-06-22,0,2,2024-06-30,0,2024-07-08
1415,40,8,6,5,3,437.16,1311.48,2024-06-18,0,2,,1,2024-07-01
1416,40,7,6,5,4,437.16,1748.64,2024-06-14,0,2,,1,2024-06-24
1417,40,5,6,5,5,437.16,2185.8,2024-06-07,0,1,2024-06-23,0,2024-06-24
1418,40,7,6,5,2,437.16,874.32,2024-06-23,0,2,,1,2024-07-03
1419,40,8,6,5,5,437.16,2185.8,2024-06-14,0,2,,1,2024-06-27
1420,40,10,6,5,2,437.16,874.32,2024-06-11,0,5,2024-06-22,0,2024-06-27
1421,40,10,6,5,2,437.16,874.32,2024-06-07,1,2,2024-06-23,0,2024-06-23
1422,40,5,6,5,3,437.16,1311.48,2024-06-17,0,2,2024-07-04,0,2024-07-04
1423,40,5,6,5,1,437.16,437.16,2024-06-13,1,2,,1,2024-06-30
1424,40,10,6,5,5,437.16,2185.8,2024-06-29,0,2,,0,2024-07-15
1425,40,5,6,5,2,437.16,874.32,2024-06-08,0,3,2024-06-12,0,2024-06-25
1426,40,10,6,5,7,437.16,3060.12,2024-06-26,0,8,,0,2024-07-12
1427,40,10,6,5,4,437.16,1748.64,2024-06-23,0,1,,0,2024-07-09
1428,40,8,6,5,6,437.16,2622.96,2024-06-19,0,2,2024-07-02,0,2024-07-02
1429,40,10,6,5,1,437.16,437.16,2024-06-16,0,2,2024-07-02,0,2024-07-02
1430,40,8,6,5,1,437.16,437.16,2024-06-21,0,2,2024-07-01,0,2024-07-04
1431,40,8,6,5,2,437.16,874.32,2024-06-30,0,5,,0,2024-07-13
1432,40,5,6,5,4,437.16,1748.64,2024-06-24,0,8,2024-06-28,0,2024-07-11
1433,40,7,6,5,2,437.16,874.32,2024-06-27,1,2,,0,2024-07-07
1434,41,10,6,6,30,437.16,13114.8,2024-06-11,0,1,2024-06-30,0,2024-06-30
1435,41,5,6,6,7,437.16,3060.12,2024-06-27,0,1,,0,2024-10-05
1436,42,7,6,7,3,437.16,1311.48,2024-06-29,0,3,,0,2024-07-10
1437,42,7,6,7,3,437.16,1311.48,2024-07-02,0,4,,0,2024-07-13
1438,42,8,6,7,4,437.16,1748.64,2024-06-15,0,7,2024-07-03,1,2024-07-02
1439,42,10,6,7,9,437.16,3934.44,2024-06-25,0,1,,0,2024-07-12
1440,42,7,6,7,5,437.16,2185.8,2024-06-09,1,2,2024-06-20,0,2024-06-20
1441,42,5,6,7,1,437.16,437.16,2024-06-20,0,2,2024-06-25,0,2024-07-05
1442,42,8,6,7,6,437.16,2622.96,2024-06-06,0,2,2024-06-16,0,2024-06-23
1443,42,7,6,7,3,437.16,1311.48,2024-06-26,0,2,,0,2024-07-07
1444,42,8,6,7,6,437.16,2622.96,2024-07-01,0,8,,0,2024-07-18
1445,42,5,6,7,4,437.16,1748.64,2024-07-02,0,1,,0,2024-07-17
1446,42,5,6,7,1,437.16,437.16,2024-07-01,0,2,,0,2024-07-16
1447,42,10,6,7,3,437.16,1311.48,2024-06-05,0,2,2024-06-22,0,2024-06-22
1448,42,8,6,7,1,437.16,437.16,2024-06-10,0,2,2024-06-23,0,2024-06-27
1449,42,5,6,7,6,437.16,2622.96,2024-06-09,0,2,2024-06-25,1,2024-06-24
1450,42,10,6,7,1,437.16,437.16,2024-06-12,0,2,2024-06-27,0,2024-06-29
1451,42,8,6,7,5,437.16,2185.8,2024-06-09,0,7,2024-06-24,0,2024-06-26
1452,42,7,6,7,2,437.16,874.32,2024-06-09,0,3,2024-06-20,0,2024-06-20
1453,42,8,6,7,1,437.16,437.16,2024-06-15,0,2,2024-06-27,0,2024-07-02
1454,42,8,6,7,1,437.16,437.16,2024-06-22,0,2,,0,2024-07-09
1455,43,10,7,1,1,770.51,770.51,2024-06-21,0,2,2024-06-25,0,2024-07-09
1456,43,1,7,1,1,770.51,770.51,2024-06-18,0,2,2024-06-28,0,2024-06-28
1457,43,2,7,1,1,770.51,770.51,2024-06-26,0,2,,1,2024-07-05
1458,43,2,7,1,2,770.51,1541.02,2024-06-12,0,2,2024-06-17,0,2024-06-21
1459,43,8,7,1,1,770.51,770.51,2024-07-02,0,1,2024-07-04,0,2024-07-16
1460,43,2,7,1,2,770.51,1541.02,2024-06-06,0,3,,1,2024-06-15
1461,43,10,7,1,2,770.51,1541.02,2024-07-03,1,2,,0,2024-07-21
1462,43,10,7,1,1,770.51,770.51,2024-06-07,0,8,2024-06-28,1,2024-06-25
1463,43,10,7,1,1,770.51,770.51,2024-06-28,0,2,,0,2024-07-16
1464,43,10,7,1,1,770.51,770.51,2024-07-02,0,2,,0,2024-07-20
1465,43,2,7,1,1,770.51,770.51,2024-06-25,1,1,,1,2024-07-04
1466,43,8,7,1,1,770.51,770.51,2024-06-23,0,2,2024-07-03,0,2024-07-07
1467,43,10,7,1,1,770.51,770.51,2024-07-03,0,1,,0,2024-07-21
1468,43,10,7,1,1,770.51,770.51,2024-06-09,0,2,2024-06-22,0,2024-06-27
1469,43,1,7,1,1,770.51,770.51,2024-07-03,1,8,,0,2024-07-13
1470,43,2,7,1,1,770.51,770.51,2024-06-16,0,7,2024-06-25,0,2024-06-25
1471,43,1,7,1,3,770.51,2311.53,2024-06-22,0,1,2024-06-27,0,2024-07-02
1472,43,1,7,1,1,770.51,770.51,2024-06-21,0,1,2024-06-30,0,2024-07-01
1473,43,10,7,1,1,770.51,770.51,2024-06-17,0,7,2024-06-30,0,2024-07-05
1474,43,1,7,1,1,770.51,770.51,2024-06-29,0,2,,0,2024-07-09
1475,43,8,7,1,2,770.51,1541.02,2024-07-02,0,2,,0,2024-07-16
1476,43,8,7,1,1,770.51,770.51,2024-06-07,0,2,2024-06-19,0,2024-06-21
1477,43,10,7,1,1,770.51,770.51,2024-07-01,0,6,,0,2024-07-19
1478,43,10,7,1,1,770.51,770.51,2024-06-20,0,2,,0,2024-07-08
1479,43,8,7,1,2,770.51,1541.02,2024-06-17,0,2,,1,2024-07-01
1480,43,8,7,1,1,770.51,770.51,2024-06-13,0,3,2024-06-25,0,2024-06-27
1481,43,1,7,1,1,770.51,770.51,2024-06-23,1,1,2024-07-03,0,2024-07-03
1482,43,10,7,1,1,770.51,770.51,2024-06-15,0,8,2024-06-25,0,2024-07-03
1483,43,8,7,1,1,770.51,770.51,2024-06-16,0,8,2024-07-01,1,2024-06-30
1484,44,2,7,2,3,770.51,2311.53,2024-06-12,0,8,2024-06-28,0,2024-06-28
1485,44,2,7,2,1,770.51,770.51,2024-06-26,1,1,,0,2024-07-12
1486,44,10,7,2,1,770.51,770.51,2024-06-27,0,2,,0,2024-10-05
1487,44,2,7,2,1,770.51,770.51,2024-06-17,0,4,2024-06-26,0,2024-07-03
1488,44,2,7,2,1,770.51,770.51,2024-07-02,0,8,,0,2024-07-18
1489,44,8,7,2,2,770.51,1541.02,2024-06-07,0,8,2024-06-21,0,2024-06-22
1490,44,1,7,2,1,770.51,770.51,2024-06-07,1,8,,1,2024-06-21
1491,44,8,7,2,1,770.51,770.51,2024-06-07,1,7,2024-06-22,0,2024-06-22
1492,44,10,7,2,1,770.51,770.51,2024-06-27,0,7,,0,2024-10-05
1493,44,10,7,2,2,770.51,1541.02,2024-06-20,1,2,,0,2024-09-28
1494,44,8,7,2,1,770.51,770.51,2024-06-29,0,1,,0,2024-07-14
1495,44,1,7,2,3,770.51,2311.53,2024-06-20,0,7,2024-07-04,0,2024-07-04
1496,44,8,7,2,1,770.51,770.51,2024-07-03,0,8,,0,2024-07-18
1497,44,1,7,2,1,770.51,770.51,2024-07-04,0,7,,0,2024-07-18
1498,45,2,7,3,1,770.51,770.51,2024-06-27,0,8,,0,2024-07-12
1499,45,2,7,3,1,770.51,770.51,2024-06-29,0,1,,0,2024-07-14
1500,45,10,7,3,1,770.51,770.51,2024-06-21,0,7,2024-07-01,0,2024-07-09
1501,45,2,7,3,5,770.51,3852.55,2024-06-20,0,1,2024-06-28,0,2024-07-05
1502,45,8,7,3,1,770.51,770.51,2024-06-14,0,8,2024-06-21,0,2024-07-01
1503,45,8,7,3,2,770.51,1541.02,2024-06-27,0,7,2024-07-05,0,2024-07-14
1504,45,1,7,3,1,770.51,770.51,2024-06-09,0,2,2024-06-21,0,2024-06-23
1505,45,2,7,3,3,770.51,2311.53,2024-06-20,0,3,2024-06-23,0,2024-07-05
1506,45,8,7,3,2,770.51,1541.02,2024-06-14,0,2,2024-07-01,0,2024-07-01
1507,45,1,7,3,1,770.51,770.51,2024-06-22,0,2,2024-07-04,0,2024-07-06
1508,45,2,7,3,1,770.51,770.51,2024-06-07,0,7,,1,2024-06-22
1509,45,8,7,3,1,770.51,770.51,2024-06-09,0,4,2024-06-25,0,2024-06-26
1510,45,1,7,3,1,770.51,770.51,2024-06-05,0,1,2024-06-17,0,2024-06-19
1511,45,8,7,3,2,770.51,1541.02,2024-06-22,0,7,,0,2024-07-09
1512,45,10,7,3,1,770.51,770.51,2024-06-15,0,2,2024-06-20,0,2024-07-03
1513,45,10,7,3,1,770.51,770.51,2024-06-17,0,7,2024-07-01,0,2024-07-05
1514,45,10,7,3,5,770.51,3852.55,2024-06-28,1,2,,0,2024-07-16
1515,45,10,7,3,2,770.51,1541.02,2024-07-02,0,4,,0,2024-07-20
1516,45,8,7,3,1,770.51,770.51,2024-06-25,1,6,,0,2024-07-12
1517,45,10,7,3,2,770.51,1541.02,2024-06-05,0,1,2024-06-23,0,2024-06-23
1518,45,1,7,3,1,770.51,770.51,2024-06-12,0,2,2024-06-26,0,2024-06-26
1519,45,1,7,3,2,770.51,1541.02,2024-06-24,0,2,,0,2024-07-08
1520,45,8,7,3,3,770.51,2311.53,2024-06-08,1,4,2024-06-22,0,2024-06-25
1521,45,2,7,3,1,770.51,770.51,2024-07-03,0,2,,0,2024-07-18
1522,45,10,7,3,2,770.51,1541.02,2024-06-18,0,2,2024-07-05,0,2024-07-06
1523,45,2,7,3,4,770.51,3082.04,2024-06-17,0,2,2024-07-03,1,2024-07-02
1524,45,8,7,3,1,770.51,770.51,2024-06-22,0,7,2024-07-03,0,2024-07-09
1525,45,10,7,3,1,770.51,770.51,2024-06-13,0,2,2024-06-30,0,2024-07-01
1526,45,8,7,3,1,770.51,770.51,2024-06-29,0,6,,0,2024-07-16
1527,45,8,7,3,1,770.51,770.51,2024-06-09,1,4,,1,2024-06-26
1528,45,2,7,3,1,770.51,770.51,2024-06-15,0,2,,1,2024-06-30
1529,45,10,7,3,1,770.51,770.51,2024-06-16,0,1,2024-06-25,0,2024-07-04
1530,46,10,7,4,10,770.51,7705.1,2024-06-19,0,1,2024-06-26,0,2024-07-02
1531,46,2,7,4,3,770.51,2311.53,2024-06-27,0,8,,0,2024-07-12
1532,46,10,7,4,4,770.51,3082.04,2024-07-04,0,2,,0,2024-07-17
1533,46,10,7,4,8,770.51,6164.08,2024-06-23,0,1,,0,2024-07-06
1534,46,8,7,4,3,770.51,2311.53,2024-07-02,1,2,,0,2024-10-10
1535,46,1,7,4,15,770.51,11557.65,2024-06-27,0,2,,0,2024-10-05
1536,46,10,7,4,19,770.51,14639.69,2024-06-08,0,6,2024-06-21,0,2024-06-21
1537,46,2,7,4,1,770.51,770.51,2024-06-05,1,2,2024-06-13,0,2024-06-20
1538,46,2,7,4,2,770.51,1541.02,2024-06-14,0,7,2024-06-29,0,2024-06-29
1539,46,8,7,4,13,770.51,10016.63,2024-06-28,0,2,,0,2024-10-06
1540,47,10,7,5,2,770.51,1541.02,2024-07-01,0,6,,0,2024-07-17
1541,47,2,7,5,1,770.51,770.51,2024-07-04,0,2,,0,2024-07-21
1542,47,1,7,5,1,770.51,770.51,2024-06-30,0,6,,0,2024-07-16
1543,47,10,7,5,1,770.51,770.51,2024-06-28,1,1,,0,2024-07-14
1544,47,10,7,5,1,770.51,770.51,2024-06-14,0,8,,1,2024-06-30
1545,47,2,7,5,2,770.51,1541.02,2024-06-09,1,3,,1,2024-06-26
1546,47,1,7,5,1,770.51,770.51,2024-06-26,1,3,,0,2024-07-12
1547,47,2,7,5,1,770.51,770.51,2024-06-25,0,6,2024-06-30,0,2024-07-12
1548,47,2,7,5,1,770.51,770.51,2024-06-16,1,2,,1,2024-07-03
1549,47,8,7,5,1,770.51,770.51,2024-06-22,0,2,,0,2024-07-10
1550,47,2,7,5,1,770.51,770.51,2024-06-23,0,8,,0,2024-07-10
1551,47,1,7,5,1,770.51,770.51,2024-06-19,1,1,2024-07-04,0,2024-07-05
1552,47,8,7,5,1,770.51,770.51,2024-06-07,1,2,2024-06-25,0,2024-06-25
1553,47,2,7,5,2,770.51,1541.02,2024-06-29,0,1,,0,2024-07-16
1554,47,2,7,5,2,770.51,1541.02,2024-06-17,0,8,2024-07-04,0,2024-07-04
1555,47,10,7,5,1,770.51,770.51,2024-06-22,0,2,2024-07-03,0,2024-07-08
1556,47,8,7,5,2,770.51,1541.02,2024-06-12,0,1,,1,2024-06-30
1557,47,10,7,5,3,770.51,2311.53,2024-06-07,0,2,2024-06-23,0,2024-06-23
1558,47,10,7,5,1,770.51,770.51,2024-06-14,0,2,,1,2024-06-30
1559,47,2,7,5,1,770.51,770.51,2024-06-24,0,1,,0,2024-07-11
1560,47,1,7,5,1,770.51,770.51,2024-06-05,1,5,2024-06-21,0,2024-06-21
1561,47,8,7,5,3,770.51,2311.53,2024-06-28,0,2,,0,2024-07-16
1562,47,1,7,5,1,770.51,770.51,2024-06-06,0,8,2024-06-18,0,2024-06-22
1563,47,1,7,5,1,770.51,770.51,2024-06-30,0,6,,0,2024-07-16
1564,47,8,7,5,2,770.51,1541.02,2024-06-27,0,2,,0,2024-07-15
1565,47,2,7,5,1,770.51,770.51,2024-06-15,0,1,2024-06-30,0,2024-07-02
1566,47,10,7,5,1,770.51,770.51,2024-06-21,0,7,2024-07-04,0,2024-07-07
1567,47,8,7,5,2,770.51,1541.02,2024-06-07,0,7,,1,2024-06-25
1568,47,8,7,5,2,770.51,1541.02,2024-06-07,0,7,2024-06-25,0,2024-06-25
1569,47,1,7,5,2,770.51,1541.02,2024-07-01,0,3,,0,2024-07-17
1570,47,10,7,5,1,770.51,770.51,2024-06-27,0,3,,0,2024-07-13
1571,47,10,7,5,2,770.51,1541.02,2024-06-05,0,2,,1,2024-06-21
1572,47,8,7,5,1,770.51,770.51,2024-06-30,0,7,,0,2024-07-18
1573,47,8,7,5,1,770.51,770.51,2024-06-06,0,2,2024-06-19,0,2024-06-24
1574,47,2,7,5,5,770.51,3852.55,2024-06-08,0,3,2024-06-18,0,2024-06-25
1575,47,1,7,5,2,770.51,1541.02,2024-06-23,1,7,2024-06-28,0,2024-07-09
1576,47,2,7,5,2,770.51,1541.02,2024-06-07,1,2,2024-06-19,0,2024-06-24
1577,47,8,7,5,2,770.51,1541.02,2024-07-02,0,3,,0,2024-07-20
1578,47,2,7,5,1,770.51,770.51,2024-06-05,0,2,,1,2024-06-22
1579,47,1,7,5,1,770.51,770.51,2024-06-18,0,3,2024-07-04,0,2024-07-04
1580,47,8,7,5,1,770.51,770.51,2024-07-01,0,7,,0,2024-07-19
1581,47,10,7,5,1,770.51,770.51,2024-06-26,0,8,,0,2024-07-12
1582,48,1,7,6,3,770.51,2311.53,2024-06-24,0,8,2024-06-29,0,2024-07-09
1583,48,8,7,6,3,770.51,2311.53,2024-06-20,0,1,2024-07-05,0,2024-07-05
1584,48,1,7,6,1,770.51,770.51,2024-06-17,0,3,2024-06-28,0,2024-07-02
1585,48,1,7,6,4,770.51,3082.04,2024-06-23,1,7,,0,2024-07-08
1586,48,8,7,6,1,770.51,770.51,2024-06-30,0,2,,0,2024-07-15
1587,48,2,7,6,1,770.51,770.51,2024-06-15,1,1,,0,2024-09-23
1588,48,1,7,6,1,770.51,770.51,2024-06-26,1,1,,0,2024-07-11
1589,48,10,7,6,1,770.51,770.51,2024-06-15,0,2,,1,2024-06-29
1590,48,8,7,6,5,770.51,3852.55,2024-06-20,0,3,,1,2024-07-05
1591,48,10,7,6,5,770.51,3852.55,2024-07-03,0,1,,0,2024-07-17
1592,48,8,7,6,1,770.51,770.51,2024-06-29,0,6,,0,2024-07-14
1593,48,10,7,6,3,770.51,2311.53,2024-06-19,0,6,2024-07-03,0,2024-07-03
1594,48,10,7,6,2,770.51,1541.02,2024-06-15,0,1,,1,2024-06-29
1595,48,8,7,6,1,770.51,770.51,2024-06-05,0,1,2024-06-14,0,2024-06-20
1596,48,10,7,6,3,770.51,2311.53,2024-06-05,1,1,,1,2024-06-19
1597,48,1,7,6,1,770.51,770.51,2024-06-15,0,1,2024-06-30,0,2024-06-30
1598,49,10,7,7,1,770.51,770.51,2024-06-21,1,1,,0,2024-09-29
1599,49,2,7,7,1,770.51,770.51,2024-06-27,0,3,2024-07-04,0,2024-07-09
1600,49,2,7,7,1,770.51,770.51,2024-06-23,1,8,,1,2024-07-05
1601,49,8,7,7,1,770.51,770.51,2024-06-25,0,3,2024-07-04,0,2024-07-05
1602,49,8,7,7,1,770.51,770.51,2024-06-22,0,2,2024-07-02,0,2024-07-02
1603,49,10,7,7,1,770.51,770.51,2024-06-17,0,1,,0,2024-09-25
1604,49,2,7,7,1,770.51,770.51,2024-06-13,0,2,2024-06-24,0,2024-06-25
1605,49,2,7,7,1,770.51,770.51,2024-06-13,0,1,2024-06-23,0,2024-06-25
1606,49,2,7,7,2,770.51,1541.02,2024-06-27,1,4,,0,2024-07-09
1607,49,2,7,7,1,770.51,770.51,2024-06-21,0,4,2024-07-03,0,2024-07-03
1608,49,2,7,7,1,770.51,770.51,2024-06-20,1,2,,1,2024-07-02
1609,49,2,7,7,1,770.51,770.51,2024-06-22,0,2,,1,2024-07-04
1610,49,8,7,7,1,770.51,770.51,2024-06-18,0,7,,1,2024-06-28
1611,49,1,7,7,1,770.51,770.51,2024-06-18,0,2,2024-07-02,0,2024-07-02
1612,49,1,7,7,1,770.51,770.51,2024-06-09,0,1,,1,2024-06-23
1613,49,10,7,7,2,770.51,1541.02,2024-07-04,0,2,,0,2024-10-12
1614,49,8,7,7,1,770.51,770.51,2024-06-27,0,8,,0,2024-07-07
1615,49,2,7,7,1,770.51,770.51,2024-06-13,1,2,,1,2024-06-25
1616,49,2,7,7,1,770.51,770.51,2024-06-23,0,7,,1,2024-07-05
1617,49,2,7,7,1,770.51,770.51,2024-06-14,0,2,2024-06-23,0,2024-06-26
1618,50,1,8,1,1,788.82,788.82,2024-06-26,1,6,,0,2024-07-17
1619,50,2,8,1,1,788.82,788.82,2024-06-09,1,1,2024-06-16,0,2024-06-25
1620,50,1,8,1,1,788.82,788.82,2024-07-03,0,2,,0,2024-07-24
1621,50,8,8,1,1,788.82,788.82,2024-06-30,0,2,,0,2024-07-17
1622,50,8,8,1,1,788.82,788.82,2024-06-23,0,2,,0,2024-07-10
1623,50,9,8,1,1,788.82,788.82,2024-07-02,0,1,,0,2024-07-19
1624,50,1,8,1,1,788.82,788.82,2024-06-09,0,2,2024-06-24,0,2024-06-30
1625,50,1,8,1,1,788.82,788.82,2024-06-12,0,2,2024-06-25,0,2024-07-03
1626,50,8,8,1,1,788.82,788.82,2024-06-23,1,6,2024-07-01,0,2024-07-10
1627,50,8,8,1,1,788.82,788.82,2024-06-27,0,8,,0,2024-07-14
1628,50,1,8,1,1,788.82,788.82,2024-06-08,0,2,2024-06-21,0,2024-06-29
1629,50,8,8,1,1,788.82,788.82,2024-06-20,0,8,2024-07-03,0,2024-07-07
1630,50,8,8,1,1,788.82,788.82,2024-06-06,1,2,,1,2024-06-23
1631,50,8,8,1,1,788.82,788.82,2024-06-22,0,7,,0,2024-07-09
1632,50,1,8,1,1,788.82,788.82,2024-06-17,0,2,2024-06-29,0,2024-07-08
1633,50,9,8,1,1,788.82,788.82,2024-06-09,1,2,2024-06-27,1,2024-06-26
1634,50,8,8,1,1,788.82,788.82,2024-06-08,0,2,2024-06-23,0,2024-06-25
1635,50,2,8,1,1,788.82,788.82,2024-06-10,0,2,2024-06-23,0,2024-06-26
1636,50,8,8,1,1,788.82,788.82,2024-06-09,0,2,2024-06-21,0,2024-06-26
1637,50,9,8,1,1,788.82,788.82,2024-06-24,0,2,,0,2024-07-11
1638,50,1,8,1,1,788.82,788.82,2024-06-05,0,1,2024-06-15,0,2024-06-26
1639,50,8,8,1,1,788.82,788.82,2024-06-29,1,1,,0,2024-07-16
1640,50,9,8,1,1,788.82,788.82,2024-06-27,0,2,,0,2024-07-14
1641,50,1,8,1,1,788.82,788.82,2024-06-14,0,2,2024-07-05,0,2024-07-05
1642,50,9,8,1,1,788.82,788.82,2024-06-25,0,2,2024-07-03,0,2024-07-12
1643,50,9,8,1,1,788.82,788.82,2024-06-25,0,2,,0,2024-07-12
1644,50,9,8,1,1,788.82,788.82,2024-06-29,0,2,,0,2024-07-16
1645,50,2,8,1,1,788.82,788.82,2024-06-23,0,1,2024-07-03,0,2024-07-09
1646,50,8,8,1,1,788.82,788.82,2024-06-15,0,2,,1,2024-07-02
1647,50,8,8,1,1,788.82,788.82,2024-07-01,0,4,,0,2024-07-18
1648,50,9,8,1,1,788.82,788.82,2024-06-17,0,7,2024-06-27,0,2024-07-04
1649,50,2,8,1,2,788.82,1577.64,2024-06-23,0,2,2024-07-04,0,2024-07-09
1650,50,1,8,1,1,788.82,788.82,2024-07-03,0,2,,0,2024-07-24
1651,50,1,8,1,1,788.82,788.82,2024-06-12,0,2,2024-07-05,1,2024-07-03
1652,50,1,8,1,1,788.82,788.82,2024-06-24,0,7,,0,2024-07-15
1653,50,9,8,1,1,788.82,788.82,2024-06-23,0,1,,0,2024-07-10
1654,50,9,8,1,1,788.82,788.82,2024-07-04,0,2,,0,2024-07-21
1655,50,9,8,1,1,788.82,788.82,2024-06-29,1,1,,0,2024-07-16
1656,50,8,8,1,1,788.82,788.82,2024-06-25,0,1,,0,2024-07-12
1657,50,8,8,1,1,788.82,788.82,2024-06-18,1,4,,1,2024-07-05
1658,50,8,8,1,1,788.82,788.82,2024-06-22,0,1,2024-07-05,0,2024-07-09
1659,50,2,8,1,3,788.82,2366.46,2024-06-11,0,7,2024-06-29,1,2024-06-27
1660,50,1,8,1,1,788.82,788.82,2024-07-04,0,2,,0,2024-07-25
1661,50,8,8,1,1,788.82,788.82,2024-06-11,0,2,2024-06-15,0,2024-06-28
1662,50,9,8,1,1,788.82,788.82,2024-06-29,0,2,,0,2024-07-16
1663,50,9,8,1,2,788.82,1577.64,2024-07-02,1,5,,0,2024-07-19
1664,50,9,8,1,1,788.82,788.82,2024-06-25,0,2,,0,2024-07-12
1665,50,8,8,1,1,788.82,788.82,2024-06-11,0,2,2024-06-21,0,2024-06-28
1666,50,9,8,1,1,788.82,788.82,2024-06-29,0,1,,0,2024-07-16
1667,50,8,8,1,1,788.82,788.82,2024-06-06,0,3,2024-06-16,0,2024-06-23
1668,50,2,8,1,1,788.82,788.82,2024-06-20,1,8,,0,2024-07-06
1669,50,8,8,1,1,788.82,788.82,2024-06-24,0,7,,0,2024-07-11
1670,50,8,8,1,1,788.82,788.82,2024-06-22,1,3,,0,2024-07-09
1671,50,9,8,1,1,788.82,788.82,2024-06-18,0,7,2024-06-29,0,2024-07-05
1672,50,1,8,1,1,788.82,788.82,2024-06-05,0,8,2024-06-13,0,2024-06-26
1673,50,1,8,1,1,788.82,788.82,2024-06-17,0,2,2024-07-05,0,2024-07-08
1674,50,9,8,1,1,788.82,788.82,2024-06-29,0,3,,0,2024-07-16
1675,50,1,8,1,1,788.82,788.82,2024-06-27,1,1,,0,2024-07-18
1676,50,2,8,1,1,788.82,788.82,2024-06-19,0,3,2024-06-30,0,2024-07-05
1677,50,9,8,1,1,788.82,788.82,2024-06-19,1,7,,0,2024-07-06
1678,50,1,8,1,1,788.82,788.82,2024-07-03,0,2,,0,2024-07-24
1679,50,1,8,1,1,788.82,788.82,2024-06-18,0,3,2024-06-25,0,2024-07-09
1680,50,8,8,1,1,788.82,788.82,2024-06-11,0,1,2024-06-23,0,2024-06-28
1681,50,2,8,1,1,788.82,788.82,2024-06-23,0,2,,0,2024-07-09
1682,50,2,8,1,1,788.82,788.82,2024-06-11,0,2,2024-06-27,0,2024-06-27
1683,50,8,8,1,1,788.82,788.82,2024-06-27,0,1,,0,2024-07-14
1684,50,2,8,1,1,788.82,788.82,2024-06-07,0,1,2024-06-23,0,2024-06-23
1685,50,1,8,1,1,788.82,788.82,2024-06-06,0,1,2024-06-13,0,2024-06-27
1686,50,1,8,1,1,788.82,788.82,2024-06-13,0,2,,1,2024-07-04
1687,50,2,8,1,1,788.82,788.82,2024-06-18,0,3,2024-07-02,0,2024-07-04
1688,50,1,8,1,1,788.82,788.82,2024-06-29,1,6,,0,2024-07-20
1689,50,8,8,1,1,788.82,788.82,2024-06-16,0,4,2024-06-27,0,2024-07-03
1690,50,8,8,1,1,788.82,788.82,2024-06-05,0,1,2024-06-14,0,2024-06-22
1691,50,1,8,1,1,788.82,788.82,2024-06-17,0,7,,0,2024-07-08
1692,50,1,8,1,1,788.82,788.82,2024-06-29,0,7,,0,2024-07-20
1693,50,9,8,1,1,788.82,788.82,2024-06-26,0,1,,0,2024-07-13
1694,50,2,8,1,1,788.82,788.82,2024-06-25,0,3,,0,2024-07-11
1695,50,8,8,1,1,788.82,788.82,2024-06-15,0,2,,1,2024-07-02
1696,50,9,8,1,1,788.82,788.82,2024-06-09,0,8,2024-06-25,0,2024-06-26
1697,50,8,8,1,1,788.82,788.82,2024-06-12,0,2,2024-06-24,0,2024-06-29
1698,50,2,8,1,1,788.82,788.82,2024-07-04,0,2,,0,2024-07-20
1699,50,8,8,1,1,788.82,788.82,2024-06-16,0,6,2024-06-30,0,2024-07-03
1700,50,8,8,1,1,788.82,788.82,2024-07-01,1,8,,0,2024-07-18
1701,50,8,8,1,1,788.82,788.82,2024-06-11,1,7,2024-06-22,0,2024-06-28
1702,50,9,8,1,1,788.82,788.82,2024-06-06,0,7,2024-06-22,0,2024-06-23
1703,50,8,8,1,1,788.82,788.82,2024-06-12,0,2,2024-07-02,1,2024-06-29
1704,50,1,8,1,1,788.82,788.82,2024-06-24,0,2,,0,2024-07-15
1705,50,2,8,1,1,788.82,788.82,2024-06-13,1,3,2024-06-29,0,2024-06-29
1706,50,8,8,1,1,788.82,788.82,2024-06-27,0,1,2024-07-05,0,2024-07-14
1707,50,2,8,1,1,788.82,788.82,2024-06-23,0,1,,0,2024-07-09
1708,50,2,8,1,2,788.82,1577.64,2024-06-14,1,2,,1,2024-06-30
1709,50,9,8,1,1,788.82,788.82,2024-07-04,1,2,,0,2024-07-21
1710,50,2,8,1,1,788.82,788.82,2024-06-28,0,6,,0,2024-07-14
1711,50,1,8,1,1,788.82,788.82,2024-06-25,0,2,,0,2024-07-16
1712,50,1,8,1,1,788.82,788.82,2024-06-11,1,2,,1,2024-07-02
1713,50,2,8,1,1,788.82,788.82,2024-06-15,0,2,2024-06-29,0,2024-07-01
1714,50,8,8,1,1,788.82,788.82,2024-06-07,0,7,2024-06-25,1,2024-06-24
1715,51,8,8,2,4,788.82,3155.28,2024-06-06,0,8,2024-06-14,0,2024-06-21
1716,51,2,8,2,5,788.82,3944.1,2024-06-08,0,1,,0,2024-09-16
1717,51,9,8,2,10,788.82,7888.2,2024-06-22,1,2,,0,2024-09-30
1718,51,2,8,2,7,788.82,5521.74,2024-07-02,0,6,,0,2024-10-10
1719,51,8,8,2,15,788.82,11832.3,2024-06-17,0,8,2024-07-03,1,2024-07-02
1720,51,2,8,2,5,788.82,3944.1,2024-07-03,0,8,,0,2024-10-11
1721,51,1,8,2,14,788.82,11043.48,2024-06-05,0,8,2024-06-18,0,2024-06-18
1722,51,8,8,2,3,788.82,2366.46,2024-06-23,1,5,2024-07-02,0,2024-07-08
1723,51,8,8,2,4,788.82,3155.28,2024-06-25,0,2,,0,2024-07-10
1724,52,9,8,3,6,788.82,4732.92,2024-06-11,0,2,2024-06-17,0,2024-06-24
1725,52,9,8,3,8,788.82,6310.56,2024-06-07,1,1,2024-06-20,0,2024-06-20
1726,52,2,8,3,26,788.82,20509.32,2024-06-19,0,3,2024-07-05,0,2024-07-05
1727,52,1,8,3,26,788.82,20509.32,2024-06-15,0,2,2024-06-22,0,2024-06-22
1728,52,9,8,3,1,788.82,788.82,2024-06-18,0,1,2024-07-01,0,2024-07-01
1729,53,8,8,4,1,788.82,788.82,2024-06-10,1,7,2024-06-29,0,2024-07-01
1730,53,8,8,4,1,788.82,788.82,2024-06-07,0,2,2024-06-30,1,2024-06-28
1731,53,8,8,4,2,788.82,1577.64,2024-06-08,0,8,2024-06-23,0,2024-06-29
1732,53,2,8,4,1,788.82,788.82,2024-06-21,1,2,,0,2024-07-06
1733,53,9,8,4,2,788.82,1577.64,2024-06-27,0,2,,0,2024-07-10
1734,53,2,8,4,1,788.82,788.82,2024-06-12,0,7,2024-06-16,0,2024-06-27
1735,53,2,8,4,1,788.82,788.82,2024-06-16,0,1,2024-06-29,0,2024-07-01
1736,53,1,8,4,1,788.82,788.82,2024-06-24,0,6,,0,2024-07-06
1737,53,8,8,4,1,788.82,788.82,2024-06-17,0,6,2024-06-23,0,2024-07-08
1738,53,1,8,4,1,788.82,788.82,2024-06-13,0,2,2024-06-25,0,2024-06-25
1739,53,1,8,4,1,788.82,788.82,2024-06-06,1,1,2024-06-17,0,2024-06-18
1740,53,9,8,4,1,788.82,788.82,2024-06-29,0,2,,0,2024-07-12
1741,53,2,8,4,1,788.82,788.82,2024-06-29,0,7,,0,2024-07-14
1742,53,8,8,4,1,788.82,788.82,2024-06-22,0,2,2024-06-29,0,2024-07-13
1743,53,1,8,4,1,788.82,788.82,2024-06-24,0,1,2024-07-03,0,2024-07-06
1744,53,1,8,4,1,788.82,788.82,2024-06-20,0,1,,1,2024-07-02
1745,53,9,8,4,1,788.82,788.82,2024-06-17,0,2,2024-06-28,0,2024-06-30
1746,53,9,8,4,1,788.82,788.82,2024-06-13,0,1,2024-06-21,0,2024-06-26
1747,53,2,8,4,1,788.82,788.82,2024-07-03,0,1,,0,2024-07-18
1748,53,9,8,4,1,788.82,788.82,2024-06-17,0,2,2024-07-01,1,2024-06-30
1749,53,2,8,4,1,788.82,788.82,2024-07-02,0,2,,0,2024-07-17
1750,53,9,8,4,1,788.82,788.82,2024-06-21,0,2,2024-07-01,0,2024-07-04
1751,53,2,8,4,1,788.82,788.82,2024-06-28,0,4,,0,2024-07-13
1752,53,9,8,4,1,788.82,788.82,2024-06-23,0,1,,0,2024-07-06
1753,53,8,8,4,1,788.82,788.82,2024-06-23,0,2,,0,2024-07-14
1754,53,2,8,4,1,788.82,788.82,2024-06-08,1,2,2024-06-23,0,2024-06-23
1755,53,1,8,4,1,788.82,788.82,2024-06-17,1,4,2024-06-27,0,2024-06-29
1756,53,8,8,4,1,788.82,788.82,2024-06-14,1,2,2024-06-30,0,2024-07-05
1757,53,1,8,4,1,788.82,788.82,2024-07-01,0,2,,0,2024-07-13
1758,53,9,8,4,1,788.82,788.82,2024-06-12,0,7,2024-06-23,0,2024-06-25
1759,53,1,8,4,1,788.82,788.82,2024-06-28,0,1,,0,2024-07-10
1760,53,1,8,4,2,788.82,1577.64,2024-06-28,0,1,,0,2024-07-10
1761,53,9,8,4,1,788.82,788.82,2024-06-17,0,2,2024-06-24,0,2024-06-30
1762,54,9,8,5,4,788.82,3155.28,2024-06-30,0,4,,0,2024-07-18
1763,54,2,8,5,2,788.82,1577.64,2024-06-24,0,8,2024-07-03,0,2024-07-03
1764,54,1,8,5,4,788.82,3155.28,2024-06-18,0,2,2024-07-03,0,2024-07-03
1765,54,9,8,5,1,788.82,788.82,2024-06-21,0,1,,0,2024-07-09
1766,54,2,8,5,5,788.82,3944.1,2024-06-23,0,2,,1,2024-07-02
1767,54,9,8,5,1,788.82,788.82,2024-06-05,0,2,2024-06-23,0,2024-06-23
1768,54,8,8,5,1,788.82,788.82,2024-06-22,0,2,2024-07-02,0,2024-07-05
1769,54,2,8,5,3,788.82,2366.46,2024-06-21,0,7,,1,2024-06-30
1770,54,1,8,5,1,788.82,788.82,2024-07-01,0,8,,0,2024-07-16
1771,54,8,8,5,1,788.82,788.82,2024-06-21,0,2,2024-07-04,0,2024-07-04
1772,54,1,8,5,4,788.82,3155.28,2024-06-12,1,1,2024-06-24,0,2024-06-27
1773,54,8,8,5,1,788.82,788.82,2024-06-22,0,2,,1,2024-07-05
1774,54,9,8,5,1,788.82,788.82,2024-07-04,1,8,,0,2024-07-22
1775,54,9,8,5,1,788.82,788.82,2024-06-27,1,2,,0,2024-07-15
1776,54,8,8,5,1,788.82,788.82,2024-06-11,0,2,2024-06-23,0,2024-06-24
1777,54,9,8,5,8,788.82,6310.56,2024-06-11,0,1,2024-06-24,0,2024-06-29
1778,54,2,8,5,2,788.82,1577.64,2024-07-03,1,3,,0,2024-07-12
1779,54,2,8,5,1,788.82,788.82,2024-06-11,0,4,,1,2024-06-20
1780,54,1,8,5,1,788.82,788.82,2024-06-10,0,2,2024-06-18,0,2024-06-25
1781,54,1,8,5,2,788.82,1577.64,2024-06-28,0,4,,0,2024-07-13
1782,55,1,8,6,1,788.82,788.82,2024-06-19,0,1,2024-07-03,0,2024-07-10
1783,55,8,8,6,1,788.82,788.82,2024-06-20,0,2,2024-06-30,0,2024-07-09
1784,55,2,8,6,1,788.82,788.82,2024-06-15,0,2,2024-06-22,0,2024-06-30
1785,55,8,8,6,1,788.82,788.82,2024-06-14,0,7,2024-06-17,0,2024-07-03
1786,55,2,8,6,1,788.82,788.82,2024-06-07,1,4,2024-06-19,0,2024-06-22
1787,55,1,8,6,1,788.82,788.82,2024-06-24,0,3,,0,2024-07-15
1788,55,9,8,6,1,788.82,788.82,2024-06-17,0,7,2024-06-29,0,2024-07-01
1789,55,9,8,6,1,788.82,788.82,2024-06-25,0,2,2024-07-01,0,2024-07-09
1790,55,1,8,6,1,788.82,788.82,2024-06-10,0,2,2024-06-18,0,2024-07-01
1791,55,9,8,6,1,788.82,788.82,2024-06-26,0,2,,0,2024-07-10
1792,55,1,8,6,1,788.82,788.82,2024-06-20,0,4,2024-07-04,0,2024-07-11
1793,55,1,8,6,1,788.82,788.82,2024-07-02,0,1,,0,2024-07-23
1794,55,1,8,6,1,788.82,788.82,2024-07-04,0,2,,0,2024-07-25
1795,55,9,8,6,1,788.82,788.82,2024-07-04,0,1,,0,2024-07-18
1796,55,9,8,6,1,788.82,788.82,2024-07-03,0,5,,0,2024-07-17
1797,55,8,8,6,1,788.82,788.82,2024-06-14,0,2,2024-06-30,0,2024-07-03
1798,55,8,8,6,1,788.82,788.82,2024-06-18,0,2,2024-06-28,0,2024-07-07
1799,55,9,8,6,1,788.82,788.82,2024-06-11,0,3,2024-07-02,1,2024-06-25
1800,55,1,8,6,1,788.82,788.82,2024-06-12,0,3,2024-06-24,0,2024-07-03
1801,55,2,8,6,1,788.82,788.82,2024-06-18,0,4,2024-06-24,0,2024-07-03
1802,55,9,8,6,1,788.82,788.82,2024-06-21,0,2,2024-07-05,0,2024-07-05
1803,55,8,8,6,1,788.82,788.82,2024-06-15,0,2,2024-07-03,0,2024-07-04
1804,55,1,8,6,1,788.82,788.82,2024-06-28,1,8,,0,2024-07-19
1805,55,1,8,6,1,788.82,788.82,2024-06-25,0,2,,0,2024-07-16
1806,55,1,8,6,1,788.82,788.82,2024-06-22,1,1,,0,2024-07-13
1807,55,2,8,6,1,788.82,788.82,2024-06-25,1,8,,0,2024-07-10
1808,55,8,8,6,1,788.82,788.82,2024-06-09,0,1,2024-06-16,0,2024-06-28
1809,55,8,8,6,1,788.82,788.82,2024-06-17,0,3,2024-07-01,0,2024-07-06
1810,55,9,8,6,1,788.82,788.82,2024-06-28,0,7,,0,2024-07-12
1811,55,1,8,6,1,788.82,788.82,2024-06-20,1,7,,0,2024-07-11
1812,55,2,8,6,1,788.82,788.82,2024-06-28,0,2,,0,2024-07-13
1813,55,8,8,6,1,788.82,788.82,2024-06-30,0,3,,0,2024-07-19
1814,55,1,8,6,1,788.82,788.82,2024-06-26,1,5,,0,2024-07-17
1815,55,1,8,6,1,788.82,788.82,2024-06-24,0,2,,0,2024-07-15
1816,55,1,8,6,1,788.82,788.82,2024-06-15,1,2,,0,2024-07-06
1817,55,9,8,6,2,788.82,1577.64,2024-06-12,0,3,2024-06-26,0,2024-06-26
1818,55,9,8,6,1,788.82,788.82,2024-06-25,1,2,,0,2024-07-09
1819,55,8,8,6,1,788.82,788.82,2024-06-14,0,2,2024-07-04,1,2024-07-03
1820,55,1,8,6,1,788.82,788.82,2024-07-03,0,4,,0,2024-07-24
1821,55,2,8,6,1,788.82,788.82,2024-06-05,0,6,2024-06-12,0,2024-06-20
1822,55,8,8,6,1,788.82,788.82,2024-06-29,0,7,,0,2024-07-18
1823,55,9,8,6,1,788.82,788.82,2024-07-04,0,2,,0,2024-07-18
1824,55,2,8,6,1,788.82,788.82,2024-06-28,0,2,,0,2024-07-13
1825,55,8,8,6,1,788.82,788.82,2024-06-17,1,3,,0,2024-07-06
1826,55,9,8,6,1,788.82,788.82,2024-06-11,0,1,2024-06-24,0,2024-06-25
1827,55,9,8,6,1,788.82,788.82,2024-06-26,1,2,,0,2024-07-10
1828,55,2,8,6,1,788.82,788.82,2024-06-17,0,4,,1,2024-07-02
1829,55,8,8,6,1,788.82,788.82,2024-06-18,0,1,2024-07-01,0,2024-07-07
1830,55,8,8,6,1,788.82,788.82,2024-06-23,1,2,,0,2024-07-12
1831,55,1,8,6,1,788.82,788.82,2024-06-16,0,2,2024-06-28,0,2024-07-07
1832,55,9,8,6,1,788.82,788.82,2024-06-16,0,3,2024-06-28,0,2024-06-30
1833,55,8,8,6,1,788.82,788.82,2024-06-19,0,2,2024-06-25,0,2024-07-08
1834,55,8,8,6,1,788.82,788.82,2024-07-01,0,2,,0,2024-07-20
1835,55,8,8,6,1,788.82,788.82,2024-06-24,0,3,,0,2024-07-13
1836,55,1,8,6,1,788.82,788.82,2024-06-17,0,4,2024-07-05,0,2024-07-08
1837,55,1,8,6,1,788.82,788.82,2024-07-02,0,1,,0,2024-07-23
1838,55,8,8,6,1,788.82,788.82,2024-06-26,0,1,,0,2024-07-15
1839,55,9,8,6,1,788.82,788.82,2024-06-29,0,2,,0,2024-07-13
1840,55,2,8,6,1,788.82,788.82,2024-06-15,0,1,2024-06-29,0,2024-06-30
1841,55,8,8,6,1,788.82,788.82,2024-06-16,1,2,2024-07-05,0,2024-07-05
1842,55,8,8,6,1,788.82,788.82,2024-06-19,0,7,2024-07-03,0,2024-07-08
1843,55,2,8,6,1,788.82,788.82,2024-07-04,0,2,,0,2024-07-19
1844,55,9,8,6,1,788.82,788.82,2024-07-02,0,2,,0,2024-07-16
1845,55,9,8,6,1,788.82,788.82,2024-06-11,0,2,2024-06-23,0,2024-06-25
1846,55,8,8,6,1,788.82,788.82,2024-06-11,0,2,2024-06-16,0,2024-06-30
1847,55,1,8,6,1,788.82,788.82,2024-06-20,1,2,2024-07-03,0,2024-07-11
1848,55,2,8,6,1,788.82,788.82,2024-06-21,0,2,2024-06-28,0,2024-07-06
1849,55,8,8,6,1,788.82,788.82,2024-07-03,0,3,,0,2024-07-22
1850,55,2,8,6,1,788.82,788.82,2024-06-30,0,2,,0,2024-07-15
1851,55,8,8,6,1,788.82,788.82,2024-07-03,0,1,,0,2024-07-22
1852,55,9,8,6,1,788.82,788.82,2024-06-24,0,6,2024-07-05,0,2024-07-08
1853,55,2,8,6,1,788.82,788.82,2024-07-01,0,2,,0,2024-07-16
1854,55,2,8,6,1,788.82,788.82,2024-07-03,1,2,,0,2024-07-18
1855,55,8,8,6,1,788.82,788.82,2024-06-07,1,7,2024-06-19,0,2024-06-26
1856,55,1,8,6,1,788.82,788.82,2024-07-04,0,4,,0,2024-07-25
1857,55,8,8,6,1,788.82,788.82,2024-06-15,1,3,2024-07-02,0,2024-07-04
1858,55,1,8,6,1,788.82,788.82,2024-06-20,0,1,2024-07-02,0,2024-07-11
1859,55,9,8,6,1,788.82,788.82,2024-06-06,0,3,2024-06-12,0,2024-06-20
1860,55,2,8,6,1,788.82,788.82,2024-06-26,0,4,,0,2024-07-11
1861,55,1,8,6,1,788.82,788.82,2024-07-02,0,2,,0,2024-07-23
1862,55,1,8,6,1,788.82,788.82,2024-06-11,0,4,2024-07-02,0,2024-07-02
1863,55,2,8,6,1,788.82,788.82,2024-06-05,0,2,2024-06-17,0,2024-06-20
1864,55,2,8,6,1,788.82,788.82,2024-06-29,0,6,,0,2024-07-14
1865,55,8,8,6,1,788.82,788.82,2024-06-22,0,1,2024-06-29,0,2024-07-11
1866,55,1,8,6,1,788.82,788.82,2024-06-07,1,3,,1,2024-06-28
1867,55,1,8,6,1,788.82,788.82,2024-06-21,0,1,2024-06-29,0,2024-07-12
1868,55,1,8,6,1,788.82,788.82,2024-06-12,0,1,2024-06-18,0,2024-07-03
1869,55,1,8,6,1,788.82,788.82,2024-06-12,0,1,2024-06-26,0,2024-07-03
1870,55,1,8,6,1,788.82,788.82,2024-06-07,0,5,2024-06-23,0,2024-06-28
1871,55,2,8,6,1,788.82,788.82,2024-06-11,1,8,,1,2024-06-26
1872,55,2,8,6,1,788.82,788.82,2024-06-21,0,2,,0,2024-07-06
1873,55,9,8,6,1,788.82,788.82,2024-06-29,0,2,,0,2024-07-13
1874,55,9,8,6,1,788.82,788.82,2024-06-27,0,8,,0,2024-07-11
1875,55,1,8,6,1,788.82,788.82,2024-06-26,0,4,,0,2024-07-17
1876,55,9,8,6,1,788.82,788.82,2024-06-08,0,2,2024-06-21,0,2024-06-22
1877,55,2,8,6,1,788.82,788.82,2024-06-17,0,1,2024-07-04,1,2024-07-02
1878,55,1,8,6,1,788.82,788.82,2024-06-14,0,2,2024-07-05,0,2024-07-05
1879,55,8,8,6,1,788.82,788.82,2024-06-13,0,4,,1,2024-07-02
1880,55,2,8,6,1,788.82,788.82,2024-06-28,0,2,2024-07-04,0,2024-07-13
1881,55,9,8,6,1,788.82,788.82,2024-06-24,0,1,2024-07-03,0,2024-07-08
1882,55,8,8,6,1,788.82,788.82,2024-06-15,1,1,,1,2024-07-04
1883,55,8,8,6,1,788.82,788.82,2024-06-11,0,6,2024-06-20,0,2024-06-30
1884,55,9,8,6,1,788.82,788.82,2024-06-29,0,1,,0,2024-07-13
1885,55,1,8,6,1,788.82,788.82,2024-07-04,0,1,,0,2024-07-25
1886,56,2,8,7,1,788.82,788.82,2024-06-14,1,2,2024-06-28,0,2024-06-28
1887,56,2,8,7,1,788.82,788.82,2024-06-14,0,2,2024-06-28,0,2024-06-28
1888,56,1,8,7,1,788.82,788.82,2024-06-05,1,2,,1,2024-06-30
1889,56,8,8,7,1,788.82,788.82,2024-06-19,0,2,2024-06-30,0,2024-07-07
1890,56,2,8,7,1,788.82,788.82,2024-06-27,0,4,,0,2024-07-11
1891,56,9,8,7,1,788.82,788.82,2024-07-04,0,2,,0,2024-10-12
1892,56,8,8,7,1,788.82,788.82,2024-06-13,0,3,2024-07-02,1,2024-07-01
1893,56,8,8,7,1,788.82,788.82,2024-06-07,0,1,2024-06-17,0,2024-06-25
1894,56,8,8,7,1,788.82,788.82,2024-06-14,0,2,2024-07-01,0,2024-07-02
1895,56,9,8,7,1,788.82,788.82,2024-07-04,0,2,,0,2024-10-12
1896,56,1,8,7,1,788.82,788.82,2024-06-08,0,2,2024-06-13,0,2024-07-03
1897,56,8,8,7,1,788.82,788.82,2024-06-15,0,2,,1,2024-07-03
1898,56,1,8,7,1,788.82,788.82,2024-06-18,0,7,2024-06-26,0,2024-07-13
1899,56,1,8,7,1,788.82,788.82,2024-06-05,0,8,2024-07-04,1,2024-06-30
1900,56,8,8,7,1,788.82,788.82,2024-06-06,0,1,2024-06-14,0,2024-06-24
1901,56,8,8,7,1,788.82,788.82,2024-06-25,0,2,,0,2024-07-13
1902,56,9,8,7,1,788.82,788.82,2024-06-26,0,2,,0,2024-10-04
1903,56,1,8,7,1,788.82,788.82,2024-06-13,0,2,2024-06-26,0,2024-07-08
1904,56,8,8,7,1,788.82,788.82,2024-06-26,0,8,2024-07-05,0,2024-07-14
1905,56,1,8,7,1,788.82,788.82,2024-06-22,1,2,,0,2024-07-17
1906,56,1,8,7,1,788.82,788.82,2024-06-12,1,3,,0,2024-07-07
1907,56,1,8,7,1,788.82,788.82,2024-06-12,0,2,,0,2024-07-07
1908,57,1,9,1,1,561.32,561.32,2024-06-24,0,1,,0,2024-07-10
1909,57,1,9,1,2,561.32,1122.64,2024-07-04,0,1,,0,2024-07-20
1910,57,1,9,1,2,561.32,1122.64,2024-06-14,0,2,2024-06-25,0,2024-06-30
1911,57,1,9,1,1,561.32,561.32,2024-06-22,0,2,,0,2024-07-08
1912,57,1,9,1,2,561.32,1122.64,2024-06-30,0,2,,0,2024-07-16
1913,57,1,9,1,1,561.32,561.32,2024-06-06,0,2,,1,2024-06-22
1914,57,1,9,1,1,561.32,561.32,2024-06-21,1,3,,0,2024-07-07
1915,57,1,9,1,3,561.32,1683.96,2024-07-04,0,1,,0,2024-07-20
1916,57,1,9,1,2,561.32,1122.64,2024-06-28,0,1,,0,2024-07-14
1917,57,1,9,1,1,561.32,561.32,2024-06-23,1,2,2024-07-04,0,2024-07-09
1918,57,1,9,1,2,561.32,1122.64,2024-06-28,0,2,,0,2024-07-14
1919,57,1,9,1,1,561.32,561.32,2024-06-08,0,5,2024-06-20,0,2024-06-24
1920,57,1,9,1,3,561.32,1683.96,2024-06-10,0,2,2024-06-30,1,2024-06-26
1921,57,1,9,1,2,561.32,1122.64,2024-06-24,0,7,,0,2024-07-10
1922,57,1,9,1,1,561.32,561.32,2024-06-15,0,1,2024-06-30,0,2024-07-01
1923,57,1,9,1,1,561.32,561.32,2024-06-20,0,2,,0,2024-07-06
1924,57,1,9,1,2,561.32,1122.64,2024-06-29,0,7,,0,2024-07-15
1925,57,1,9,1,2,561.32,1122.64,2024-06-15,1,3,,1,2024-07-01
1926,57,1,9,1,1,561.32,561.32,2024-06-20,0,2,2024-06-25,0,2024-07-06
1927,57,1,9,1,2,561.32,1122.64,2024-06-10,0,2,2024-06-21,0,2024-06-26
1928,57,1,9,1,1,561.32,561.32,2024-06-12,1,3,2024-06-21,0,2024-06-28
1929,57,1,9,1,3,561.32,1683.96,2024-06-05,0,2,2024-06-12,0,2024-06-21
1930,58,1,9,2,10,561.32,5613.2,2024-07-03,0,2,,0,2024-07-18
1931,58,1,9,2,7,561.32,3929.24,2024-06-17,0,8,2024-07-02,0,2024-07-02
1932,58,1,9,2,29,561.32,16278.28,2024-06-25,1,2,,0,2024-07-10
1933,58,1,9,2,4,561.32,2245.28,2024-06-09,0,1,2024-06-22,0,2024-06-24
1934,59,1,9,3,1,561.32,561.32,2024-06-15,0,2,2024-06-20,0,2024-07-06
1935,59,1,9,3,1,561.32,561.32,2024-06-07,0,2,2024-06-17,0,2024-06-28
1936,59,1,9,3,1,561.32,561.32,2024-06-21,0,2,,0,2024-07-12
1937,59,1,9,3,1,561.32,561.32,2024-06-17,0,2,2024-06-29,0,2024-07-08
1938,59,1,9,3,1,561.32,561.32,2024-06-27,0,6,2024-07-03,0,2024-07-18
1939,59,1,9,3,1,561.32,561.32,2024-06-11,1,5,2024-06-15,0,2024-07-02
1940,59,1,9,3,1,561.32,561.32,2024-06-07,1,2,2024-06-26,0,2024-06-28
1941,59,1,9,3,1,561.32,561.32,2024-06-08,0,2,2024-06-23,0,2024-06-29
1942,59,1,9,3,1,561.32,561.32,2024-06-22,0,7,,0,2024-07-13
1943,59,1,9,3,1,561.32,561.32,2024-06-14,0,4,2024-07-03,0,2024-07-05
1944,59,1,9,3,1,561.32,561.32,2024-06-07,0,2,2024-06-18,0,2024-06-28
1945,59,1,9,3,1,561.32,561.32,2024-07-01,0,4,,0,2024-07-22
1946,59,1,9,3,1,561.32,561.32,2024-06-25,1,2,,0,2024-07-16
1947,59,1,9,3,1,561.32,561.32,2024-06-26,0,2,2024-06-29,0,2024-07-17
1948,59,1,9,3,1,561.32,561.32,2024-06-10,0,3,2024-06-27,0,2024-07-01
1949,59,1,9,3,1,561.32,561.32,2024-06-23,0,5,2024-07-05,0,2024-07-14
1950,59,1,9,3,1,561.32,561.32,2024-06-10,0,3,2024-07-01,0,2024-07-01
1951,59,1,9,3,1,561.32,561.32,2024-06-16,0,1,2024-07-01,0,2024-07-07
1952,59,1,9,3,1,561.32,561.32,2024-06-17,1,6,,0,2024-07-08
1953,59,1,9,3,1,561.32,561.32,2024-06-20,0,2,,0,2024-07-11
1954,59,1,9,3,1,561.32,561.32,2024-06-21,0,2,2024-06-27,0,2024-07-12
1955,59,1,9,3,1,561.32,561.32,2024-06-18,0,2,2024-06-27,0,2024-07-09
1956,59,1,9,3,1,561.32,561.32,2024-07-03,0,4,,0,2024-07-24
1957,59,1,9,3,1,561.32,561.32,2024-06-24,0,7,,0,2024-07-15
1958,59,1,9,3,1,561.32,561.32,2024-06-14,1,3,,1,2024-07-05
1959,59,1,9,3,1,561.32,561.32,2024-06-15,0,1,,0,2024-07-06
1960,59,1,9,3,1,561.32,561.32,2024-06-30,1,3,,0,2024-07-21
1961,59,1,9,3,1,561.32,561.32,2024-06-14,1,2,2024-07-05,0,2024-07-05
1962,59,1,9,3,1,561.32,561.32,2024-06-25,0,1,2024-07-02,0,2024-07-16
1963,59,1,9,3,1,561.32,561.32,2024-06-14,0,2,2024-06-24,0,2024-07-05
1964,59,1,9,3,1,561.32,561.32,2024-06-16,0,7,2024-07-04,0,2024-07-07
1965,59,1,9,3,1,561.32,561.32,2024-06-29,0,2,,0,2024-07-20
1966,59,1,9,3,1,561.32,561.32,2024-06-09,0,8,2024-06-23,0,2024-06-30
1967,59,1,9,3,1,561.32,561.32,2024-06-21,0,2,2024-07-01,0,2024-07-12
1968,59,1,9,3,1,561.32,561.32,2024-07-03,0,2,,0,2024-07-24
1969,59,1,9,3,1,561.32,561.32,2024-06-28,0,6,,0,2024-07-19
1970,59,1,9,3,1,561.32,561.32,2024-06-18,0,2,2024-06-29,0,2024-07-09
1971,59,1,9,3,1,561.32,561.32,2024-07-01,0,1,,0,2024-07-22
1972,59,1,9,3,1,561.32,561.32,2024-06-26,0,2,,0,2024-07-17
1973,59,1,9,3,1,561.32,561.32,2024-06-18,0,8,,0,2024-07-09
1974,59,1,9,3,1,561.32,561.32,2024-06-25,0,2,,0,2024-07-16
1975,59,1,9,3,1,561.32,561.32,2024-06-07,0,1,2024-06-22,0,2024-06-28
1976,59,1,9,3,1,561.32,561.32,2024-06-08,0,7,2024-07-03,1,2024-06-29
1977,60,1,9,4,51,561.32,28627.32,2024-06-23,1,2,,0,2024-07-06
1978,60,1,9,4,11,561.32,6174.52,2024-07-02,1,3,,0,2024-07-15
1979,60,1,9,4,2,561.32,1122.64,2024-06-07,0,3,2024-06-20,0,2024-06-20
1980,60,1,9,4,35,561.32,19646.2,2024-06-07,0,2,,1,2024-06-20
1981,61,1,9,5,2,561.32,1122.64,2024-06-25,0,3,2024-07-01,0,2024-07-13
1982,61,1,9,5,1,561.32,561.32,2024-06-23,0,3,2024-07-05,0,2024-07-11
1983,61,1,9,5,2,561.32,1122.64,2024-06-30,0,2,,0,2024-07-18
1984,61,1,9,5,1,561.32,561.32,2024-06-25,0,7,,0,2024-07-13
1985,61,1,9,5,1,561.32,561.32,2024-06-29,0,3,,0,2024-07-17
1986,61,1,9,5,1,561.32,561.32,2024-06-29,1,2,,0,2024-07-17
1987,61,1,9,5,2,561.32,1122.64,2024-06-17,0,4,,1,2024-07-05
1988,61,1,9,5,1,561.32,561.32,2024-06-29,0,7,,0,2024-07-17
1989,61,1,9,5,1,561.32,561.32,2024-06-17,0,2,2024-06-28,0,2024-07-05
1990,61,1,9,5,1,561.32,561.32,2024-06-09,0,2,2024-06-25,0,2024-06-27
1991,61,1,9,5,1,561.32,561.32,2024-06-13,1,2,,1,2024-07-01
1992,61,1,9,5,5,561.32,2806.6,2024-06-06,1,7,2024-07-03,1,2024-06-24
1993,61,1,9,5,2,561.32,1122.64,2024-06-11,0,3,2024-06-24,0,2024-06-29
1994,61,1,9,5,1,561.32,561.32,2024-07-03,0,1,,0,2024-07-21
1995,61,1,9,5,1,561.32,561.32,2024-06-27,0,1,2024-07-02,0,2024-07-15
1996,61,1,9,5,1,561.32,561.32,2024-06-16,0,3,2024-07-04,0,2024-07-04
1997,61,1,9,5,2,561.32,1122.64,2024-07-03,1,7,,0,2024-07-21
1998,61,1,9,5,1,561.32,561.32,2024-06-14,0,7,2024-06-22,0,2024-07-02
1999,61,1,9,5,2,561.32,1122.64,2024-06-26,0,4,2024-07-04,0,2024-07-14
2000,61,1,9,5,2,561.32,1122.64,2024-06-28,0,2,,0,2024-07-16
2001,61,1,9,5,4,561.32,2245.28,2024-06-17,0,2,2024-07-01,0,2024-07-05
2002,61,1,9,5,1,561.32,561.32,2024-06-12,0,1,2024-06-21,0,2024-06-30
2003,61,1,9,5,1,561.32,561.32,2024-06-30,0,2,,0,2024-07-18
2004,61,1,9,5,5,561.32,2806.6,2024-06-22,0,4,2024-07-04,0,2024-07-10
2005,61,1,9,5,1,561.32,561.32,2024-06-19,0,1,2024-06-25,0,2024-07-07
2006,61,1,9,5,1,561.32,561.32,2024-06-23,1,1,,0,2024-07-11
2007,61,1,9,5,1,561.32,561.32,2024-06-13,1,2,,1,2024-07-01
2008,61,1,9,5,1,561.32,561.32,2024-06-13,0,4,2024-06-25,0,2024-07-01
2009,61,1,9,5,1,561.32,561.32,2024-06-15,0,3,2024-07-02,0,2024-07-03
2010,61,1,9,5,1,561.32,561.32,2024-06-07,0,2,2024-06-18,0,2024-06-25
2011,61,1,9,5,2,561.32,1122.64,2024-07-03,0,2,,0,2024-07-21
2012,61,1,9,5,4,561.32,2245.28,2024-06-11,1,1,,1,2024-06-29
2013,62,1,9,6,7,561.32,3929.24,2024-06-10,1,4,,0,2024-09-18
2014,62,1,9,6,15,561.32,8419.8,2024-06-26,0,1,,0,2024-10-04
2015,63,1,9,7,1,561.32,561.32,2024-06-19,1,2,,1,2024-07-03
2016,63,1,9,7,7,561.32,3929.24,2024-06-05,0,6,2024-06-21,1,2024-06-19
2017,63,1,9,7,6,561.32,3367.92,2024-06-18,0,2,2024-06-28,0,2024-07-02
2018,63,1,9,7,1,561.32,561.32,2024-06-18,0,1,2024-06-22,0,2024-07-02
2019,63,1,9,7,3,561.32,1683.96,2024-06-08,0,1,2024-06-21,0,2024-06-22
2020,63,1,9,7,2,561.32,1122.64,2024-06-24,0,2,,0,2024-07-08
2021,63,1,9,7,1,561.32,561.32,2024-06-05,0,2,2024-06-12,0,2024-06-19
2022,63,1,9,7,1,561.32,561.32,2024-06-18,0,1,2024-06-27,0,2024-07-02
2023,63,1,9,7,4,561.32,2245.28,2024-06-11,0,3,2024-06-22,0,2024-06-25
2024,63,1,9,7,6,561.32,3367.92,2024-07-01,1,3,,0,2024-07-15
2025,63,1,9,7,2,561.32,1122.64,2024-06-09,0,7,2024-06-14,0,2024-06-23
2026,64,8,10,1,8,320.81,2566.48,2024-06-06,0,7,2024-06-18,0,2024-06-18
2027,64,1,10,1,3,320.81,962.43,2024-06-26,0,7,,0,2024-10-04
2028,64,8,10,1,1,320.81,320.81,2024-06-22,0,7,2024-07-02,0,2024-07-04
2029,64,9,10,1,4,320.81,1283.24,2024-06-10,0,2,2024-06-19,0,2024-06-25
2030,64,1,10,1,2,320.81,641.62,2024-06-24,0,7,,0,2024-10-02
2031,64,1,10,1,3,320.81,962.43,2024-06-30,0,6,,0,2024-10-08
2032,64,3,10,1,1,320.81,320.81,2024-06-27,0,2,,0,2024-10-05
2033,64,3,10,1,3,320.81,962.43,2024-06-19,0,3,,0,2024-09-27
2034,64,9,10,1,4,320.81,1283.24,2024-06-23,1,6,,0,2024-07-08
2035,64,1,10,1,1,320.81,320.81,2024-06-24,1,1,,0,2024-10-02
2036,64,8,10,1,1,320.81,320.81,2024-06-17,0,2,,1,2024-06-29
2037,64,8,10,1,2,320.81,641.62,2024-06-24,0,1,,0,2024-07-06
2038,64,9,10,1,2,320.81,641.62,2024-06-17,0,1,2024-07-02,0,2024-07-02
2039,64,3,10,1,4,320.81,1283.24,2024-07-01,0,7,,0,2024-10-09
2040,64,8,10,1,1,320.81,320.81,2024-06-27,1,2,,0,2024-07-09
2041,65,1,10,2,1,320.81,320.81,2024-06-30,1,7,,0,2024-07-17
2042,65,1,10,2,1,320.81,320.81,2024-06-18,0,8,2024-07-05,0,2024-07-05
2043,65,3,10,2,1,320.81,320.81,2024-06-15,1,8,,1,2024-07-04
2044,65,1,10,2,1,320.81,320.81,2024-06-28,0,8,2024-07-02,0,2024-07-15
2045,65,1,10,2,1,320.81,320.81,2024-06-11,0,1,2024-06-19,0,2024-06-28
2046,65,8,10,2,1,320.81,320.81,2024-06-30,0,6,,0,2024-07-18
2047,65,8,10,2,1,320.81,320.81,2024-06-29,0,7,,0,2024-07-17
2048,65,1,10,2,1,320.81,320.81,2024-06-09,0,8,2024-06-14,0,2024-06-26
2049,65,3,10,2,1,320.81,320.81,2024-06-05,1,8,,1,2024-06-24
2050,65,8,10,2,1,320.81,320.81,2024-06-27,0,8,,0,2024-07-15
2051,65,1,10,2,1,320.81,320.81,2024-06-18,0,7,2024-06-29,0,2024-07-05
2052,65,1,10,2,1,320.81,320.81,2024-06-27,0,2,,0,2024-07-14
2053,65,9,10,2,1,320.81,320.81,2024-06-14,0,7,2024-06-25,0,2024-06-27
2054,65,1,10,2,1,320.81,320.81,2024-06-29,0,8,,0,2024-07-16
2055,65,3,10,2,1,320.81,320.81,2024-06-06,0,4,2024-06-17,0,2024-06-25
2056,65,1,10,2,1,320.81,320.81,2024-06-12,0,8,2024-06-29,0,2024-06-29
2057,65,1,10,2,1,320.81,320.81,2024-07-03,0,8,,0,2024-07-20
2058,65,1,10,2,1,320.81,320.81,2024-07-02,0,1,,0,2024-07-19
2059,65,8,10,2,1,320.81,320.81,2024-07-02,0,8,,0,2024-07-20
2060,65,9,10,2,1,320.81,320.81,2024-06-11,0,6,,1,2024-06-24
2061,65,3,10,2,1,320.81,320.81,2024-06-10,0,7,2024-06-23,0,2024-06-29
2062,65,9,10,2,1,320.81,320.81,2024-07-01,0,8,,0,2024-07-14
2063,65,9,10,2,1,320.81,320.81,2024-06-10,0,8,2024-06-16,0,2024-06-23
2064,65,9,10,2,1,320.81,320.81,2024-06-21,0,6,2024-06-27,0,2024-07-04
2065,65,3,10,2,1,320.81,320.81,2024-06-27,0,1,,0,2024-07-16
2066,65,3,10,2,1,320.81,320.81,2024-06-30,0,3,,0,2024-07-19
2067,65,9,10,2,1,320.81,320.81,2024-06-07,0,8,,1,2024-06-20
2068,65,1,10,2,1,320.81,320.81,2024-06-17,0,2,,1,2024-07-04
2069,65,8,10,2,1,320.81,320.81,2024-06-16,0,7,2024-07-04,0,2024-07-04
2070,65,9,10,2,1,320.81,320.81,2024-06-20,0,8,2024-06-30,0,2024-07-03
2071,65,3,10,2,1,320.81,320.81,2024-06-07,0,8,2024-06-10,0,2024-06-26
2072,65,9,10,2,1,320.81,320.81,2024-07-02,0,8,,0,2024-07-15
2073,65,3,10,2,1,320.81,320.81,2024-06-12,0,2,2024-06-22,0,2024-07-01
2074,65,9,10,2,1,320.81,320.81,2024-06-05,0,1,2024-06-15,0,2024-06-18
2075,65,8,10,2,1,320.81,320.81,2024-06-10,0,2,2024-06-25,0,2024-06-28
2076,65,9,10,2,1,320.81,320.81,2024-06-12,0,8,2024-06-24,0,2024-06-25
2077,65,9,10,2,1,320.81,320.81,2024-06-21,0,1,,1,2024-07-04
2078,65,9,10,2,1,320.81,320.81,2024-06-19,0,7,2024-07-02,0,2024-07-02
2079,65,1,10,2,1,320.81,320.81,2024-06-27,1,7,,0,2024-07-14
2080,65,3,10,2,1,320.81,320.81,2024-06-05,1,5,,1,2024-06-24
2081,65,9,10,2,1,320.81,320.81,2024-07-04,1,8,,0,2024-07-17
2082,65,3,10,2,1,320.81,320.81,2024-07-01,0,7,,0,2024-07-20
2083,65,3,10,2,1,320.81,320.81,2024-06-15,0,1,2024-06-29,0,2024-07-04
2084,65,1,10,2,1,320.81,320.81,2024-06-06,0,6,2024-06-13,0,2024-06-23
2085,65,9,10,2,1,320.81,320.81,2024-06-15,1,2,,1,2024-06-28
2086,65,9,10,2,1,320.81,320.81,2024-07-03,0,3,,0,2024-07-16
2087,65,8,10,2,1,320.81,320.81,2024-06-29,0,8,,0,2024-07-17
2088,65,1,10,2,1,320.81,320.81,2024-06-07,0,8,2024-06-22,0,2024-06-24
2089,65,3,10,2,1,320.81,320.81,2024-07-01,0,7,,0,2024-07-20
2090,65,3,10,2,1,320.81,320.81,2024-06-22,0,8,,0,2024-07-11
2091,65,8,10,2,1,320.81,320.81,2024-06-27,0,2,,0,2024-07-15
2092,65,8,10,2,1,320.81,320.81,2024-06-14,0,6,2024-06-23,0,2024-07-02
2093,65,9,10,2,1,320.81,320.81,2024-06-16,0,7,2024-06-25,0,2024-06-29
2094,65,8,10,2,1,320.81,320.81,2024-06-06,0,6,,1,2024-06-24
2095,65,9,10,2,1,320.81,320.81,2024-06-17,0,7,2024-06-25,0,2024-06-30
2096,65,3,10,2,1,320.81,320.81,2024-06-06,0,8,2024-06-23,0,2024-06-25
2097,65,9,10,2,1,320.81,320.81,2024-06-08,1,7,,1,2024-06-21
2098,65,1,10,2,1,320.81,320.81,2024-07-03,0,7,,0,2024-07-20
2099,65,3,10,2,1,320.81,320.81,2024-07-01,0,8,,0,2024-07-20
2100,65,3,10,2,1,320.81,320.81,2024-06-07,0,8,2024-06-27,1,2024-06-26
2101,65,1,10,2,1,320.81,320.81,2024-06-11,0,8,2024-06-18,0,2024-06-28
2102,66,3,10,3,1,320.81,320.81,2024-06-22,0,3,,0,2024-07-10
2103,66,1,10,3,1,320.81,320.81,2024-07-03,0,7,,0,2024-07-22
2104,66,1,10,3,3,320.81,962.43,2024-06-14,1,3,,1,2024-07-03
2105,66,8,10,3,1,320.81,320.81,2024-06-22,0,1,,0,2024-07-08
2106,66,3,10,3,1,320.81,320.81,2024-07-01,0,2,,0,2024-07-19
2107,66,1,10,3,1,320.81,320.81,2024-06-19,0,4,2024-06-26,0,2024-07-08
2108,66,1,10,3,1,320.81,320.81,2024-06-28,0,1,2024-07-05,0,2024-07-17
2109,66,1,10,3,2,320.81,641.62,2024-06-07,0,7,2024-06-25,0,2024-06-26
2110,66,3,10,3,1,320.81,320.81,2024-06-17,0,1,2024-07-04,0,2024-07-05
2111,66,3,10,3,2,320.81,641.62,2024-06-16,0,2,,1,2024-07-04
2112,66,3,10,3,2,320.81,641.62,2024-06-18,0,1,2024-07-02,0,2024-07-06
2113,66,1,10,3,3,320.81,962.43,2024-06-26,0,7,,0,2024-07-15
2114,66,3,10,3,1,320.81,320.81,2024-06-14,1,3,2024-06-20,0,2024-07-02
2115,66,1,10,3,1,320.81,320.81,2024-06-16,0,3,2024-07-05,0,2024-07-05
2116,66,3,10,3,3,320.81,962.43,2024-06-27,0,7,,0,2024-07-15
2117,66,1,10,3,1,320.81,320.81,2024-07-01,0,2,,0,2024-07-20
2118,66,8,10,3,1,320.81,320.81,2024-06-09,0,2,2024-06-17,0,2024-06-25
2119,66,1,10,3,1,320.81,320.81,2024-06-15,0,4,2024-06-21,0,2024-07-04
2120,66,3,10,3,1,320.81,320.81,2024-07-04,0,4,,0,2024-07-22
2121,66,8,10,3,1,320.81,320.81,2024-06-12,0,1,2024-06-21,0,2024-06-28
2122,66,8,10,3,1,320.81,320.81,2024-06-10,1,2,2024-06-25,0,2024-06-26
2123,66,1,10,3,1,320.81,320.81,2024-06-10,1,8,,1,2024-06-29
2124,66,3,10,3,1,320.81,320.81,2024-06-08,0,2,2024-06-27,1,2024-06-26
2125,66,8,10,3,1,320.81,320.81,2024-06-15,0,5,,1,2024-07-01
2126,66,9,10,3,1,320.81,320.81,2024-06-12,0,2,2024-06-21,0,2024-06-21
2127,66,1,10,3,1,320.81,320.81,2024-06-22,0,3,,0,2024-07-11
2128,66,8,10,3,1,320.81,320.81,2024-06-28,0,2,,0,2024-07-14
2129,66,3,10,3,1,320.81,320.81,2024-06-22,0,2,,0,2024-07-10
2130,66,8,10,3,1,320.81,320.81,2024-06-06,0,2,2024-06-12,0,2024-06-22
2131,66,1,10,3,2,320.81,641.62,2024-06-17,0,2,,0,2024-07-06
2132,66,3,10,3,1,320.81,320.81,2024-06-19,0,7,2024-06-27,0,2024-07-07
2133,66,9,10,3,2,320.81,641.62,2024-06-24,0,4,,1,2024-07-03
2134,66,3,10,3,4,320.81,1283.24,2024-07-01,0,2,,0,2024-07-19
2135,66,3,10,3,1,320.81,320.81,2024-06-30,0,2,,0,2024-07-18
2136,66,8,10,3,3,320.81,962.43,2024-07-02,0,2,,0,2024-07-18
2137,66,1,10,3,1,320.81,320.81,2024-06-28,0,2,,0,2024-07-17
2138,66,3,10,3,1,320.81,320.81,2024-06-10,0,3,2024-06-20,0,2024-06-28
2139,66,8,10,3,1,320.81,320.81,2024-06-13,0,2,,1,2024-06-29
2140,66,1,10,3,1,320.81,320.81,2024-07-01,1,6,,0,2024-07-20
2141,66,3,10,3,1,320.81,320.81,2024-07-04,0,1,,0,2024-07-22
2142,66,8,10,3,1,320.81,320.81,2024-06-05,0,1,2024-06-14,0,2024-06-21
2143,66,3,10,3,2,320.81,641.62,2024-06-07,0,2,2024-06-23,0,2024-06-25
2144,66,3,10,3,1,320.81,320.81,2024-06-18,0,3,2024-06-24,0,2024-07-06
2145,66,1,10,3,1,320.81,320.81,2024-06-13,0,1,2024-06-23,0,2024-07-02
2146,66,8,10,3,1,320.81,320.81,2024-06-12,0,2,2024-06-27,0,2024-06-28
2147,66,8,10,3,1,320.81,320.81,2024-06-29,0,7,,0,2024-07-15
2148,66,3,10,3,1,320.81,320.81,2024-07-04,0,2,,0,2024-07-22
2149,66,3,10,3,1,320.81,320.81,2024-06-18,1,8,2024-06-30,0,2024-07-06
2150,66,8,10,3,1,320.81,320.81,2024-06-10,0,2,2024-06-16,0,2024-06-26
2151,66,8,10,3,2,320.81,641.62,2024-06-07,0,2,2024-06-13,0,2024-06-23
2152,66,8,10,3,1,320.81,320.81,2024-06-06,1,1,2024-06-26,1,2024-06-22
2153,66,8,10,3,2,320.81,641.62,2024-06-07,1,2,,1,2024-06-23
2154,66,8,10,3,1,320.81,320.81,2024-07-04,0,3,,0,2024-07-20
2155,66,3,10,3,2,320.81,641.62,2024-06-25,0,3,,0,2024-07-13
2156,66,9,10,3,1,320.81,320.81,2024-06-30,0,2,,0,2024-07-09
2157,66,1,10,3,1,320.81,320.81,2024-06-29,0,3,,0,2024-07-18
2158,66,8,10,3,1,320.81,320.81,2024-06-09,0,2,2024-06-17,0,2024-06-25
2159,66,8,10,3,1,320.81,320.81,2024-07-02,0,2,,0,2024-07-18
2160,66,1,10,3,1,320.81,320.81,2024-07-02,0,3,,0,2024-07-21
2161,66,1,10,3,1,320.81,320.81,2024-06-09,0,1,2024-06-17,0,2024-06-28
2162,66,9,10,3,1,320.81,320.81,2024-06-26,0,4,2024-07-05,0,2024-07-05
2163,66,8,10,3,2,320.81,641.62,2024-06-30,0,8,,0,2024-07-16
2164,66,9,10,3,2,320.81,641.62,2024-06-26,0,3,,1,2024-07-05
2165,66,1,10,3,1,320.81,320.81,2024-06-11,0,2,2024-06-19,0,2024-06-30
2166,67,9,10,4,1,320.81,320.81,2024-06-16,0,1,2024-06-28,0,2024-07-05
2167,67,8,10,4,3,320.81,962.43,2024-06-20,1,3,,0,2024-07-06
2168,67,8,10,4,1,320.81,320.81,2024-06-17,0,2,2024-06-29,0,2024-07-03
2169,67,3,10,4,3,320.81,962.43,2024-06-16,1,4,,0,2024-09-24
2170,67,1,10,4,6,320.81,1924.86,2024-06-16,0,1,,0,2024-09-24
2171,67,8,10,4,2,320.81,641.62,2024-06-20,0,2,2024-06-27,0,2024-07-06
2172,67,8,10,4,6,320.81,1924.86,2024-06-09,0,2,2024-06-26,1,2024-06-25
2173,67,9,10,4,12,320.81,3849.72,2024-06-19,0,2,2024-07-02,0,2024-07-08
2174,67,9,10,4,6,320.81,1924.86,2024-06-07,1,1,2024-06-28,1,2024-06-26
2175,67,9,10,4,5,320.81,1604.05,2024-06-07,0,4,2024-06-15,0,2024-06-26
2176,68,8,10,5,1,320.81,320.81,2024-06-18,0,1,,1,2024-07-01
2177,68,8,10,5,1,320.81,320.81,2024-06-07,0,8,2024-06-17,0,2024-06-20
2178,68,1,10,5,1,320.81,320.81,2024-06-30,0,2,,0,2024-07-20
2179,68,9,10,5,2,320.81,641.62,2024-06-20,0,1,2024-06-30,0,2024-07-03
2180,68,9,10,5,2,320.81,641.62,2024-06-26,0,8,,0,2024-07-09
2181,68,1,10,5,1,320.81,320.81,2024-06-28,0,2,,0,2024-07-18
2182,68,9,10,5,1,320.81,320.81,2024-06-28,1,1,,0,2024-07-11
2183,68,1,10,5,1,320.81,320.81,2024-06-21,0,2,2024-06-27,0,2024-07-11
2184,68,3,10,5,1,320.81,320.81,2024-06-13,0,8,2024-07-04,1,2024-07-02
2185,68,1,10,5,1,320.81,320.81,2024-06-28,0,3,,0,2024-07-18
2186,68,3,10,5,1,320.81,320.81,2024-06-22,0,2,,0,2024-07-11
2187,68,9,10,5,1,320.81,320.81,2024-06-24,0,7,2024-07-04,0,2024-07-07
2188,68,3,10,5,1,320.81,320.81,2024-06-08,0,2,2024-06-26,0,2024-06-27
2189,68,1,10,5,5,320.81,1604.05,2024-06-29,0,2,,0,2024-07-19
2190,68,3,10,5,2,320.81,641.62,2024-06-26,0,2,2024-06-28,0,2024-07-15
2191,68,8,10,5,1,320.81,320.81,2024-06-08,0,1,2024-06-16,0,2024-06-21
2192,68,3,10,5,1,320.81,320.81,2024-06-29,0,8,,0,2024-07-18
2193,68,8,10,5,2,320.81,641.62,2024-07-03,1,2,,0,2024-07-16
2194,68,1,10,5,1,320.81,320.81,2024-06-07,1,4,2024-06-24,0,2024-06-27
2195,68,9,10,5,1,320.81,320.81,2024-06-22,0,2,,1,2024-07-05
2196,68,3,10,5,2,320.81,641.62,2024-06-12,0,2,2024-06-27,0,2024-07-01
2197,68,8,10,5,1,320.81,320.81,2024-06-07,0,1,2024-06-16,0,2024-06-20
2198,68,1,10,5,3,320.81,962.43,2024-06-10,0,4,2024-06-22,0,2024-06-30
2199,68,9,10,5,1,320.81,320.81,2024-07-02,0,6,,0,2024-07-15
2200,68,9,10,5,2,320.81,641.62,2024-07-01,1,2,,0,2024-07-14
2201,68,3,10,5,1,320.81,320.81,2024-06-13,0,2,2024-06-27,0,2024-07-02
2202,68,1,10,5,5,320.81,1604.05,2024-06-22,1,6,,0,2024-07-12
2203,68,1,10,5,1,320.81,320.81,2024-06-05,1,2,2024-06-29,1,2024-06-25
2204,68,1,10,5,6,320.81,1924.86,2024-06-27,0,1,2024-07-02,0,2024-07-17
2205,68,8,10,5,1,320.81,320.81,2024-07-01,0,2,,0,2024-07-14
2206,68,9,10,5,3,320.81,962.43,2024-06-19,0,2,2024-07-03,1,2024-07-02
2207,68,3,10,5,4,320.81,1283.24,2024-06-18,0,1,,0,2024-07-07
2208,68,9,10,5,1,320.81,320.81,2024-06-20,0,1,,1,2024-07-03
2209,68,1,10,5,1,320.81,320.81,2024-06-08,1,2,2024-06-13,0,2024-06-28
2210,68,1,10,5,1,320.81,320.81,2024-06-21,1,3,,0,2024-07-11
2211,68,1,10,5,1,320.81,320.81,2024-06-09,1,2,2024-06-27,0,2024-06-29
2212,68,3,10,5,3,320.81,962.43,2024-06-14,1,2,2024-07-01,0,2024-07-03
2213,68,3,10,5,5,320.81,1604.05,2024-06-06,0,2,2024-06-15,0,2024-06-25
2214,68,8,10,5,1,320.81,320.81,2024-06-09,1,2,,1,2024-06-22
2215,68,8,10,5,1,320.81,320.81,2024-06-23,1,3,,0,2024-07-06
2216,68,8,10,5,2,320.81,641.62,2024-06-26,1,4,,0,2024-07-09
2217,68,8,10,5,2,320.81,641.62,2024-06-10,0,4,2024-06-24,1,2024-06-23
2218,68,1,10,5,1,320.81,320.81,2024-06-26,0,1,,0,2024-07-16
2219,68,3,10,5,2,320.81,641.62,2024-06-30,0,1,,0,2024-07-19
2220,68,1,10,5,3,320.81,962.43,2024-06-22,0,8,,0,2024-07-12
2221,68,8,10,5,2,320.81,641.62,2024-07-03,0,8,,0,2024-07-16
2222,68,1,10,5,2,320.81,641.62,2024-06-10,0,1,2024-06-19,0,2024-06-30
2223,68,3,10,5,3,320.81,962.43,2024-06-18,0,5,2024-07-02,0,2024-07-07
2224,68,3,10,5,1,320.81,320.81,2024-06-08,0,8,2024-06-27,0,2024-06-27
2225,68,3,10,5,2,320.81,641.62,2024-06-23,0,7,,0,2024-07-12
2226,68,1,10,5,1,320.81,320.81,2024-06-06,0,1,2024-06-19,0,2024-06-26
2227,68,9,10,5,2,320.81,641.62,2024-06-06,0,3,2024-06-16,0,2024-06-19
2228,68,8,10,5,2,320.81,641.62,2024-07-01,1,2,,0,2024-07-14
2229,68,3,10,5,4,320.81,1283.24,2024-06-10,0,1,2024-06-14,0,2024-06-29
2230,68,8,10,5,2,320.81,641.62,2024-06-21,0,1,,1,2024-07-04
2231,68,3,10,5,3,320.81,962.43,2024-06-10,0,8,2024-06-25,0,2024-06-29
2232,68,1,10,5,1,320.81,320.81,2024-06-29,0,2,,0,2024-07-19
2233,68,8,10,5,2,320.81,641.62,2024-06-10,0,7,2024-06-15,0,2024-06-23
2234,69,8,10,6,1,320.81,320.81,2024-06-06,1,1,2024-07-01,1,2024-06-30
2235,69,8,10,6,6,320.81,1924.86,2024-06-18,0,1,2024-06-28,0,2024-07-12
2236,69,9,10,6,2,320.81,641.62,2024-06-28,0,2,,0,2024-07-21
2237,69,1,10,6,1,320.81,320.81,2024-06-26,0,3,2024-07-04,0,2024-07-12
2238,69,3,10,6,1,320.81,320.81,2024-06-15,0,2,2024-06-26,0,2024-06-27
2239,69,3,10,6,2,320.81,641.62,2024-07-03,0,3,,0,2024-07-15
2240,69,9,10,6,1,320.81,320.81,2024-06-18,0,3,2024-07-03,0,2024-07-11
2241,69,1,10,6,6,320.81,1924.86,2024-06-25,0,3,,0,2024-07-11
2242,69,3,10,6,12,320.81,3849.72,2024-06-13,0,7,2024-06-25,0,2024-06-25
2243,69,1,10,6,1,320.81,320.81,2024-06-23,1,1,,0,2024-07-09
2244,69,1,10,6,7,320.81,2245.67,2024-06-09,0,1,,1,2024-06-25
2245,69,9,10,6,1,320.81,320.81,2024-06-30,1,7,,0,2024-07-23
2246,69,8,10,6,6,320.81,1924.86,2024-07-01,0,2,,0,2024-07-25
2247,69,9,10,6,1,320.81,320.81,2024-06-18,0,1,2024-07-02,0,2024-07-11
2248,69,9,10,6,2,320.81,641.62,2024-07-01,0,6,,0,2024-07-24
2249,69,8,10,6,1,320.81,320.81,2024-06-09,0,2,2024-06-29,0,2024-07-03
2250,69,9,10,6,6,320.81,1924.86,2024-06-27,1,1,,0,2024-07-20
2251,69,3,10,6,2,320.81,641.62,2024-07-04,1,1,,0,2024-07-16
2252,69,8,10,6,1,320.81,320.81,2024-07-01,0,2,,0,2024-07-25
2253,69,1,10,6,7,320.81,2245.67,2024-06-15,1,2,2024-07-01,0,2024-07-01
2254,69,9,10,6,2,320.81,641.62,2024-06-11,1,7,2024-07-05,1,2024-07-04
2255,69,8,10,6,3,320.81,962.43,2024-07-04,1,1,,0,2024-07-28
2256,69,9,10,6,2,320.81,641.62,2024-06-18,0,1,,0,2024-07-11
2257,69,3,10,6,9,320.81,2887.29,2024-06-30,0,4,,0,2024-07-12
2258,69,3,10,6,10,320.81,3208.1,2024-07-04,0,1,,0,2024-07-16
2259,70,8,10,7,1,320.81,320.81,2024-07-02,0,7,,0,2024-07-21
2260,70,9,10,7,1,320.81,320.81,2024-06-06,1,7,2024-06-27,0,2024-06-27
2261,70,9,10,7,2,320.81,641.62,2024-06-19,0,2,,0,2024-07-10
2262,70,8,10,7,1,320.81,320.81,2024-06-27,0,7,,0,2024-07-16
2263,70,3,10,7,1,320.81,320.81,2024-06-26,1,2,,0,2024-07-10
2264,70,8,10,7,2,320.81,641.62,2024-06-26,0,6,2024-07-05,0,2024-07-15
2265,70,3,10,7,1,320.81,320.81,2024-06-30,1,7,,0,2024-07-14
2266,70,8,10,7,1,320.81,320.81,2024-06-06,0,7,2024-06-25,0,2024-06-25
2267,70,1,10,7,1,320.81,320.81,2024-06-26,0,8,,0,2024-10-04
2268,70,8,10,7,1,320.81,320.81,2024-06-17,0,2,2024-06-30,0,2024-07-06
2269,70,8,10,7,1,320.81,320.81,2024-06-27,0,2,,0,2024-07-16
2270,70,9,10,7,1,320.81,320.81,2024-06-18,0,2,,0,2024-07-09
2271,70,9,10,7,4,320.81,1283.24,2024-06-09,0,7,,1,2024-06-30
2272,70,1,10,7,4,320.81,1283.24,2024-06-16,0,4,,0,2024-09-24
2273,70,3,10,7,1,320.81,320.81,2024-06-24,0,3,,0,2024-07-08
2274,70,3,10,7,1,320.81,320.81,2024-06-08,0,4,2024-06-22,0,2024-06-22
2275,70,8,10,7,2,320.81,641.62,2024-06-07,0,3,2024-06-24,0,2024-06-26
2276,70,8,10,7,1,320.81,320.81,2024-06-15,0,2,2024-07-03,0,2024-07-04
2277,70,3,10,7,2,320.81,641.62,2024-06-09,0,5,2024-06-17,0,2024-06-23
2278,71,7,11,1,8,266.89,2135.12,2024-06-11,0,7,2024-06-23,0,2024-06-30
2279,71,5,11,1,1,266.89,266.89,2024-07-02,0,2,,0,2024-10-10
2280,71,10,11,1,1,266.89,266.89,2024-06-28,0,7,,0,2024-07-08
2281,71,7,11,1,1,266.89,266.89,2024-06-15,0,8,2024-07-01,0,2024-07-04
2282,71,8,11,1,2,266.89,533.78,2024-06-22,0,7,2024-07-05,0,2024-07-07
2283,71,7,11,1,4,266.89,1067.56,2024-07-03,1,3,,0,2024-07-22
2284,71,7,11,1,1,266.89,266.89,2024-06-07,0,2,2024-06-16,0,2024-06-26
2285,71,10,11,1,1,266.89,266.89,2024-06-13,0,4,2024-06-23,0,2024-06-23
2286,71,8,11,1,5,266.89,1334.45,2024-06-08,0,3,,1,2024-06-23
2287,71,10,11,1,2,266.89,533.78,2024-06-21,1,2,,1,2024-07-01
2288,71,7,11,1,1,266.89,266.89,2024-06-14,1,1,2024-07-05,1,2024-07-03
2289,71,5,11,1,1,266.89,266.89,2024-06-16,1,5,,0,2024-09-24
2290,71,8,11,1,5,266.89,1334.45,2024-06-23,0,2,2024-06-29,0,2024-07-08
2291,71,8,11,1,1,266.89,266.89,2024-06-24,0,2,,0,2024-07-09
2292,71,7,11,1,7,266.89,1868.23,2024-07-04,0,1,,0,2024-07-23
2293,71,10,11,1,2,266.89,533.78,2024-06-24,0,3,,1,2024-07-04
2294,71,7,11,1,3,266.89,800.67,2024-07-01,1,1,,0,2024-07-20
2295,71,8,11,1,1,266.89,266.89,2024-06-11,0,3,2024-06-26,0,2024-06-26
2296,71,5,11,1,2,266.89,533.78,2024-06-05,0,6,,0,2024-09-13
2297,71,8,11,1,1,266.89,266.89,2024-06-16,0,2,2024-06-25,0,2024-07-01
2298,71,8,11,1,1,266.89,266.89,2024-06-20,0,7,,1,2024-07-05
2299,71,8,11,1,2,266.89,533.78,2024-06-07,0,2,,1,2024-06-22
2300,71,7,11,1,3,266.89,800.67,2024-06-18,0,3,2024-06-25,0,2024-07-07
2301,72,8,11,2,2,266.89,533.78,2024-06-12,0,8,2024-06-26,0,2024-07-01
2302,72,7,11,2,1,266.89,266.89,2024-06-26,0,4,,0,2024-07-20
2303,72,5,11,2,2,266.89,533.78,2024-06-06,0,8,2024-06-12,0,2024-06-26
2304,72,7,11,2,1,266.89,266.89,2024-06-06,0,8,2024-06-28,0,2024-06-30
2305,72,5,11,2,1,266.89,266.89,2024-06-10,1,8,2024-06-28,0,2024-06-30
2306,72,10,11,2,2,266.89,533.78,2024-06-21,0,2,2024-07-05,0,2024-07-06
2307,72,5,11,2,1,266.89,266.89,2024-06-26,0,7,,0,2024-07-16
2308,72,10,11,2,1,266.89,266.89,2024-06-20,0,8,2024-06-30,0,2024-07-05
2309,72,8,11,2,1,266.89,266.89,2024-06-27,0,6,,0,2024-07-16
2310,72,10,11,2,1,266.89,266.89,2024-06-20,0,7,2024-07-01,0,2024-07-05
2311,72,8,11,2,2,266.89,533.78,2024-06-09,1,2,2024-06-30,1,2024-06-28
2312,72,7,11,2,2,266.89,533.78,2024-07-02,0,3,,0,2024-07-26
2313,72,10,11,2,1,266.89,266.89,2024-06-07,0,8,2024-06-22,0,2024-06-22
2314,72,10,11,2,2,266.89,533.78,2024-06-13,0,4,2024-06-28,0,2024-06-28
2315,72,8,11,2,1,266.89,266.89,2024-07-01,0,7,,0,2024-07-20
2316,72,7,11,2,1,266.89,266.89,2024-06-09,0,8,2024-06-16,0,2024-07-03
2317,72,8,11,2,1,266.89,266.89,2024-06-17,0,7,2024-06-28,0,2024-07-06
2318,72,10,11,2,2,266.89,533.78,2024-06-16,0,1,2024-06-25,0,2024-07-01
2319,72,7,11,2,1,266.89,266.89,2024-06-10,1,8,,1,2024-07-04
2320,72,8,11,2,1,266.89,266.89,2024-06-20,0,1,,0,2024-07-09
2321,72,8,11,2,1,266.89,266.89,2024-06-11,0,8,2024-06-21,0,2024-06-30
2322,72,5,11,2,1,266.89,266.89,2024-07-01,0,1,,0,2024-07-21
2323,72,5,11,2,2,266.89,533.78,2024-06-12,0,3,2024-06-30,0,2024-07-02
2324,72,5,11,2,1,266.89,266.89,2024-06-18,0,6,2024-07-01,0,2024-07-08
2325,72,10,11,2,1,266.89,266.89,2024-06-20,0,8,2024-06-24,0,2024-07-05
2326,72,8,11,2,1,266.89,266.89,2024-06-25,0,2,,0,2024-07-14
2327,72,7,11,2,1,266.89,266.89,2024-06-11,0,8,2024-06-27,0,2024-07-05
2328,72,8,11,2,1,266.89,266.89,2024-06-14,1,4,,1,2024-07-03
2329,72,10,11,2,1,266.89,266.89,2024-06-16,0,7,2024-06-28,0,2024-07-01
2330,72,7,11,2,1,266.89,266.89,2024-06-23,0,1,,0,2024-07-17
2331,72,5,11,2,1,266.89,266.89,2024-06-09,1,7,,1,2024-06-29
2332,72,10,11,2,1,266.89,266.89,2024-06-24,0,8,,0,2024-07-09
2333,72,5,11,2,1,266.89,266.89,2024-07-04,0,8,,0,2024-07-24
2334,72,5,11,2,1,266.89,266.89,2024-06-10,0,7,2024-06-25,0,2024-06-30
2335,72,7,11,2,1,266.89,266.89,2024-06-07,1,3,2024-07-03,1,2024-07-01
2336,72,7,11,2,1,266.89,266.89,2024-06-25,1,6,,0,2024-07-19
2337,72,7,11,2,1,266.89,266.89,2024-07-04,1,8,,0,2024-07-28
2338,72,5,11,2,1,266.89,266.89,2024-06-12,0,2,2024-06-28,0,2024-07-02
2339,72,7,11,2,1,266.89,266.89,2024-06-12,0,2,2024-07-01,0,2024-07-06
2340,72,10,11,2,1,266.89,266.89,2024-06-11,1,3,,1,2024-06-26
2341,72,5,11,2,1,266.89,266.89,2024-06-14,0,7,,1,2024-07-04
2342,72,8,11,2,2,266.89,533.78,2024-06-26,0,7,,0,2024-07-15
2343,72,5,11,2,2,266.89,533.78,2024-06-11,1,8,2024-07-04,1,2024-07-01
2344,72,7,11,2,1,266.89,266.89,2024-06-21,0,8,2024-06-29,0,2024-07-15
2345,72,10,11,2,1,266.89,266.89,2024-06-14,1,7,2024-06-22,0,2024-06-29
2346,72,5,11,2,1,266.89,266.89,2024-06-19,1,8,2024-07-05,0,2024-07-09
2347,72,10,11,2,1,266.89,266.89,2024-06-26,0,8,2024-07-02,0,2024-07-11
2348,72,7,11,2,1,266.89,266.89,2024-07-03,1,2,,0,2024-07-27
2349,72,8,11,2,2,266.89,533.78,2024-06-21,0,8,,0,2024-07-10
2350,72,7,11,2,1,266.89,266.89,2024-06-30,1,7,,0,2024-07-24
2351,72,10,11,2,1,266.89,266.89,2024-06-07,0,7,2024-06-20,0,2024-06-22
2352,72,10,11,2,1,266.89,266.89,2024-07-03,0,5,,0,2024-07-18
2353,72,10,11,2,1,266.89,266.89,2024-07-03,0,8,,0,2024-07-18
2354,72,10,11,2,1,266.89,266.89,2024-06-20,0,7,,1,2024-07-05
2355,72,5,11,2,3,266.89,800.67,2024-06-19,0,8,,0,2024-07-09
2356,72,10,11,2,1,266.89,266.89,2024-06-25,1,6,,0,2024-07-10
2357,72,5,11,2,1,266.89,266.89,2024-06-21,0,7,,0,2024-07-11
2358,72,7,11,2,2,266.89,533.78,2024-06-21,0,8,2024-07-04,0,2024-07-15
2359,72,8,11,2,3,266.89,800.67,2024-06-23,0,8,2024-06-28,0,2024-07-12
2360,72,7,11,2,1,266.89,266.89,2024-07-03,0,8,,0,2024-07-27
2361,72,7,11,2,2,266.89,533.78,2024-06-22,1,8,,0,2024-07-16
2362,72,10,11,2,2,266.89,533.78,2024-06-07,1,7,2024-06-18,0,2024-06-22
2363,72,10,11,2,1,266.89,266.89,2024-07-02,1,8,,0,2024-07-17
2364,73,10,11,3,2,266.89,533.78,2024-07-02,0,3,,0,2024-07-16
2365,73,10,11,3,1,266.89,266.89,2024-06-29,0,3,,0,2024-07-13
2366,73,7,11,3,1,266.89,266.89,2024-06-24,0,2,,0,2024-07-18
2367,73,7,11,3,1,266.89,266.89,2024-06-18,0,6,2024-06-28,0,2024-07-12
2368,73,10,11,3,1,266.89,266.89,2024-06-15,0,8,2024-06-27,0,2024-06-29
2369,73,7,11,3,2,266.89,533.78,2024-06-30,0,5,,0,2024-07-24
2370,73,5,11,3,1,266.89,266.89,2024-06-10,0,3,2024-06-18,0,2024-06-26
2371,73,10,11,3,2,266.89,533.78,2024-06-08,1,2,,1,2024-06-22
2372,73,10,11,3,1,266.89,266.89,2024-07-04,0,2,,0,2024-07-18
2373,73,10,11,3,1,266.89,266.89,2024-06-18,1,7,,1,2024-07-02
2374,73,10,11,3,1,266.89,266.89,2024-07-02,0,8,,0,2024-07-16
2375,73,5,11,3,1,266.89,266.89,2024-06-20,0,3,,0,2024-07-06
2376,73,10,11,3,1,266.89,266.89,2024-07-01,0,1,,0,2024-07-15
2377,73,10,11,3,2,266.89,533.78,2024-07-01,1,7,,0,2024-07-15
2378,73,8,11,3,2,266.89,533.78,2024-06-29,1,2,,0,2024-07-11
2379,73,7,11,3,1,266.89,266.89,2024-06-10,0,3,2024-06-14,0,2024-07-04
2380,73,5,11,3,3,266.89,800.67,2024-06-11,1,2,,1,2024-06-27
2381,73,10,11,3,1,266.89,266.89,2024-06-28,0,2,,0,2024-07-12
2382,73,5,11,3,1,266.89,266.89,2024-06-13,0,6,2024-06-19,0,2024-06-29
2383,73,5,11,3,3,266.89,800.67,2024-07-04,1,5,,0,2024-07-20
2384,73,8,11,3,2,266.89,533.78,2024-06-12,0,1,2024-06-24,0,2024-06-24
2385,73,10,11,3,1,266.89,266.89,2024-06-19,0,1,,1,2024-07-03
2386,73,10,11,3,1,266.89,266.89,2024-06-10,0,2,2024-06-24,0,2024-06-24
2387,73,5,11,3,1,266.89,266.89,2024-06-08,0,8,2024-06-26,1,2024-06-24
2388,73,10,11,3,1,266.89,266.89,2024-06-06,0,2,2024-06-19,0,2024-06-20
2389,73,8,11,3,1,266.89,266.89,2024-06-24,0,2,,0,2024-07-06
2390,73,7,11,3,1,266.89,266.89,2024-06-26,0,1,2024-07-01,0,2024-07-20
2391,73,10,11,3,1,266.89,266.89,2024-06-29,0,8,,0,2024-07-13
2392,73,8,11,3,1,266.89,266.89,2024-07-02,0,7,,0,2024-07-14
2393,73,10,11,3,1,266.89,266.89,2024-06-09,1,7,2024-06-19,0,2024-06-23
2394,73,5,11,3,2,266.89,533.78,2024-06-23,0,4,2024-07-03,0,2024-07-09
2395,73,5,11,3,1,266.89,266.89,2024-06-11,0,2,2024-06-24,0,2024-06-27
2396,73,7,11,3,1,266.89,266.89,2024-06-05,0,1,2024-07-04,1,2024-06-29
2397,73,7,11,3,1,266.89,266.89,2024-06-21,1,2,,0,2024-07-15
2398,73,5,11,3,1,266.89,266.89,2024-06-23,0,8,2024-07-02,0,2024-07-09
2399,74,8,11,4,1,266.89,266.89,2024-06-08,0,7,2024-06-23,0,2024-06-24
2400,74,10,11,4,2,266.89,533.78,2024-06-23,1,3,,0,2024-07-16
2401,74,7,11,4,1,266.89,266.89,2024-06-20,0,1,,0,2024-09-28
2402,74,10,11,4,7,266.89,1868.23,2024-06-20,1,1,,0,2024-07-13
2403,74,10,11,4,1,266.89,266.89,2024-06-07,0,4,2024-07-01,1,2024-06-30
2404,74,8,11,4,1,266.89,266.89,2024-06-18,0,2,2024-07-04,0,2024-07-04
2405,74,8,11,4,2,266.89,533.78,2024-06-16,0,3,2024-06-30,0,2024-07-02
2406,74,5,11,4,1,266.89,266.89,2024-06-09,0,4,2024-06-27,0,2024-06-27
2407,74,7,11,4,2,266.89,533.78,2024-06-19,0,6,,0,2024-09-27
2408,74,7,11,4,4,266.89,1067.56,2024-07-02,0,7,,0,2024-10-10
2409,74,10,11,4,1,266.89,266.89,2024-06-11,1,3,2024-06-29,0,2024-07-04
2410,74,8,11,4,1,266.89,266.89,2024-06-18,0,2,2024-06-28,0,2024-07-04
2411,74,7,11,4,3,266.89,800.67,2024-06-29,0,1,,0,2024-10-07
2412,74,7,11,4,1,266.89,266.89,2024-06-27,0,1,,0,2024-10-05
2413,74,10,11,4,1,266.89,266.89,2024-06-06,0,5,2024-06-21,0,2024-06-29
2414,75,8,11,5,1,266.89,266.89,2024-06-17,0,2,2024-07-04,1,2024-07-02
2415,75,10,11,5,4,266.89,1067.56,2024-06-13,0,2,2024-06-20,0,2024-06-23
2416,75,8,11,5,1,266.89,266.89,2024-06-19,0,7,2024-06-28,0,2024-07-04
2417,75,5,11,5,1,266.89,266.89,2024-07-03,0,2,,0,2024-07-16
2418,75,8,11,5,2,266.89,533.78,2024-06-27,1,5,2024-07-05,0,2024-07-12
2419,75,5,11,5,1,266.89,266.89,2024-06-22,0,2,2024-06-30,0,2024-07-05
2420,75,5,11,5,1,266.89,266.89,2024-06-05,0,1,2024-06-12,0,2024-06-18
2421,75,8,11,5,1,266.89,266.89,2024-06-29,0,6,,0,2024-07-14
2422,75,5,11,5,1,266.89,266.89,2024-07-01,0,8,,0,2024-07-14
2423,75,5,11,5,1,266.89,266.89,2024-06-28,0,3,,0,2024-07-11
2424,75,5,11,5,2,266.89,533.78,2024-06-25,0,2,,0,2024-07-08
2425,75,5,11,5,4,266.89,1067.56,2024-06-15,0,2,2024-06-23,0,2024-06-28
2426,75,5,11,5,1,266.89,266.89,2024-06-23,0,3,2024-06-30,0,2024-07-06
2427,75,7,11,5,1,266.89,266.89,2024-06-26,0,7,,0,2024-07-16
2428,75,10,11,5,1,266.89,266.89,2024-06-16,0,1,2024-06-23,0,2024-06-26
2429,75,8,11,5,2,266.89,533.78,2024-06-13,0,7,2024-06-18,0,2024-06-28
2430,75,7,11,5,2,266.89,533.78,2024-06-14,0,2,2024-07-04,0,2024-07-04
2431,75,5,11,5,1,266.89,266.89,2024-06-07,0,2,2024-06-17,0,2024-06-20
2432,75,10,11,5,2,266.89,533.78,2024-06-13,0,2,2024-06-23,0,2024-06-23
2433,75,7,11,5,1,266.89,266.89,2024-06-28,1,2,,0,2024-07-18
2434,75,10,11,5,1,266.89,266.89,2024-06-12,0,2,2024-06-17,0,2024-06-22
2435,75,10,11,5,1,266.89,266.89,2024-06-18,0,1,,1,2024-06-28
2436,75,7,11,5,6,266.89,1601.34,2024-06-08,0,6,,1,2024-06-28
2437,75,5,11,5,3,266.89,800.67,2024-06-11,0,2,2024-06-25,1,2024-06-24
2438,75,7,11,5,1,266.89,266.89,2024-06-13,0,2,2024-07-03,0,2024-07-03
2439,75,5,11,5,1,266.89,266.89,2024-06-10,0,2,2024-06-20,0,2024-06-23
2440,75,5,11,5,3,266.89,800.67,2024-06-15,0,1,,1,2024-06-28
2441,75,10,11,5,3,266.89,800.67,2024-06-06,0,7,,1,2024-06-16
2442,75,5,11,5,1,266.89,266.89,2024-06-23,0,3,2024-07-05,0,2024-07-06
2443,75,7,11,5,1,266.89,266.89,2024-06-17,1,4,2024-06-23,0,2024-07-07
2444,75,5,11,5,1,266.89,266.89,2024-06-19,0,2,,1,2024-07-02
2445,75,7,11,5,2,266.89,533.78,2024-06-07,0,2,2024-06-14,0,2024-06-27
2446,75,8,11,5,3,266.89,800.67,2024-06-26,0,3,,0,2024-07-11
2447,75,5,11,5,1,266.89,266.89,2024-06-23,0,7,2024-07-04,0,2024-07-06
2448,75,10,11,5,1,266.89,266.89,2024-06-13,1,2,,1,2024-06-23
2449,75,10,11,5,3,266.89,800.67,2024-06-28,0,3,,0,2024-07-08
2450,75,5,11,5,1,266.89,266.89,2024-06-16,0,2,,1,2024-06-29
2451,75,7,11,5,1,266.89,266.89,2024-06-09,0,8,2024-06-21,0,2024-06-29
2452,75,5,11,5,1,266.89,266.89,2024-06-10,0,3,2024-06-17,0,2024-06-23
2453,75,5,11,5,1,266.89,266.89,2024-06-23,1,1,,0,2024-07-06
2454,76,10,11,6,2,266.89,533.78,2024-07-02,0,2,,0,2024-10-10
2455,76,7,11,6,4,266.89,1067.56,2024-06-25,0,2,,0,2024-07-08
2456,76,5,11,6,11,266.89,2935.79,2024-06-22,1,1,,0,2024-09-30
2457,76,7,11,6,1,266.89,266.89,2024-06-07,0,2,2024-06-20,0,2024-06-20
2458,77,8,11,7,1,266.89,266.89,2024-06-10,1,2,2024-06-25,0,2024-06-25
2459,77,10,11,7,5,266.89,1334.45,2024-06-26,0,4,,1,2024-06-30
2460,77,7,11,7,1,266.89,266.89,2024-06-24,0,7,,0,2024-07-08
2461,77,10,11,7,2,266.89,533.78,2024-06-23,0,2,,1,2024-06-27
2462,77,5,11,7,2,266.89,533.78,2024-06-28,1,8,,0,2024-07-11
2463,77,7,11,7,2,266.89,533.78,2024-06-08,0,7,2024-06-22,0,2024-06-22
2464,77,7,11,7,6,266.89,1601.34,2024-06-30,0,2,,0,2024-07-14
2465,77,7,11,7,1,266.89,266.89,2024-06-28,0,3,,0,2024-07-12
2466,77,8,11,7,1,266.89,266.89,2024-07-01,1,5,,0,2024-07-16
2467,77,10,11,7,2,266.89,533.78,2024-06-06,0,1,2024-06-10,0,2024-06-10
2468,77,8,11,7,1,266.89,266.89,2024-06-23,0,4,,0,2024-07-08
2469,77,8,11,7,2,266.89,533.78,2024-06-19,0,3,,1,2024-07-04
2470,77,5,11,7,4,266.89,1067.56,2024-07-03,0,2,,0,2024-07-16
2471,77,8,11,7,2,266.89,533.78,2024-06-15,0,6,,1,2024-06-30
2472,77,7,11,7,1,266.89,266.89,2024-06-10,1,2,,1,2024-06-24
2473,77,10,11,7,1,266.89,266.89,2024-06-06,0,1,,1,2024-06-10
2474,77,5,11,7,1,266.89,266.89,2024-06-21,0,6,2024-07-04,0,2024-07-04
2475,77,8,11,7,3,266.89,800.67,2024-06-21,0,2,,0,2024-07-06
2476,77,5,11,7,2,266.89,533.78,2024-06-17,0,4,,1,2024-06-30
2477,78,10,12,1,13,612.21,7958.73,2024-06-27,0,2,,0,2024-07-13
2478,78,10,12,1,1,612.21,612.21,2024-06-09,0,2,,1,2024-06-25
2479,78,10,12,1,9,612.21,5509.89,2024-06-16,1,2,,1,2024-07-02
2480,78,10,12,1,1,612.21,612.21,2024-06-20,0,2,2024-07-05,0,2024-07-06
2481,78,10,12,1,6,612.21,3673.26,2024-06-07,0,8,2024-06-23,0,2024-06-23
2482,78,10,12,1,22,612.21,13468.62,2024-06-10,1,3,2024-06-17,0,2024-06-26
2483,78,10,12,1,6,612.21,3673.26,2024-06-13,0,2,2024-06-18,0,2024-06-29
2484,78,10,12,1,6,612.21,3673.26,2024-06-18,0,8,2024-06-25,0,2024-07-04
2485,78,10,12,1,10,612.21,6122.1,2024-06-26,1,2,,0,2024-07-12
2486,78,10,12,1,5,612.21,3061.05,2024-07-01,1,1,,0,2024-07-17
2487,78,10,12,1,21,612.21,12856.41,2024-06-18,0,2,2024-06-26,0,2024-07-04
2488,79,10,12,2,1,612.21,612.21,2024-07-03,0,3,,0,2024-07-22
2489,79,10,12,2,1,612.21,612.21,2024-07-03,0,3,,0,2024-07-22
2490,79,10,12,2,1,612.21,612.21,2024-07-03,0,8,,0,2024-07-22
2491,79,10,12,2,1,612.21,612.21,2024-06-13,0,1,2024-06-18,0,2024-07-02
2492,79,10,12,2,1,612.21,612.21,2024-06-25,1,7,,0,2024-07-14
2493,79,10,12,2,1,612.21,612.21,2024-06-10,0,8,,1,2024-06-29
2494,79,10,12,2,1,612.21,612.21,2024-06-21,1,7,,0,2024-07-10
2495,79,10,12,2,1,612.21,612.21,2024-07-03,1,8,,0,2024-07-22
2496,79,10,12,2,1,612.21,612.21,2024-07-01,0,2,,0,2024-07-20
2497,79,10,12,2,1,612.21,612.21,2024-06-28,1,2,,0,2024-07-17
2498,79,10,12,2,1,612.21,612.21,2024-06-11,0,7,2024-06-20,0,2024-06-30
2499,79,10,12,2,1,612.21,612.21,2024-06-11,0,8,2024-06-18,0,2024-06-30
2500,79,10,12,2,1,612.21,612.21,2024-06-21,0,8,,0,2024-07-10
2501,79,10,12,2,1,612.21,612.21,2024-06-05,0,1,2024-06-15,0,2024-06-24
2502,79,10,12,2,1,612.21,612.21,2024-06-11,0,7,2024-06-26,0,2024-06-30
2503,79,10,12,2,1,612.21,612.21,2024-06-07,0,8,2024-06-23,0,2024-06-26
2504,79,10,12,2,1,612.21,612.21,2024-06-20,0,2,2024-07-03,0,2024-07-09
2505,79,10,12,2,1,612.21,612.21,2024-06-15,1,2,2024-07-05,1,2024-07-04
2506,79,10,12,2,1,612.21,612.21,2024-06-27,0,6,,0,2024-07-16
2507,79,10,12,2,1,612.21,612.21,2024-06-19,0,8,2024-07-02,0,2024-07-08
2508,79,10,12,2,1,612.21,612.21,2024-06-22,0,8,,0,2024-07-11
2509,79,10,12,2,1,612.21,612.21,2024-06-22,0,8,,0,2024-07-11
2510,79,10,12,2,1,612.21,612.21,2024-06-16,0,1,2024-06-26,0,2024-07-05
2511,79,10,12,2,1,612.21,612.21,2024-06-07,1,8,,1,2024-06-26
2512,79,10,12,2,2,612.21,1224.42,2024-06-24,0,7,,0,2024-07-13
2513,79,10,12,2,1,612.21,612.21,2024-06-20,0,8,2024-07-03,0,2024-07-09
2514,79,10,12,2,1,612.21,612.21,2024-07-01,0,7,,0,2024-07-20
2515,79,10,12,2,1,612.21,612.21,2024-06-30,0,8,,0,2024-07-19
2516,79,10,12,2,1,612.21,612.21,2024-06-27,1,8,,0,2024-07-16
2517,79,10,12,2,1,612.21,612.21,2024-06-23,0,8,2024-07-02,0,2024-07-12
2518,79,10,12,2,1,612.21,612.21,2024-06-15,0,8,,1,2024-07-04
2519,79,10,12,2,1,612.21,612.21,2024-06-10,0,8,2024-06-29,0,2024-06-29
2520,79,10,12,2,1,612.21,612.21,2024-06-26,1,7,,0,2024-07-15
2521,79,10,12,2,1,612.21,612.21,2024-06-18,1,8,,0,2024-07-07
2522,79,10,12,2,1,612.21,612.21,2024-06-29,0,8,,0,2024-07-18
2523,79,10,12,2,1,612.21,612.21,2024-06-12,0,7,2024-06-30,0,2024-07-01
2524,79,10,12,2,1,612.21,612.21,2024-06-10,0,6,,1,2024-06-29
2525,79,10,12,2,1,612.21,612.21,2024-07-04,0,8,,0,2024-07-23
2526,79,10,12,2,1,612.21,612.21,2024-06-05,0,8,2024-06-12,0,2024-06-24
2527,79,10,12,2,1,612.21,612.21,2024-06-07,0,8,,1,2024-06-26
2528,79,10,12,2,1,612.21,612.21,2024-06-06,0,8,2024-06-20,0,2024-06-25
2529,79,10,12,2,1,612.21,612.21,2024-06-17,1,3,2024-06-27,0,2024-07-06
2530,79,10,12,2,1,612.21,612.21,2024-06-16,0,8,,1,2024-07-05
2531,79,10,12,2,1,612.21,612.21,2024-06-27,0,8,,0,2024-07-16
2532,79,10,12,2,1,612.21,612.21,2024-06-16,0,8,,1,2024-07-05
2533,79,10,12,2,2,612.21,1224.42,2024-06-07,0,1,2024-06-26,0,2024-06-26
2534,79,10,12,2,1,612.21,612.21,2024-06-16,1,2,2024-07-01,0,2024-07-05
2535,79,10,12,2,1,612.21,612.21,2024-06-13,0,8,2024-06-21,0,2024-07-02
2536,79,10,12,2,1,612.21,612.21,2024-06-25,1,8,,0,2024-07-14
2537,79,10,12,2,1,612.21,612.21,2024-06-09,1,7,2024-06-16,0,2024-06-28
2538,79,10,12,2,1,612.21,612.21,2024-07-03,0,7,,0,2024-07-22
2539,79,10,12,2,1,612.21,612.21,2024-07-03,1,6,,0,2024-07-22
2540,79,10,12,2,1,612.21,612.21,2024-06-26,0,1,,0,2024-07-15
2541,79,10,12,2,1,612.21,612.21,2024-06-07,0,1,2024-06-29,1,2024-06-26
2542,79,10,12,2,1,612.21,612.21,2024-06-25,0,7,,0,2024-07-14
2543,79,10,12,2,1,612.21,612.21,2024-07-01,0,8,,0,2024-07-20
2544,79,10,12,2,1,612.21,612.21,2024-06-29,0,6,,0,2024-07-18
2545,79,10,12,2,1,612.21,612.21,2024-06-17,0,2,2024-06-22,0,2024-07-06
2546,79,10,12,2,1,612.21,612.21,2024-06-05,1,7,,1,2024-06-24
2547,79,10,12,2,1,612.21,612.21,2024-06-21,0,8,2024-07-04,0,2024-07-10
2548,79,10,12,2,1,612.21,612.21,2024-06-11,0,7,2024-06-30,0,2024-06-30
2549,80,10,12,3,1,612.21,612.21,2024-06-12,0,1,2024-06-28,1,2024-06-27
2550,80,10,12,3,1,612.21,612.21,2024-07-04,1,2,,0,2024-07-19
2551,80,10,12,3,2,612.21,1224.42,2024-06-18,0,6,2024-07-01,0,2024-07-03
2552,80,10,12,3,2,612.21,1224.42,2024-06-08,0,1,2024-06-19,0,2024-06-23
2553,80,10,12,3,1,612.21,612.21,2024-06-14,1,4,2024-06-23,0,2024-06-29
2554,80,10,12,3,1,612.21,612.21,2024-06-24,1,8,,0,2024-07-09
2555,80,10,12,3,3,612.21,1836.63,2024-06-26,1,2,,0,2024-07-11
2556,80,10,12,3,2,612.21,1224.42,2024-06-24,0,3,,0,2024-07-09
2557,80,10,12,3,1,612.21,612.21,2024-07-04,0,8,,0,2024-07-19
2558,80,10,12,3,2,612.21,1224.42,2024-07-03,1,2,,0,2024-07-18
2559,80,10,12,3,1,612.21,612.21,2024-06-06,0,1,,1,2024-06-21
2560,80,10,12,3,2,612.21,1224.42,2024-06-09,0,2,2024-06-23,0,2024-06-24
2561,80,10,12,3,1,612.21,612.21,2024-06-25,0,4,,0,2024-07-10
2562,80,10,12,3,1,612.21,612.21,2024-06-15,0,1,,1,2024-06-30
2563,80,10,12,3,1,612.21,612.21,2024-06-29,0,8,2024-07-05,0,2024-07-14
2564,80,10,12,3,3,612.21,1836.63,2024-07-04,0,2,,0,2024-07-19
2565,80,10,12,3,1,612.21,612.21,2024-06-26,0,2,,0,2024-07-11
2566,80,10,12,3,2,612.21,1224.42,2024-06-12,1,6,,1,2024-06-27
2567,80,10,12,3,1,612.21,612.21,2024-06-20,0,1,2024-06-30,0,2024-07-05
2568,80,10,12,3,1,612.21,612.21,2024-07-04,0,8,,0,2024-07-19
2569,80,10,12,3,3,612.21,1836.63,2024-06-24,0,1,2024-07-03,0,2024-07-09
2570,80,10,12,3,2,612.21,1224.42,2024-07-04,0,4,,0,2024-07-19
2571,80,10,12,3,2,612.21,1224.42,2024-06-30,1,2,,0,2024-07-15
2572,80,10,12,3,1,612.21,612.21,2024-07-03,0,2,,0,2024-07-18
2573,80,10,12,3,2,612.21,1224.42,2024-06-17,0,3,,1,2024-07-02
2574,80,10,12,3,2,612.21,1224.42,2024-06-25,0,1,,0,2024-07-10
2575,80,10,12,3,4,612.21,2448.84,2024-06-27,0,4,,0,2024-07-12
2576,80,10,12,3,1,612.21,612.21,2024-07-04,0,4,,0,2024-07-19
2577,80,10,12,3,1,612.21,612.21,2024-06-20,0,2,,1,2024-07-05
2578,80,10,12,3,1,612.21,612.21,2024-06-19,0,2,2024-07-02,0,2024-07-04
2579,80,10,12,3,1,612.21,612.21,2024-06-29,0,2,,0,2024-07-14
2580,80,10,12,3,1,612.21,612.21,2024-06-21,0,2,,0,2024-07-06
2581,80,10,12,3,1,612.21,612.21,2024-06-26,1,1,,0,2024-07-11
2582,80,10,12,3,3,612.21,1836.63,2024-06-23,0,2,,0,2024-07-08
2583,80,10,12,3,1,612.21,612.21,2024-06-08,1,2,,1,2024-06-23
2584,80,10,12,3,1,612.21,612.21,2024-06-20,0,3,,1,2024-07-05
2585,80,10,12,3,1,612.21,612.21,2024-06-19,0,3,2024-07-02,0,2024-07-04
2586,80,10,12,3,1,612.21,612.21,2024-06-22,0,7,,0,2024-07-07
2587,80,10,12,3,1,612.21,612.21,2024-06-19,0,2,2024-06-28,0,2024-07-04
2588,80,10,12,3,1,612.21,612.21,2024-06-13,0,2,2024-06-21,0,2024-06-28
2589,80,10,12,3,2,612.21,1224.42,2024-06-15,0,7,2024-07-04,1,2024-06-30
2590,80,10,12,3,1,612.21,612.21,2024-06-18,1,8,,1,2024-07-03
2591,80,10,12,3,1,612.21,612.21,2024-06-12,0,2,2024-06-23,0,2024-06-27
2592,80,10,12,3,2,612.21,1224.42,2024-06-27,0,2,2024-07-04,0,2024-07-12
2593,80,10,12,3,1,612.21,612.21,2024-07-02,0,7,,0,2024-07-17
2594,80,10,12,3,1,612.21,612.21,2024-06-22,0,1,,0,2024-07-07
2595,80,10,12,3,1,612.21,612.21,2024-07-02,0,4,,0,2024-07-17
2596,80,10,12,3,1,612.21,612.21,2024-06-07,0,2,2024-06-14,0,2024-06-22
2597,80,10,12,3,1,612.21,612.21,2024-06-18,1,1,2024-06-27,0,2024-07-03
2598,80,10,12,3,1,612.21,612.21,2024-06-16,0,5,2024-06-30,0,2024-07-01
2599,80,10,12,3,1,612.21,612.21,2024-06-30,0,2,2024-07-03,0,2024-07-15
2600,81,10,12,4,1,612.21,612.21,2024-06-24,0,8,,0,2024-07-15
2601,81,10,12,4,1,612.21,612.21,2024-06-28,0,8,,0,2024-07-19
2602,81,10,12,4,1,612.21,612.21,2024-07-02,0,6,,0,2024-07-23
2603,81,10,12,4,1,612.21,612.21,2024-06-18,0,1,2024-07-01,0,2024-07-09
2604,81,10,12,4,1,612.21,612.21,2024-06-29,0,2,,0,2024-07-20
2605,81,10,12,4,1,612.21,612.21,2024-06-09,0,2,2024-06-18,0,2024-06-30
2606,81,10,12,4,2,612.21,1224.42,2024-06-15,0,2,2024-06-27,0,2024-07-06
2607,81,10,12,4,2,612.21,1224.42,2024-06-29,0,2,,0,2024-07-20
2608,81,10,12,4,3,612.21,1836.63,2024-06-23,0,2,2024-07-04,0,2024-07-14
2609,81,10,12,4,1,612.21,612.21,2024-06-07,1,6,2024-06-28,0,2024-06-28
2610,81,10,12,4,1,612.21,612.21,2024-06-11,0,2,,1,2024-07-02
2611,81,10,12,4,4,612.21,2448.84,2024-06-07,1,4,2024-06-26,0,2024-06-28
2612,81,10,12,4,8,612.21,4897.68,2024-06-17,0,2,,0,2024-07-08
2613,81,10,12,4,1,612.21,612.21,2024-06-30,1,1,,0,2024-07-21
2614,81,10,12,4,2,612.21,1224.42,2024-06-14,0,7,2024-06-29,0,2024-07-05
2615,81,10,12,4,1,612.21,612.21,2024-07-02,0,3,,0,2024-07-23
2616,81,10,12,4,1,612.21,612.21,2024-06-13,1,7,,1,2024-07-04
2617,81,10,12,4,1,612.21,612.21,2024-06-17,1,2,,0,2024-07-08
2618,81,10,12,4,2,612.21,1224.42,2024-07-03,1,8,,0,2024-07-24
2619,81,10,12,4,2,612.21,1224.42,2024-06-05,1,2,2024-06-26,0,2024-06-26
2620,82,10,12,5,2,612.21,1224.42,2024-06-22,1,2,,0,2024-09-30
2621,82,10,12,5,1,612.21,612.21,2024-07-03,0,7,,0,2024-10-11
2622,83,10,12,6,1,612.21,612.21,2024-06-13,0,2,2024-06-29,0,2024-06-29
2623,83,10,12,6,2,612.21,1224.42,2024-06-23,0,2,2024-07-05,0,2024-07-09
2624,83,10,12,6,1,612.21,612.21,2024-06-05,0,7,,1,2024-06-21
2625,83,10,12,6,1,612.21,612.21,2024-06-16,0,2,2024-06-26,0,2024-07-02
2626,83,10,12,6,1,612.21,612.21,2024-06-18,0,1,2024-06-28,0,2024-07-04
2627,83,10,12,6,1,612.21,612.21,2024-07-03,0,2,,0,2024-07-19
2628,83,10,12,6,1,612.21,612.21,2024-06-09,1,2,,1,2024-06-25
2629,83,10,12,6,1,612.21,612.21,2024-06-27,1,3,,0,2024-07-13
2630,83,10,12,6,2,612.21,1224.42,2024-06-27,0,2,,0,2024-07-13
2631,83,10,12,6,1,612.21,612.21,2024-06-23,1,2,,0,2024-07-09
2632,83,10,12,6,1,612.21,612.21,2024-06-29,0,1,,0,2024-07-15
2633,83,10,12,6,1,612.21,612.21,2024-06-08,0,5,2024-06-29,1,2024-06-24
2634,83,10,12,6,1,612.21,612.21,2024-06-06,1,1,2024-06-18,0,2024-06-22
2635,83,10,12,6,2,612.21,1224.42,2024-06-12,0,2,2024-06-27,0,2024-06-28
2636,83,10,12,6,2,612.21,1224.42,2024-06-26,0,2,,0,2024-07-12
2637,83,10,12,6,1,612.21,612.21,2024-06-28,0,7,,0,2024-07-14
2638,83,10,12,6,4,612.21,2448.84,2024-06-20,0,1,2024-07-03,0,2024-07-06
2639,83,10,12,6,2,612.21,1224.42,2024-06-15,0,1,2024-06-21,0,2024-07-01
2640,83,10,12,6,1,612.21,612.21,2024-07-02,0,2,,0,2024-07-18
2641,83,10,12,6,1,612.21,612.21,2024-06-06,0,7,2024-06-14,0,2024-06-22
2642,83,10,12,6,1,612.21,612.21,2024-07-01,0,7,,0,2024-07-17
2643,83,10,12,6,1,612.21,612.21,2024-06-12,0,1,2024-06-24,0,2024-06-28
2644,83,10,12,6,1,612.21,612.21,2024-06-11,0,7,2024-06-21,0,2024-06-27
2645,83,10,12,6,3,612.21,1836.63,2024-06-07,0,7,2024-06-20,0,2024-06-23
2646,83,10,12,6,1,612.21,612.21,2024-06-16,0,2,2024-06-23,0,2024-07-02
2647,83,10,12,6,1,612.21,612.21,2024-06-17,0,4,,1,2024-07-03
2648,83,10,12,6,1,612.21,612.21,2024-06-29,0,2,,0,2024-07-15
2649,83,10,12,6,2,612.21,1224.42,2024-06-21,0,2,,0,2024-07-07
2650,83,10,12,6,1,612.21,612.21,2024-07-04,0,3,,0,2024-07-20
2651,83,10,12,6,1,612.21,612.21,2024-07-04,0,1,,0,2024-07-20
2652,83,10,12,6,1,612.21,612.21,2024-06-30,0,8,,0,2024-07-16
2653,83,10,12,6,1,612.21,612.21,2024-06-05,1,8,,1,2024-06-21
2654,84,10,12,7,1,612.21,612.21,2024-06-09,1,7,2024-06-28,1,2024-06-27
2655,84,10,12,7,1,612.21,612.21,2024-06-07,0,8,2024-06-21,0,2024-06-25
2656,84,10,12,7,1,612.21,612.21,2024-06-10,0,2,2024-06-13,0,2024-06-28
2657,84,10,12,7,1,612.21,612.21,2024-06-14,1,2,,1,2024-07-02
2658,84,10,12,7,1,612.21,612.21,2024-07-02,0,7,,0,2024-07-20
2659,84,10,12,7,1,612.21,612.21,2024-06-21,0,1,2024-07-01,0,2024-07-09
2660,84,10,12,7,1,612.21,612.21,2024-07-01,1,2,,0,2024-07-19
2661,84,10,12,7,1,612.21,612.21,2024-06-30,0,4,,0,2024-07-18
2662,84,10,12,7,1,612.21,612.21,2024-06-20,0,7,2024-07-04,0,2024-07-08
2663,84,10,12,7,1,612.21,612.21,2024-06-12,0,2,2024-06-24,0,2024-06-30
2664,84,10,12,7,2,612.21,1224.42,2024-06-18,0,2,2024-07-04,0,2024-07-06
2665,84,10,12,7,1,612.21,612.21,2024-06-29,0,3,,0,2024-07-17
2666,84,10,12,7,1,612.21,612.21,2024-06-08,0,2,2024-06-26,0,2024-06-26
2667,84,10,12,7,1,612.21,612.21,2024-07-01,0,6,,0,2024-07-19
2668,84,10,12,7,1,612.21,612.21,2024-06-21,0,7,,0,2024-07-09
2669,84,10,12,7,1,612.21,612.21,2024-06-26,0,2,,0,2024-07-14
2670,84,10,12,7,2,612.21,1224.42,2024-06-27,0,2,,0,2024-07-15
2671,84,10,12,7,1,612.21,612.21,2024-06-10,0,8,2024-06-23,0,2024-06-28
2672,84,10,12,7,1,612.21,612.21,2024-06-21,0,2,2024-07-01,0,2024-07-09
2673,84,10,12,7,1,612.21,612.21,2024-06-28,1,6,,0,2024-07-16
2674,84,10,12,7,1,612.21,612.21,2024-06-23,0,2,,0,2024-07-11
2675,84,10,12,7,1,612.21,612.21,2024-06-20,0,1,2024-07-04,0,2024-07-08
2676,84,10,12,7,1,612.21,612.21,2024-06-30,0,2,,0,2024-07-18
2677,84,10,12,7,1,612.21,612.21,2024-06-27,0,1,,0,2024-07-15
2678,84,10,12,7,2,612.21,1224.42,2024-06-18,1,2,,0,2024-07-06
2679,84,10,12,7,1,612.21,612.21,2024-06-23,1,6,,0,2024-07-11
2680,84,10,12,7,1,612.21,612.21,2024-07-02,0,6,,0,2024-07-20
2681,84,10,12,7,1,612.21,612.21,2024-06-15,0,7,2024-06-22,0,2024-07-03
2682,84,10,12,7,1,612.21,612.21,2024-06-23,0,1,,0,2024-07-11
2683,84,10,12,7,2,612.21,1224.42,2024-06-15,0,2,2024-06-27,0,2024-07-03
2684,84,10,12,7,1,612.21,612.21,2024-06-16,1,1,2024-06-23,0,2024-07-04
2685,84,10,12,7,1,612.21,612.21,2024-06-10,0,2,2024-06-24,0,2024-06-28
2686,84,10,12,7,1,612.21,612.21,2024-06-08,0,3,2024-06-18,0,2024-06-26
2687,84,10,12,7,1,612.21,612.21,2024-06-29,0,1,,0,2024-07-17
2688,84,10,12,7,2,612.21,1224.42,2024-06-12,0,2,2024-06-27,0,2024-06-30
2689,84,10,12,7,1,612.21,612.21,2024-06-09,0,1,2024-06-20,0,2024-06-27
2690,84,10,12,7,1,612.21,612.21,2024-06-20,0,1,2024-07-01,0,2024-07-08
2691,84,10,12,7,1,612.21,612.21,2024-06-30,1,2,,0,2024-07-18
2692,84,10,12,7,1,612.21,612.21,2024-06-30,0,2,2024-07-02,0,2024-07-18
2693,84,10,12,7,1,612.21,612.21,2024-06-17,0,2,2024-07-02,0,2024-07-05
2694,84,10,12,7,1,612.21,612.21,2024-06-05,0,2,2024-06-20,0,2024-06-23
2695,84,10,12,7,1,612.21,612.21,2024-06-12,0,1,2024-06-20,0,2024-06-30
2696,84,10,12,7,1,612.21,612.21,2024-06-25,0,4,2024-07-05,0,2024-07-13
2697,84,10,12,7,1,612.21,612.21,2024-06-14,0,6,,1,2024-07-02
2698,84,10,12,7,1,612.21,612.21,2024-06-28,0,1,,0,2024-07-16
2699,84,10,12,7,1,612.21,612.21,2024-06-21,0,2,2024-06-30,0,2024-07-09
2700,84,10,12,7,1,612.21,612.21,2024-06-23,0,2,,0,2024-07-11
2701,84,10,12,7,1,612.21,612.21,2024-06-05,0,4,2024-06-21,0,2024-06-23
2702,84,10,12,7,1,612.21,612.21,2024-06-30,0,3,,0,2024-07-18
2703,84,10,12,7,1,612.21,612.21,2024-07-02,0,7,,0,2024-07-20
2704,84,10,12,7,2,612.21,1224.42,2024-06-20,1,2,2024-07-04,0,2024-07-08
2705,84,10,12,7,1,612.21,612.21,2024-06-18,0,2,2024-06-30,0,2024-07-06
2706,84,10,12,7,1,612.21,612.21,2024-07-02,0,1,,0,2024-07-20
2707,84,10,12,7,1,612.21,612.21,2024-07-01,0,2,,0,2024-07-19
2708,84,10,12,7,1,612.21,612.21,2024-07-03,1,1,,0,2024-07-21
2709,84,10,12,7,2,612.21,1224.42,2024-07-01,0,7,,0,2024-07-19
2710,84,10,12,7,1,612.21,612.21,2024-06-09,0,3,2024-06-26,0,2024-06-27
2711,84,10,12,7,1,612.21,612.21,2024-06-10,0,1,2024-06-29,1,2024-06-28
2712,84,10,12,7,2,612.21,1224.42,2024-06-20,0,8,2024-06-30,0,2024-07-08
2713,84,10,12,7,1,612.21,612.21,2024-06-05,0,2,2024-06-16,0,2024-06-23
2714,84,10,12,7,1,612.21,612.21,2024-06-17,0,2,2024-06-29,0,2024-07-05
2715,84,10,12,7,1,612.21,612.21,2024-07-04,0,2,,0,2024-07-22
2716,84,10,12,7,1,612.21,612.21,2024-06-15,0,2,2024-06-27,0,2024-07-03
2717,84,10,12,7,1,612.21,612.21,2024-06-25,1,2,,0,2024-07-13
2718,84,10,12,7,1,612.21,612.21,2024-06-09,0,1,2024-06-23,0,2024-06-27
2719,84,10,12,7,1,612.21,612.21,2024-07-01,0,2,,0,2024-07-19
2720,84,10,12,7,1,612.21,612.21,2024-06-20,0,4,2024-06-30,0,2024-07-08
2721,84,10,12,7,1,612.21,612.21,2024-06-25,1,7,,0,2024-07-13
2722,84,10,12,7,1,612.21,612.21,2024-06-14,1,2,,1,2024-07-02
2723,84,10,12,7,1,612.21,612.21,2024-06-29,0,1,,0,2024-07-17
2724,84,10,12,7,1,612.21,612.21,2024-06-13,0,2,2024-06-29,0,2024-07-01
2725,84,10,12,7,1,612.21,612.21,2024-06-10,0,2,2024-06-28,0,2024-06-28
2726,84,10,12,7,1,612.21,612.21,2024-06-08,1,2,2024-06-26,0,2024-06-26
2727,84,10,12,7,1,612.21,612.21,2024-06-26,0,1,,0,2024-07-14
2728,84,10,12,7,1,612.21,612.21,2024-06-29,0,6,,0,2024-07-17
2729,84,10,12,7,1,612.21,612.21,2024-06-23,0,2,2024-07-03,0,2024-07-11
2730,85,6,13,1,2,312.76,625.52,2024-06-14,0,2,2024-07-03,0,2024-07-03
2731,85,6,13,1,4,312.76,1251.04,2024-06-26,1,7,,0,2024-07-15
2732,85,1,13,1,1,312.76,312.76,2024-07-02,1,8,,0,2024-07-10
2733,85,1,13,1,3,312.76,938.28,2024-06-23,0,2,,1,2024-07-01
2734,85,10,13,1,2,312.76,625.52,2024-06-20,0,6,2024-07-03,0,2024-07-17
2735,85,5,13,1,1,312.76,312.76,2024-06-20,0,1,2024-07-04,0,2024-07-07
2736,85,10,13,1,1,312.76,312.76,2024-06-08,1,6,2024-07-05,0,2024-07-05
2737,85,5,13,1,2,312.76,625.52,2024-06-11,0,8,2024-06-22,0,2024-06-28
2738,85,10,13,1,1,312.76,312.76,2024-06-10,0,2,2024-06-17,0,2024-07-07
2739,85,5,13,1,2,312.76,625.52,2024-06-06,1,2,,1,2024-06-23
2740,85,5,13,1,1,312.76,312.76,2024-06-30,0,1,,0,2024-07-17
2741,85,1,13,1,1,312.76,312.76,2024-06-10,0,1,2024-06-18,0,2024-06-18
2742,85,5,13,1,1,312.76,312.76,2024-06-10,0,2,2024-06-27,0,2024-06-27
2743,85,5,13,1,1,312.76,312.76,2024-06-07,0,2,2024-06-17,0,2024-06-24
2744,85,10,13,1,3,312.76,938.28,2024-06-29,0,3,,0,2024-07-26
2745,85,10,13,1,2,312.76,625.52,2024-06-13,0,7,2024-06-25,0,2024-07-10
2746,85,5,13,1,2,312.76,625.52,2024-07-01,0,2,,0,2024-07-18
2747,85,10,13,1,1,312.76,312.76,2024-06-08,1,5,2024-07-04,0,2024-07-05
2748,85,5,13,1,2,312.76,625.52,2024-06-17,1,2,,1,2024-07-04
2749,85,10,13,1,1,312.76,312.76,2024-06-10,0,1,2024-06-28,0,2024-07-07
2750,85,10,13,1,1,312.76,312.76,2024-06-10,1,1,2024-06-27,0,2024-07-07
2751,85,6,13,1,1,312.76,312.76,2024-06-13,0,1,,1,2024-07-02
2752,85,6,13,1,1,312.76,312.76,2024-06-12,0,2,2024-06-24,0,2024-07-01
2753,85,5,13,1,3,312.76,938.28,2024-06-29,0,2,,0,2024-07-16
2754,85,5,13,1,1,312.76,312.76,2024-06-27,0,2,,0,2024-07-14
2755,86,5,13,2,1,312.76,312.76,2024-06-22,1,7,,0,2024-07-09
2756,86,1,13,2,1,312.76,312.76,2024-06-29,0,7,,0,2024-07-12
2757,86,10,13,2,1,312.76,312.76,2024-06-25,0,8,2024-07-05,0,2024-07-11
2758,86,5,13,2,1,312.76,312.76,2024-06-16,0,8,2024-06-26,0,2024-07-03
2759,86,1,13,2,1,312.76,312.76,2024-06-24,1,7,,0,2024-07-07
2760,86,1,13,2,1,312.76,312.76,2024-07-01,0,8,,0,2024-07-14
2761,86,6,13,2,1,312.76,312.76,2024-06-11,0,8,2024-06-21,0,2024-06-27
2762,86,6,13,2,2,312.76,625.52,2024-06-15,0,1,2024-06-29,0,2024-07-01
2763,86,1,13,2,1,312.76,312.76,2024-06-19,0,8,2024-07-02,0,2024-07-02
2764,86,10,13,2,1,312.76,312.76,2024-06-28,1,5,,0,2024-07-14
2765,86,6,13,2,1,312.76,312.76,2024-06-08,0,8,2024-06-20,0,2024-06-24
2766,86,6,13,2,1,312.76,312.76,2024-06-14,1,6,2024-07-01,1,2024-06-30
2767,86,6,13,2,1,312.76,312.76,2024-06-22,0,1,,0,2024-07-08
2768,86,5,13,2,1,312.76,312.76,2024-06-11,1,2,,1,2024-06-28
2769,86,5,13,2,1,312.76,312.76,2024-06-14,1,2,2024-06-25,0,2024-07-01
2770,86,6,13,2,2,312.76,625.52,2024-06-29,1,8,,0,2024-07-15
2771,86,1,13,2,1,312.76,312.76,2024-06-17,0,8,2024-06-28,0,2024-06-30
2772,86,1,13,2,1,312.76,312.76,2024-07-04,0,1,,0,2024-07-17
2773,86,6,13,2,2,312.76,625.52,2024-06-22,0,2,,0,2024-07-08
2774,86,5,13,2,2,312.76,625.52,2024-06-13,0,8,2024-06-28,0,2024-06-30
2775,86,6,13,2,1,312.76,312.76,2024-06-05,0,8,2024-06-15,0,2024-06-21
2776,86,1,13,2,1,312.76,312.76,2024-06-29,0,7,,0,2024-07-12
2777,86,6,13,2,2,312.76,625.52,2024-06-14,0,7,2024-06-25,0,2024-06-30
2778,86,10,13,2,1,312.76,312.76,2024-06-10,0,8,2024-06-27,1,2024-06-26
2779,86,6,13,2,1,312.76,312.76,2024-06-24,0,8,,0,2024-07-10
2780,86,6,13,2,1,312.76,312.76,2024-06-28,0,1,,0,2024-07-14
2781,86,1,13,2,1,312.76,312.76,2024-07-02,0,7,,0,2024-07-15
2782,86,6,13,2,1,312.76,312.76,2024-06-25,0,8,,0,2024-07-11
2783,86,6,13,2,1,312.76,312.76,2024-06-11,0,6,2024-06-20,0,2024-06-27
2784,86,5,13,2,1,312.76,312.76,2024-06-14,0,1,2024-06-29,0,2024-07-01
2785,86,10,13,2,1,312.76,312.76,2024-06-19,1,8,,1,2024-07-05
2786,86,6,13,2,1,312.76,312.76,2024-06-28,0,8,,0,2024-07-14
2787,86,5,13,2,1,312.76,312.76,2024-06-25,0,1,,0,2024-07-12
2788,86,10,13,2,1,312.76,312.76,2024-06-20,0,2,,0,2024-07-06
2789,86,5,13,2,1,312.76,312.76,2024-06-27,0,1,,0,2024-07-14
2790,86,1,13,2,1,312.76,312.76,2024-07-04,0,8,,0,2024-07-17
2791,86,5,13,2,1,312.76,312.76,2024-06-20,0,2,,0,2024-07-07
2792,86,6,13,2,1,312.76,312.76,2024-06-22,0,1,,0,2024-07-08
2793,86,5,13,2,1,312.76,312.76,2024-06-19,0,8,2024-07-02,0,2024-07-06
2794,86,5,13,2,1,312.76,312.76,2024-06-09,0,3,,1,2024-06-26
2795,86,10,13,2,1,312.76,312.76,2024-06-12,0,1,2024-06-19,0,2024-06-28
2796,86,1,13,2,1,312.76,312.76,2024-06-28,0,8,,0,2024-07-11
2797,86,10,13,2,1,312.76,312.76,2024-06-27,0,8,,0,2024-07-13
2798,86,6,13,2,1,312.76,312.76,2024-07-03,0,4,,0,2024-07-19
2799,86,10,13,2,1,312.76,312.76,2024-06-30,0,1,,0,2024-07-16
2800,86,6,13,2,1,312.76,312.76,2024-06-16,0,1,2024-06-26,0,2024-07-02
2801,86,1,13,2,1,312.76,312.76,2024-06-11,0,2,2024-06-24,0,2024-06-24
2802,86,5,13,2,1,312.76,312.76,2024-06-15,0,1,2024-07-01,0,2024-07-02
2803,86,10,13,2,1,312.76,312.76,2024-06-14,0,8,2024-06-23,0,2024-06-30
2804,86,10,13,2,2,312.76,625.52,2024-06-29,0,8,,0,2024-07-15
2805,86,6,13,2,1,312.76,312.76,2024-07-04,0,8,,0,2024-07-20
2806,86,5,13,2,1,312.76,312.76,2024-06-16,0,7,2024-07-03,0,2024-07-03
2807,86,10,13,2,1,312.76,312.76,2024-06-08,0,8,2024-06-22,0,2024-06-24
2808,86,6,13,2,1,312.76,312.76,2024-06-28,1,4,,0,2024-07-14
2809,86,5,13,2,1,312.76,312.76,2024-06-14,0,6,2024-07-02,1,2024-07-01
2810,86,5,13,2,1,312.76,312.76,2024-06-06,0,8,,1,2024-06-23
2811,86,6,13,2,1,312.76,312.76,2024-06-23,1,8,2024-07-03,0,2024-07-09
2812,86,10,13,2,1,312.76,312.76,2024-06-05,0,2,2024-06-16,0,2024-06-21
2813,86,5,13,2,2,312.76,625.52,2024-06-12,0,8,2024-06-25,0,2024-06-29
2814,86,1,13,2,1,312.76,312.76,2024-07-04,1,8,,0,2024-07-17
2815,86,6,13,2,1,312.76,312.76,2024-06-09,0,7,2024-06-24,0,2024-06-25
2816,86,5,13,2,3,312.76,938.28,2024-06-29,0,7,,0,2024-07-16
2817,86,5,13,2,1,312.76,312.76,2024-06-23,0,7,2024-07-03,0,2024-07-10
2818,86,5,13,2,1,312.76,312.76,2024-06-14,0,6,2024-06-30,0,2024-07-01
2819,87,10,13,3,2,312.76,625.52,2024-07-04,0,1,,0,2024-07-20
2820,87,5,13,3,1,312.76,312.76,2024-06-22,0,4,2024-07-04,0,2024-07-08
2821,87,1,13,3,1,312.76,312.76,2024-07-04,0,2,,0,2024-07-23
2822,87,1,13,3,2,312.76,625.52,2024-06-11,1,8,2024-07-02,1,2024-06-30
2823,87,10,13,3,1,312.76,312.76,2024-07-01,0,2,,0,2024-07-17
2824,87,5,13,3,1,312.76,312.76,2024-06-27,0,1,,0,2024-07-13
2825,87,5,13,3,2,312.76,625.52,2024-06-12,0,1,,1,2024-06-28
2826,87,10,13,3,1,312.76,312.76,2024-06-28,1,5,,0,2024-07-14
2827,87,1,13,3,1,312.76,312.76,2024-06-25,0,7,,0,2024-07-14
2828,87,1,13,3,1,312.76,312.76,2024-06-16,1,2,,1,2024-07-05
2829,87,6,13,3,1,312.76,312.76,2024-06-14,0,8,2024-07-04,1,2024-07-02
2830,87,5,13,3,2,312.76,625.52,2024-06-10,0,4,2024-06-21,0,2024-06-26
2831,87,5,13,3,1,312.76,312.76,2024-06-26,0,6,2024-07-01,0,2024-07-12
2832,87,1,13,3,1,312.76,312.76,2024-06-24,0,1,2024-07-01,0,2024-07-13
2833,87,1,13,3,2,312.76,625.52,2024-06-18,0,2,2024-06-25,0,2024-07-07
2834,87,5,13,3,1,312.76,312.76,2024-06-06,0,4,,1,2024-06-22
2835,87,10,13,3,1,312.76,312.76,2024-06-30,0,7,,0,2024-07-16
2836,87,5,13,3,1,312.76,312.76,2024-06-09,1,2,2024-06-30,1,2024-06-25
2837,87,5,13,3,1,312.76,312.76,2024-06-14,0,6,2024-06-30,0,2024-06-30
2838,87,5,13,3,2,312.76,625.52,2024-06-14,0,4,2024-06-30,0,2024-06-30
2839,87,1,13,3,2,312.76,625.52,2024-07-02,0,2,,0,2024-07-21
2840,87,6,13,3,2,312.76,625.52,2024-06-16,0,2,2024-06-30,0,2024-07-04
2841,87,5,13,3,1,312.76,312.76,2024-06-16,0,4,2024-06-23,0,2024-07-02
2842,87,10,13,3,2,312.76,625.52,2024-06-26,0,3,,0,2024-07-12
2843,87,10,13,3,1,312.76,312.76,2024-07-01,0,7,,0,2024-07-17
2844,87,6,13,3,2,312.76,625.52,2024-06-20,0,1,2024-07-01,0,2024-07-08
2845,87,6,13,3,2,312.76,625.52,2024-06-05,0,2,2024-06-12,0,2024-06-23
2846,87,5,13,3,1,312.76,312.76,2024-06-09,1,1,2024-06-21,0,2024-06-25
2847,87,10,13,3,1,312.76,312.76,2024-06-13,0,3,2024-06-24,0,2024-06-29
2848,87,5,13,3,1,312.76,312.76,2024-06-05,0,7,2024-06-11,0,2024-06-21
2849,87,6,13,3,1,312.76,312.76,2024-06-10,0,1,2024-06-17,0,2024-06-28
2850,87,5,13,3,2,312.76,625.52,2024-06-20,0,2,,0,2024-07-06
2851,87,6,13,3,2,312.76,625.52,2024-06-27,0,3,,0,2024-07-15
2852,87,6,13,3,1,312.76,312.76,2024-07-03,0,3,,0,2024-07-21
2853,87,10,13,3,1,312.76,312.76,2024-06-13,1,4,,1,2024-06-29
2854,87,5,13,3,1,312.76,312.76,2024-06-18,0,2,2024-06-27,0,2024-07-04
2855,87,6,13,3,1,312.76,312.76,2024-06-27,1,6,,0,2024-07-15
2856,87,6,13,3,1,312.76,312.76,2024-06-08,0,3,2024-06-19,0,2024-06-26
2857,87,10,13,3,1,312.76,312.76,2024-06-10,0,2,2024-06-26,0,2024-06-26
2858,87,10,13,3,1,312.76,312.76,2024-07-04,0,2,,0,2024-07-20
2859,87,5,13,3,4,312.76,1251.04,2024-06-13,0,2,,1,2024-06-29
2860,87,10,13,3,1,312.76,312.76,2024-06-10,0,2,2024-06-24,0,2024-06-26
2861,87,5,13,3,2,312.76,625.52,2024-06-09,1,2,,1,2024-06-25
2862,87,5,13,3,1,312.76,312.76,2024-06-28,0,4,,0,2024-07-14
2863,87,5,13,3,1,312.76,312.76,2024-06-16,0,2,2024-07-02,0,2024-07-02
2864,87,1,13,3,1,312.76,312.76,2024-06-21,0,3,,0,2024-07-10
2865,87,6,13,3,1,312.76,312.76,2024-07-03,0,7,,0,2024-07-21
2866,87,5,13,3,2,312.76,625.52,2024-07-04,0,2,,0,2024-07-20
2867,87,5,13,3,1,312.76,312.76,2024-06-11,0,2,2024-06-26,0,2024-06-27
2868,87,5,13,3,1,312.76,312.76,2024-06-24,0,3,,0,2024-07-10
2869,87,5,13,3,1,312.76,312.76,2024-07-04,0,4,,0,2024-07-20
2870,87,10,13,3,1,312.76,312.76,2024-06-16,0,2,2024-06-19,0,2024-07-02
2871,87,6,13,3,1,312.76,312.76,2024-06-07,0,1,2024-06-23,0,2024-06-25
2872,88,1,13,4,3,312.76,938.28,2024-06-11,0,1,,1,2024-06-19
2873,88,6,13,4,2,312.76,625.52,2024-06-26,0,2,,0,2024-07-16
2874,88,1,13,4,3,312.76,938.28,2024-07-02,0,7,,0,2024-07-10
2875,88,6,13,4,2,312.76,625.52,2024-06-15,1,2,,1,2024-07-05
2876,88,6,13,4,1,312.76,312.76,2024-06-23,0,7,2024-07-01,0,2024-07-13
2877,88,5,13,4,3,312.76,938.28,2024-06-05,0,3,2024-06-11,0,2024-06-22
2878,88,6,13,4,2,312.76,625.52,2024-06-16,0,2,2024-06-23,0,2024-07-06
2879,88,1,13,4,3,312.76,938.28,2024-06-22,0,5,,1,2024-06-30
2880,88,5,13,4,2,312.76,625.52,2024-06-15,0,3,2024-07-03,1,2024-07-02
2881,88,5,13,4,1,312.76,312.76,2024-06-07,0,7,2024-06-22,0,2024-06-24
2882,88,6,13,4,3,312.76,938.28,2024-06-25,0,7,,0,2024-07-15
2883,88,6,13,4,1,312.76,312.76,2024-06-26,0,1,,0,2024-07-16
2884,88,6,13,4,2,312.76,625.52,2024-06-18,0,7,2024-07-03,0,2024-07-08
2885,88,5,13,4,1,312.76,312.76,2024-06-18,0,2,2024-06-24,0,2024-07-05
2886,88,10,13,4,1,312.76,312.76,2024-07-01,0,7,,0,2024-07-15
2887,88,5,13,4,2,312.76,625.52,2024-07-04,0,3,,0,2024-07-21
2888,88,10,13,4,5,312.76,1563.8,2024-06-09,1,1,2024-06-21,0,2024-06-23
2889,88,10,13,4,5,312.76,1563.8,2024-06-12,0,2,2024-06-21,0,2024-06-26
2890,88,6,13,4,3,312.76,938.28,2024-06-05,0,7,2024-06-23,0,2024-06-25
2891,88,10,13,4,1,312.76,312.76,2024-06-13,0,3,2024-06-27,0,2024-06-27
2892,88,1,13,4,4,312.76,1251.04,2024-07-01,1,4,,0,2024-07-09
2893,88,5,13,4,1,312.76,312.76,2024-06-12,0,3,2024-06-21,0,2024-06-29
2894,88,1,13,4,2,312.76,625.52,2024-06-15,1,7,,1,2024-06-23
2895,88,6,13,4,1,312.76,312.76,2024-06-27,0,2,,0,2024-07-17
2896,88,5,13,4,2,312.76,625.52,2024-06-10,0,7,2024-06-22,0,2024-06-27
2897,88,6,13,4,3,312.76,938.28,2024-06-11,1,3,2024-07-02,1,2024-07-01
2898,88,1,13,4,2,312.76,625.52,2024-06-15,0,5,2024-06-23,0,2024-06-23
2899,88,6,13,4,2,312.76,625.52,2024-07-02,0,4,,0,2024-07-22
2900,88,1,13,4,2,312.76,625.52,2024-06-17,0,2,2024-06-25,0,2024-06-25
2901,88,6,13,4,4,312.76,1251.04,2024-06-21,0,2,,0,2024-07-11
2902,88,1,13,4,1,312.76,312.76,2024-06-13,0,8,2024-06-18,0,2024-06-21
2903,88,5,13,4,3,312.76,938.28,2024-06-16,0,1,2024-06-22,0,2024-07-03
2904,88,1,13,4,3,312.76,938.28,2024-06-28,1,2,,0,2024-07-06
2905,88,6,13,4,2,312.76,625.52,2024-06-06,1,2,2024-06-18,0,2024-06-26
2906,88,6,13,4,2,312.76,625.52,2024-06-12,1,6,2024-06-17,0,2024-07-02
2907,88,10,13,4,6,312.76,1876.56,2024-06-14,0,4,,1,2024-06-28
2908,89,1,13,5,1,312.76,312.76,2024-06-22,0,1,2024-07-04,0,2024-07-07
2909,89,1,13,5,1,312.76,312.76,2024-06-28,0,8,2024-07-04,0,2024-07-13
2910,89,1,13,5,4,312.76,1251.04,2024-06-14,0,3,2024-06-21,0,2024-06-29
2911,89,6,13,5,2,312.76,625.52,2024-06-09,0,7,2024-06-25,0,2024-06-25
2912,89,1,13,5,2,312.76,625.52,2024-06-25,0,8,,0,2024-07-10
2913,89,1,13,5,3,312.76,938.28,2024-07-01,0,8,,0,2024-07-16
2914,89,1,13,5,4,312.76,1251.04,2024-06-30,0,2,,0,2024-07-15
2915,89,6,13,5,1,312.76,312.76,2024-07-03,1,2,,0,2024-07-19
2916,89,1,13,5,1,312.76,312.76,2024-06-17,1,3,,1,2024-07-02
2917,89,10,13,5,1,312.76,312.76,2024-06-11,0,1,2024-06-26,0,2024-07-06
2918,89,5,13,5,1,312.76,312.76,2024-06-28,0,2,,0,2024-10-06
2919,89,1,13,5,5,312.76,1563.8,2024-06-11,0,2,2024-06-21,0,2024-06-26
2920,89,1,13,5,1,312.76,312.76,2024-06-30,0,6,,0,2024-07-15
2921,89,1,13,5,1,312.76,312.76,2024-06-23,0,1,,0,2024-07-08
2922,89,10,13,5,1,312.76,312.76,2024-06-08,1,1,2024-07-02,0,2024-07-03
2923,89,1,13,5,1,312.76,312.76,2024-06-20,1,2,,1,2024-07-05
2924,89,10,13,5,4,312.76,1251.04,2024-06-05,0,2,2024-06-30,0,2024-06-30
2925,89,1,13,5,1,312.76,312.76,2024-06-10,0,3,,1,2024-06-25
2926,89,1,13,5,1,312.76,312.76,2024-06-27,0,6,,0,2024-07-12
2927,89,10,13,5,1,312.76,312.76,2024-06-29,0,1,,0,2024-07-24
2928,89,10,13,5,4,312.76,1251.04,2024-06-19,0,6,,0,2024-07-14
2929,89,1,13,5,1,312.76,312.76,2024-06-26,0,2,,0,2024-07-11
2930,89,6,13,5,3,312.76,938.28,2024-06-07,1,7,2024-06-18,0,2024-06-23
2931,89,6,13,5,1,312.76,312.76,2024-06-18,1,2,2024-07-03,0,2024-07-04
2932,89,6,13,5,3,312.76,938.28,2024-07-03,0,1,,0,2024-07-19
2933,89,1,13,5,1,312.76,312.76,2024-06-18,0,2,,1,2024-07-03
2934,89,10,13,5,1,312.76,312.76,2024-06-27,0,1,,0,2024-07-22
2935,89,1,13,5,6,312.76,1876.56,2024-06-26,0,2,,0,2024-07-11
2936,89,1,13,5,2,312.76,625.52,2024-06-12,0,2,2024-06-29,1,2024-06-27
2937,90,10,13,6,1,312.76,312.76,2024-06-30,1,3,,0,2024-07-18
2938,90,5,13,6,1,312.76,312.76,2024-06-12,0,2,,1,2024-07-01
2939,90,10,13,6,2,312.76,625.52,2024-06-12,1,8,2024-06-30,0,2024-06-30
2940,90,10,13,6,1,312.76,312.76,2024-06-20,0,1,,0,2024-07-08
2941,90,5,13,6,1,312.76,312.76,2024-07-02,0,3,,0,2024-07-21
2942,90,5,13,6,1,312.76,312.76,2024-06-05,0,8,2024-06-24,0,2024-06-24
2943,90,6,13,6,1,312.76,312.76,2024-06-07,0,2,2024-06-24,0,2024-06-24
2944,90,1,13,6,5,312.76,1563.8,2024-06-11,1,2,,1,2024-06-22
2945,90,1,13,6,2,312.76,625.52,2024-06-21,0,7,2024-07-02,0,2024-07-02
2946,90,5,13,6,1,312.76,312.76,2024-07-04,0,7,,0,2024-07-23
2947,90,5,13,6,1,312.76,312.76,2024-07-01,0,7,,0,2024-07-20
2948,90,6,13,6,2,312.76,625.52,2024-06-25,0,2,,0,2024-07-12
2949,91,6,13,7,6,312.76,1876.56,2024-06-25,0,1,,0,2024-07-11
2950,91,1,13,7,6,312.76,1876.56,2024-06-29,0,1,,0,2024-07-15
2951,91,1,13,7,3,312.76,938.28,2024-06-22,0,1,2024-07-05,0,2024-07-08
2952,91,6,13,7,3,312.76,938.28,2024-07-02,0,6,,0,2024-07-18
2953,91,6,13,7,1,312.76,312.76,2024-06-10,0,2,2024-06-26,0,2024-06-26
2954,91,10,13,7,1,312.76,312.76,2024-06-23,1,1,,0,2024-07-09
2955,91,6,13,7,4,312.76,1251.04,2024-06-05,1,6,2024-06-20,0,2024-06-21
2956,91,6,13,7,3,312.76,938.28,2024-06-08,0,2,2024-06-17,0,2024-06-24
2957,91,5,13,7,10,312.76,3127.6,2024-06-10,0,1,2024-06-24,0,2024-06-26
2958,91,5,13,7,2,312.76,625.52,2024-07-03,1,1,,0,2024-07-19
2959,91,10,13,7,1,312.76,312.76,2024-06-13,0,2,2024-06-29,0,2024-06-29
2960,91,6,13,7,5,312.76,1563.8,2024-06-08,0,1,2024-06-24,0,2024-06-24
2961,91,1,13,7,7,312.76,2189.32,2024-06-10,0,3,2024-06-17,0,2024-06-26
2962,91,1,13,7,1,312.76,312.76,2024-07-04,0,2,,0,2024-07-20
2963,91,5,13,7,2,312.76,625.52,2024-06-15,0,2,,1,2024-07-01
2964,91,6,13,7,4,312.76,1251.04,2024-06-23,0,2,,0,2024-07-09
2965,91,1,13,7,3,312.76,938.28,2024-06-18,0,4,2024-06-25,0,2024-07-04
2966,91,1,13,7,2,312.76,625.52,2024-06-06,1,2,2024-06-24,1,2024-06-22
2967,91,1,13,7,4,312.76,1251.04,2024-06-15,1,7,2024-06-23,0,2024-07-01
2968,91,6,13,7,3,312.76,938.28,2024-06-08,0,2,,1,2024-06-24
2969,91,1,13,7,2,312.76,625.52,2024-06-17,0,6,2024-07-01,0,2024-07-03
2970,91,1,13,7,2,312.76,625.52,2024-06-22,0,4,2024-07-02,0,2024-07-08
2971,91,6,13,7,1,312.76,312.76,2024-06-11,0,7,,1,2024-06-27
2972,91,6,13,7,1,312.76,312.76,2024-06-18,1,1,,1,2024-07-04
2973,91,1,13,7,1,312.76,312.76,2024-06-27,0,1,2024-07-03,0,2024-07-13
2974,91,10,13,7,11,312.76,3440.36,2024-06-16,1,7,,1,2024-07-02
2975,91,6,13,7,1,312.76,312.76,2024-06-24,1,3,,0,2024-07-10
2976,91,5,13,7,1,312.76,312.76,2024-06-13,0,2,2024-06-29,0,2024-06-29
2977,92,9,14,1,1,85.94,85.94,2024-07-04,1,1,,0,2024-07-17
2978,92,9,14,1,2,85.94,171.88,2024-07-01,0,2,,0,2024-07-14
2979,92,5,14,1,3,85.94,257.82,2024-06-13,0,2,2024-07-03,1,2024-07-02
2980,92,9,14,1,1,85.94,85.94,2024-07-01,0,2,,0,2024-07-14
2981,92,9,14,1,1,85.94,85.94,2024-06-24,0,6,2024-07-01,0,2024-07-07
2982,92,5,14,1,2,85.94,171.88,2024-06-17,0,1,2024-07-04,0,2024-07-06
2983,92,9,14,1,2,85.94,171.88,2024-06-08,0,7,2024-06-19,0,2024-06-21
2984,92,9,14,1,2,85.94,171.88,2024-06-15,1,8,,1,2024-06-28
2985,92,9,14,1,3,85.94,257.82,2024-06-20,0,2,2024-06-30,0,2024-07-03
2986,92,5,14,1,1,85.94,85.94,2024-07-02,0,8,,0,2024-07-21
2987,92,5,14,1,1,85.94,85.94,2024-06-16,0,2,2024-07-04,0,2024-07-05
2988,92,5,14,1,1,85.94,85.94,2024-07-02,0,1,,0,2024-07-21
2989,92,9,14,1,1,85.94,85.94,2024-06-21,0,2,,1,2024-07-04
2990,92,9,14,1,2,85.94,171.88,2024-06-14,0,2,2024-06-20,0,2024-06-27
2991,92,9,14,1,3,85.94,257.82,2024-06-08,0,2,2024-06-23,1,2024-06-21
2992,92,5,14,1,2,85.94,171.88,2024-07-03,0,1,,0,2024-07-22
2993,92,5,14,1,1,85.94,85.94,2024-06-08,0,6,2024-06-16,0,2024-06-27
2994,92,5,14,1,2,85.94,171.88,2024-06-06,1,7,,1,2024-06-25
2995,92,5,14,1,1,85.94,85.94,2024-06-26,0,2,,0,2024-07-15
2996,92,5,14,1,1,85.94,85.94,2024-07-02,0,2,,0,2024-07-21
2997,92,9,14,1,1,85.94,85.94,2024-06-23,0,2,2024-07-04,0,2024-07-06
2998,92,5,14,1,1,85.94,85.94,2024-07-01,0,8,,0,2024-07-20
2999,92,9,14,1,1,85.94,85.94,2024-06-24,0,6,,0,2024-07-07
3000,92,5,14,1,2,85.94,171.88,2024-06-07,0,3,2024-06-17,0,2024-06-26
3001,92,9,14,1,2,85.94,171.88,2024-07-03,0,8,,0,2024-07-16
3002,92,5,14,1,2,85.94,171.88,2024-06-10,0,4,,1,2024-06-29
3003,92,9,14,1,2,85.94,171.88,2024-06-23,1,1,,0,2024-07-06
3004,92,5,14,1,1,85.94,85.94,2024-06-10,1,2,2024-06-18,0,2024-06-29
3005,92,5,14,1,1,85.94,85.94,2024-06-09,0,1,2024-06-22,0,2024-06-28
3006,92,5,14,1,2,85.94,171.88,2024-06-11,0,6,2024-06-23,0,2024-06-30
3007,92,9,14,1,3,85.94,257.82,2024-06-19,0,7,,1,2024-07-02
3008,92,9,14,1,1,85.94,85.94,2024-06-24,0,3,2024-07-05,0,2024-07-07
3009,92,5,14,1,1,85.94,85.94,2024-06-08,0,8,2024-06-22,0,2024-06-27
3010,92,5,14,1,3,85.94,257.82,2024-07-04,0,7,,0,2024-07-23
3011,92,5,14,1,1,85.94,85.94,2024-06-19,0,2,,0,2024-07-08
3012,92,9,14,1,1,85.94,85.94,2024-06-24,1,2,,0,2024-07-07
3013,92,5,14,1,1,85.94,85.94,2024-06-14,1,1,,1,2024-07-03
3014,92,9,14,1,1,85.94,85.94,2024-06-09,0,2,2024-06-19,0,2024-06-22
3015,92,5,14,1,2,85.94,171.88,2024-06-23,0,1,,0,2024-07-12
3016,93,5,14,2,2,85.94,171.88,2024-06-12,0,7,2024-06-18,0,2024-06-26
3017,93,5,14,2,1,85.94,85.94,2024-06-30,0,5,,0,2024-07-14
3018,93,9,14,2,2,85.94,171.88,2024-06-20,0,7,,1,2024-07-05
3019,93,5,14,2,1,85.94,85.94,2024-06-15,0,7,2024-06-30,1,2024-06-29
3020,93,9,14,2,1,85.94,85.94,2024-06-25,1,7,,0,2024-07-10
3021,93,5,14,2,1,85.94,85.94,2024-06-16,1,8,2024-06-22,0,2024-06-30
3022,93,5,14,2,1,85.94,85.94,2024-06-05,0,2,2024-06-17,0,2024-06-19
3023,93,5,14,2,1,85.94,85.94,2024-07-04,0,8,,0,2024-07-18
3024,93,5,14,2,1,85.94,85.94,2024-06-30,0,8,,0,2024-07-14
3025,93,9,14,2,1,85.94,85.94,2024-06-19,0,8,2024-06-29,0,2024-07-04
3026,93,5,14,2,1,85.94,85.94,2024-06-22,0,8,2024-07-05,0,2024-07-06
3027,93,9,14,2,2,85.94,171.88,2024-06-27,0,2,,0,2024-07-12
3028,93,5,14,2,1,85.94,85.94,2024-06-09,0,4,2024-06-19,0,2024-06-23
3029,93,5,14,2,1,85.94,85.94,2024-06-10,0,5,2024-06-16,0,2024-06-24
3030,93,9,14,2,1,85.94,85.94,2024-06-15,0,5,,1,2024-06-30
3031,93,5,14,2,1,85.94,85.94,2024-06-06,0,2,2024-06-16,0,2024-06-20
3032,93,9,14,2,1,85.94,85.94,2024-06-23,0,8,2024-06-30,0,2024-07-08
3033,93,9,14,2,2,85.94,171.88,2024-07-01,0,8,,0,2024-07-16
3034,93,9,14,2,2,85.94,171.88,2024-06-20,1,2,,1,2024-07-05
3035,93,5,14,2,2,85.94,171.88,2024-06-17,0,8,2024-07-01,0,2024-07-01
3036,93,9,14,2,1,85.94,85.94,2024-06-15,0,2,2024-06-28,0,2024-06-30
3037,93,5,14,2,1,85.94,85.94,2024-06-26,0,8,,0,2024-07-10
3038,93,9,14,2,1,85.94,85.94,2024-06-19,1,6,2024-06-24,0,2024-07-04
3039,93,9,14,2,1,85.94,85.94,2024-06-26,1,2,,0,2024-07-11
3040,93,5,14,2,1,85.94,85.94,2024-06-07,0,8,2024-06-20,0,2024-06-21
3041,93,9,14,2,1,85.94,85.94,2024-06-15,0,8,2024-06-29,0,2024-06-30
3042,93,9,14,2,1,85.94,85.94,2024-06-05,0,1,2024-06-14,0,2024-06-20
3043,93,5,14,2,1,85.94,85.94,2024-06-20,1,8,,1,2024-07-04
3044,93,5,14,2,1,85.94,85.94,2024-06-22,1,7,2024-07-04,0,2024-07-06
3045,93,5,14,2,2,85.94,171.88,2024-07-03,0,7,,0,2024-07-17
3046,93,5,14,2,1,85.94,85.94,2024-06-17,0,7,,1,2024-07-01
3047,93,9,14,2,1,85.94,85.94,2024-06-14,0,7,2024-06-26,0,2024-06-29
3048,93,9,14,2,1,85.94,85.94,2024-07-02,0,8,,0,2024-07-17
3049,93,9,14,2,1,85.94,85.94,2024-06-25,0,1,,0,2024-07-10
3050,93,5,14,2,2,85.94,171.88,2024-07-01,0,8,,0,2024-07-15
3051,93,5,14,2,1,85.94,85.94,2024-07-04,1,6,,0,2024-07-18
3052,93,9,14,2,1,85.94,85.94,2024-06-27,1,1,,0,2024-07-12
3053,93,5,14,2,2,85.94,171.88,2024-07-03,1,2,,0,2024-07-17
3054,93,9,14,2,1,85.94,85.94,2024-06-23,1,3,,0,2024-07-08
3055,93,9,14,2,1,85.94,85.94,2024-06-15,0,2,2024-06-21,0,2024-06-30
3056,93,5,14,2,2,85.94,171.88,2024-06-30,0,7,,0,2024-07-14
3057,93,9,14,2,1,85.94,85.94,2024-07-02,0,2,,0,2024-07-17
3058,93,5,14,2,1,85.94,85.94,2024-06-20,0,8,2024-07-03,0,2024-07-04
3059,93,5,14,2,1,85.94,85.94,2024-06-07,0,3,,1,2024-06-21
3060,93,9,14,2,2,85.94,171.88,2024-07-02,0,8,,0,2024-07-17
3061,93,9,14,2,1,85.94,85.94,2024-07-02,0,6,,0,2024-07-17
3062,93,5,14,2,3,85.94,257.82,2024-06-18,1,7,2024-06-24,0,2024-07-02
3063,93,9,14,2,1,85.94,85.94,2024-07-04,0,8,,0,2024-07-19
3064,93,5,14,2,1,85.94,85.94,2024-07-04,1,2,,0,2024-07-18
3065,93,5,14,2,1,85.94,85.94,2024-06-05,0,6,2024-06-17,0,2024-06-19
3066,93,5,14,2,1,85.94,85.94,2024-06-20,1,7,,1,2024-07-04
3067,93,9,14,2,1,85.94,85.94,2024-06-15,0,6,2024-06-30,0,2024-06-30
3068,94,5,14,3,24,85.94,2062.56,2024-06-20,0,8,,0,2024-07-06
3069,94,5,14,3,2,85.94,171.88,2024-06-22,0,2,,0,2024-07-08
3070,94,5,14,3,3,85.94,257.82,2024-06-13,0,2,2024-06-27,0,2024-06-29
3071,94,5,14,3,7,85.94,601.58,2024-06-17,0,4,2024-06-30,0,2024-07-03
3072,94,5,14,3,13,85.94,1117.22,2024-06-14,0,4,2024-06-30,0,2024-06-30
3073,94,5,14,3,10,85.94,859.4,2024-07-02,0,1,,0,2024-07-18
3074,94,9,14,3,2,85.94,171.88,2024-06-29,0,2,,0,2024-10-07
3075,94,5,14,3,5,85.94,429.7,2024-06-29,1,1,,0,2024-07-15
3076,94,5,14,3,5,85.94,429.7,2024-06-06,0,2,2024-06-20,0,2024-06-22
3077,94,5,14,3,4,85.94,343.76,2024-06-28,0,1,,0,2024-07-14
3078,95,9,14,4,1,85.94,85.94,2024-06-25,0,4,,0,2024-07-06
3079,95,5,14,4,9,85.94,773.46,2024-07-04,0,1,,0,2024-07-19
3080,95,9,14,4,6,85.94,515.64,2024-06-12,1,6,2024-06-21,0,2024-06-23
3081,95,9,14,4,6,85.94,515.64,2024-06-23,0,6,2024-07-01,0,2024-07-04
3082,95,9,14,4,6,85.94,515.64,2024-07-03,1,3,,0,2024-07-14
3083,95,9,14,4,1,85.94,85.94,2024-06-11,0,4,,1,2024-06-22
3084,95,9,14,4,3,85.94,257.82,2024-06-10,0,3,2024-06-21,0,2024-06-21
3085,95,9,14,4,12,85.94,1031.28,2024-06-27,0,3,,0,2024-07-08
3086,95,9,14,4,4,85.94,343.76,2024-07-03,0,6,,0,2024-07-14
3087,95,5,14,4,2,85.94,171.88,2024-07-04,0,2,,0,2024-07-19
3088,95,5,14,4,2,85.94,171.88,2024-06-25,1,3,2024-07-01,0,2024-07-10
3089,95,5,14,4,3,85.94,257.82,2024-06-10,0,2,2024-06-25,0,2024-06-25
3090,96,9,14,5,2,85.94,171.88,2024-06-09,0,1,2024-06-15,0,2024-06-24
3091,96,9,14,5,4,85.94,343.76,2024-06-15,1,2,,1,2024-06-30
3092,96,5,14,5,3,85.94,257.82,2024-06-18,0,2,2024-07-04,0,2024-07-04
3093,96,5,14,5,4,85.94,343.76,2024-06-08,0,2,2024-06-24,0,2024-06-24
3094,96,9,14,5,5,85.94,429.7,2024-06-07,0,2,2024-06-22,0,2024-06-22
3095,96,5,14,5,1,85.94,85.94,2024-06-09,0,3,2024-06-22,0,2024-06-25
3096,96,9,14,5,7,85.94,601.58,2024-06-27,1,2,,0,2024-07-12
3097,96,9,14,5,1,85.94,85.94,2024-06-06,0,1,2024-06-21,0,2024-06-21
3098,96,5,14,5,1,85.94,85.94,2024-07-04,0,7,,0,2024-07-20
3099,96,9,14,5,4,85.94,343.76,2024-06-19,0,7,2024-07-02,0,2024-07-04
3100,96,5,14,5,3,85.94,257.82,2024-06-25,0,6,,0,2024-07-11
3101,96,9,14,5,10,85.94,859.4,2024-06-11,0,8,2024-06-22,0,2024-06-26
3102,96,9,14,5,10,85.94,859.4,2024-06-25,1,2,,0,2024-07-10
3103,96,5,14,5,3,85.94,257.82,2024-06-06,0,1,2024-06-17,0,2024-06-22
3104,96,9,14,5,1,85.94,85.94,2024-06-12,0,6,2024-06-29,1,2024-06-27
3105,96,9,14,5,2,85.94,171.88,2024-06-09,0,1,2024-06-18,0,2024-06-24
3106,96,9,14,5,1,85.94,85.94,2024-06-26,0,2,,0,2024-07-11
3107,96,9,14,5,1,85.94,85.94,2024-06-26,1,2,2024-07-02,0,2024-07-11
3108,96,5,14,5,1,85.94,85.94,2024-06-26,0,3,,0,2024-07-12
3109,96,9,14,5,2,85.94,171.88,2024-06-12,0,6,2024-06-22,0,2024-06-27
3110,96,5,14,5,3,85.94,257.82,2024-06-10,1,1,,1,2024-06-26
3111,96,5,14,5,10,85.94,859.4,2024-06-06,1,8,,1,2024-06-22
3112,96,5,14,5,2,85.94,171.88,2024-06-10,0,1,2024-06-21,0,2024-06-26
3113,96,9,14,5,4,85.94,343.76,2024-06-25,0,7,2024-07-03,0,2024-07-10
3114,96,5,14,5,1,85.94,85.94,2024-06-15,0,2,2024-06-24,0,2024-07-01
3115,96,9,14,5,7,85.94,601.58,2024-06-05,0,5,2024-06-17,0,2024-06-20
3116,97,5,14,6,1,85.94,85.94,2024-06-21,0,8,2024-07-03,0,2024-07-08
3117,97,5,14,6,1,85.94,85.94,2024-07-02,1,8,,0,2024-07-19
3118,97,9,14,6,8,85.94,687.52,2024-06-17,1,1,,1,2024-07-03
3119,97,5,14,6,6,85.94,515.64,2024-06-18,0,2,2024-07-02,0,2024-07-05
3120,97,9,14,6,1,85.94,85.94,2024-06-25,0,1,,0,2024-07-11
3121,97,9,14,6,1,85.94,85.94,2024-06-22,1,6,,0,2024-07-08
3122,97,5,14,6,1,85.94,85.94,2024-06-09,0,3,2024-06-19,0,2024-06-26
3123,97,5,14,6,1,85.94,85.94,2024-06-13,0,2,2024-07-03,1,2024-06-30
3124,97,5,14,6,2,85.94,171.88,2024-06-13,0,1,2024-06-29,0,2024-06-30
3125,97,9,14,6,1,85.94,85.94,2024-06-05,0,2,2024-06-20,0,2024-06-21
3126,97,5,14,6,1,85.94,85.94,2024-07-04,1,1,,0,2024-07-21
3127,97,9,14,6,1,85.94,85.94,2024-06-26,1,2,,0,2024-07-12
3128,97,9,14,6,2,85.94,171.88,2024-07-03,0,8,,0,2024-07-19
3129,97,9,14,6,3,85.94,257.82,2024-06-07,0,2,2024-06-17,0,2024-06-23
3130,97,5,14,6,1,85.94,85.94,2024-06-09,0,2,2024-06-22,0,2024-06-26
3131,97,5,14,6,1,85.94,85.94,2024-06-08,0,4,2024-06-23,0,2024-06-25
3132,97,9,14,6,2,85.94,171.88,2024-06-24,0,2,2024-07-04,0,2024-07-10
3133,97,5,14,6,1,85.94,85.94,2024-06-24,0,2,,0,2024-07-11
3134,97,5,14,6,2,85.94,171.88,2024-06-19,0,2,2024-07-04,0,2024-07-06
3135,97,5,14,6,2,85.94,171.88,2024-06-05,1,2,,1,2024-06-22
3136,97,5,14,6,2,85.94,171.88,2024-06-26,1,2,,0,2024-07-13
3137,97,9,14,6,1,85.94,85.94,2024-06-24,1,2,,0,2024-07-10
3138,97,5,14,6,1,85.94,85.94,2024-07-03,1,1,,0,2024-07-20
3139,97,9,14,6,3,85.94,257.82,2024-06-08,0,6,2024-06-19,0,2024-06-24
3140,97,5,14,6,6,85.94,515.64,2024-06-23,0,2,,0,2024-07-10
3141,97,9,14,6,5,85.94,429.7,2024-06-09,0,8,2024-06-23,0,2024-06-25
3142,97,9,14,6,1,85.94,85.94,2024-06-20,0,2,2024-06-30,0,2024-07-06
3143,97,5,14,6,1,85.94,85.94,2024-06-11,0,1,2024-06-18,0,2024-06-28
3144,97,9,14,6,1,85.94,85.94,2024-06-25,1,8,,0,2024-07-11
3145,97,9,14,6,1,85.94,85.94,2024-06-30,0,2,,0,2024-07-16
3146,97,9,14,6,2,85.94,171.88,2024-06-07,0,2,,1,2024-06-23
3147,97,9,14,6,3,85.94,257.82,2024-06-24,1,2,,0,2024-07-10
3148,97,9,14,6,1,85.94,85.94,2024-06-26,0,1,,0,2024-07-12
3149,97,9,14,6,2,85.94,171.88,2024-06-26,0,1,2024-07-04,0,2024-07-12
3150,97,5,14,6,2,85.94,171.88,2024-07-04,1,7,,0,2024-07-21
3151,97,5,14,6,3,85.94,257.82,2024-07-04,0,2,,0,2024-07-21
3152,97,5,14,6,4,85.94,343.76,2024-06-09,0,1,2024-06-17,0,2024-06-26
3153,97,9,14,6,4,85.94,343.76,2024-06-19,0,3,,1,2024-07-05
3154,97,5,14,6,1,85.94,85.94,2024-06-12,0,1,2024-06-24,0,2024-06-29
3155,97,5,14,6,2,85.94,171.88,2024-06-07,0,3,2024-06-23,0,2024-06-24
3156,97,9,14,6,2,85.94,171.88,2024-06-09,0,4,2024-06-27,1,2024-06-25
3157,97,5,14,6,1,85.94,85.94,2024-06-28,0,1,2024-07-05,0,2024-07-15
3158,97,9,14,6,1,85.94,85.94,2024-06-11,0,2,2024-06-14,0,2024-06-27
3159,97,5,14,6,6,85.94,515.64,2024-06-06,1,3,2024-06-24,1,2024-06-23
3160,97,5,14,6,1,85.94,85.94,2024-06-13,0,8,2024-06-27,0,2024-06-30
3161,97,5,14,6,1,85.94,85.94,2024-06-17,0,2,2024-07-01,0,2024-07-04
3162,97,5,14,6,1,85.94,85.94,2024-06-18,0,2,2024-06-24,0,2024-07-05
3163,97,9,14,6,1,85.94,85.94,2024-06-07,0,7,,1,2024-06-23
3164,97,9,14,6,2,85.94,171.88,2024-06-30,1,8,,0,2024-07-16
3165,97,9,14,6,2,85.94,171.88,2024-06-22,0,8,,0,2024-07-08
3166,97,9,14,6,2,85.94,171.88,2024-06-11,0,2,2024-06-22,0,2024-06-27
3167,98,9,14,7,1,85.94,85.94,2024-06-26,1,6,,0,2024-07-12
3168,98,5,14,7,1,85.94,85.94,2024-06-13,0,2,2024-07-01,1,2024-06-30
3169,98,5,14,7,2,85.94,171.88,2024-07-04,0,3,,0,2024-07-21
3170,98,5,14,7,1,85.94,85.94,2024-06-14,1,7,,1,2024-07-01
3171,98,5,14,7,4,85.94,343.76,2024-06-26,0,1,,0,2024-07-13
3172,98,9,14,7,2,85.94,171.88,2024-06-22,1,4,2024-07-01,0,2024-07-08
3173,98,9,14,7,1,85.94,85.94,2024-06-29,0,2,,0,2024-07-15
3174,98,5,14,7,2,85.94,171.88,2024-06-06,0,1,2024-06-20,0,2024-06-23
3175,98,9,14,7,1,85.94,85.94,2024-06-18,1,8,,1,2024-07-04
3176,98,9,14,7,3,85.94,257.82,2024-06-17,0,2,2024-07-05,1,2024-07-03
3177,98,5,14,7,1,85.94,85.94,2024-06-18,0,3,2024-07-01,0,2024-07-05
3178,98,5,14,7,1,85.94,85.94,2024-06-20,0,2,,0,2024-07-07
3179,98,9,14,7,1,85.94,85.94,2024-06-27,0,2,,0,2024-07-13
3180,98,9,14,7,1,85.94,85.94,2024-06-06,0,7,2024-06-13,0,2024-06-22
3181,98,9,14,7,1,85.94,85.94,2024-06-11,0,8,,1,2024-06-27
3182,98,5,14,7,1,85.94,85.94,2024-06-27,1,2,,0,2024-07-14
3183,98,9,14,7,3,85.94,257.82,2024-06-27,0,7,,0,2024-07-13
3184,98,5,14,7,1,85.94,85.94,2024-06-29,0,3,2024-07-02,0,2024-07-16
3185,98,5,14,7,2,85.94,171.88,2024-06-13,0,6,2024-06-29,0,2024-06-30
3186,98,5,14,7,1,85.94,85.94,2024-06-21,0,1,,0,2024-07-08
3187,98,9,14,7,2,85.94,171.88,2024-06-26,0,3,,0,2024-07-12
3188,98,9,14,7,1,85.94,85.94,2024-06-09,0,2,2024-06-16,0,2024-06-25
3189,98,9,14,7,1,85.94,85.94,2024-06-16,0,3,2024-06-28,0,2024-07-02
3190,98,5,14,7,1,85.94,85.94,2024-06-30,0,5,,0,2024-07-17
3191,98,9,14,7,2,85.94,171.88,2024-06-27,0,2,,0,2024-07-13
3192,98,9,14,7,2,85.94,171.88,2024-06-25,0,6,2024-07-05,0,2024-07-11
3193,98,5,14,7,3,85.94,257.82,2024-06-05,0,2,2024-06-21,0,2024-06-22
3194,98,5,14,7,1,85.94,85.94,2024-06-11,0,2,,1,2024-06-28
3195,98,9,14,7,1,85.94,85.94,2024-06-16,1,8,,1,2024-07-02
3196,98,5,14,7,1,85.94,85.94,2024-07-04,0,1,,0,2024-07-21
3197,98,5,14,7,3,85.94,257.82,2024-06-26,0,4,2024-07-01,0,2024-07-13
3198,98,9,14,7,1,85.94,85.94,2024-06-11,0,1,,1,2024-06-27
3199,98,9,14,7,1,85.94,85.94,2024-06-06,0,2,2024-06-20,0,2024-06-22
3200,98,9,14,7,1,85.94,85.94,2024-07-03,0,1,,0,2024-07-19
3201,98,5,14,7,1,85.94,85.94,2024-06-16,0,2,2024-06-26,0,2024-07-03
3202,98,5,14,7,1,85.94,85.94,2024-06-29,0,2,,0,2024-07-16
3203,98,5,14,7,1,85.94,85.94,2024-06-09,0,2,2024-06-18,0,2024-06-26
3204,99,4,15,1,2,282.67,565.34,2024-07-02,0,2,,0,2024-10-10
3205,99,3,15,1,3,282.67,848.01,2024-06-21,0,8,2024-07-04,0,2024-07-06
3206,99,3,15,1,3,282.67,848.01,2024-06-06,0,2,2024-06-18,0,2024-06-21
3207,99,8,15,1,7,282.67,1978.69,2024-06-20,0,2,2024-07-03,0,2024-07-03
3208,99,8,15,1,7,282.67,1978.69,2024-06-08,0,2,2024-06-19,0,2024-06-21
3209,99,3,15,1,1,282.67,282.67,2024-06-28,0,2,,0,2024-07-13
3210,99,3,15,1,8,282.67,2261.36,2024-06-27,1,2,,0,2024-07-12
3211,99,4,15,1,1,282.67,282.67,2024-06-23,0,7,,0,2024-10-01
3212,99,3,15,1,4,282.67,1130.68,2024-06-08,0,8,2024-06-23,0,2024-06-23
3213,99,8,15,1,1,282.67,282.67,2024-06-29,0,2,,0,2024-07-12
3214,99,3,15,1,2,282.67,565.34,2024-06-09,0,3,2024-06-22,0,2024-06-24
3215,99,8,15,1,6,282.67,1696.02,2024-06-20,0,1,2024-06-25,0,2024-07-03
3216,99,8,15,1,3,282.67,848.01,2024-06-09,0,1,2024-06-19,0,2024-06-22
3217,100,3,15,2,1,282.67,282.67,2024-06-23,0,8,,0,2024-07-10
3218,100,3,15,2,1,282.67,282.67,2024-06-05,0,1,2024-06-16,0,2024-06-22
3219,100,3,15,2,1,282.67,282.67,2024-06-27,0,7,,0,2024-07-14
3220,100,8,15,2,1,282.67,282.67,2024-06-14,0,7,2024-06-21,0,2024-06-30
3221,100,4,15,2,1,282.67,282.67,2024-06-26,1,1,,0,2024-07-14
3222,100,4,15,2,1,282.67,282.67,2024-06-20,0,8,2024-07-04,0,2024-07-08
3223,100,3,15,2,1,282.67,282.67,2024-07-01,0,8,,0,2024-07-18
3224,100,8,15,2,1,282.67,282.67,2024-06-16,0,7,,1,2024-07-02
3225,100,3,15,2,1,282.67,282.67,2024-06-15,0,4,,1,2024-07-02
3226,100,3,15,2,2,282.67,565.34,2024-07-02,0,3,,0,2024-07-19
3227,100,8,15,2,1,282.67,282.67,2024-06-08,0,7,2024-06-24,0,2024-06-24
3228,100,8,15,2,1,282.67,282.67,2024-07-03,1,8,,0,2024-07-19
3229,100,3,15,2,1,282.67,282.67,2024-06-22,0,8,,0,2024-07-09
3230,100,8,15,2,1,282.67,282.67,2024-06-25,1,6,,0,2024-07-11
3231,100,8,15,2,1,282.67,282.67,2024-06-16,0,8,2024-07-02,0,2024-07-02
3232,100,3,15,2,1,282.67,282.67,2024-06-14,0,5,2024-06-23,0,2024-07-01
3233,100,8,15,2,1,282.67,282.67,2024-06-13,0,1,2024-06-29,0,2024-06-29
3234,100,8,15,2,1,282.67,282.67,2024-06-10,0,8,2024-06-20,0,2024-06-26
3235,100,4,15,2,1,282.67,282.67,2024-06-09,0,8,2024-06-24,0,2024-06-27
3236,100,4,15,2,1,282.67,282.67,2024-06-29,0,7,,0,2024-07-17
3237,100,8,15,2,1,282.67,282.67,2024-06-18,0,8,,1,2024-07-04
3238,100,3,15,2,1,282.67,282.67,2024-06-27,0,5,2024-07-03,0,2024-07-14
3239,100,3,15,2,1,282.67,282.67,2024-06-20,0,6,2024-07-04,0,2024-07-07
3240,100,3,15,2,1,282.67,282.67,2024-06-16,0,1,2024-07-04,1,2024-07-03
3241,100,4,15,2,1,282.67,282.67,2024-06-10,0,1,2024-06-28,0,2024-06-28
3242,100,3,15,2,1,282.67,282.67,2024-06-05,0,4,2024-06-19,0,2024-06-22
3243,100,3,15,2,2,282.67,565.34,2024-06-10,0,8,2024-06-25,0,2024-06-27
3244,100,3,15,2,1,282.67,282.67,2024-06-05,0,8,2024-06-15,0,2024-06-22
3245,100,8,15,2,1,282.67,282.67,2024-06-06,0,8,2024-06-16,0,2024-06-22
3246,100,8,15,2,1,282.67,282.67,2024-06-14,0,6,2024-06-29,0,2024-06-30
3247,100,8,15,2,1,282.67,282.67,2024-06-30,0,2,,0,2024-07-16
3248,100,8,15,2,1,282.67,282.67,2024-06-24,1,8,2024-07-02,0,2024-07-10
3249,100,8,15,2,1,282.67,282.67,2024-06-08,1,1,,1,2024-06-24
3250,100,4,15,2,1,282.67,282.67,2024-06-26,0,8,,0,2024-07-14
3251,100,4,15,2,1,282.67,282.67,2024-06-23,0,8,2024-07-02,0,2024-07-11
3252,100,8,15,2,1,282.67,282.67,2024-07-02,0,8,,0,2024-07-18
3253,100,8,15,2,2,282.67,565.34,2024-06-19,0,2,2024-07-03,0,2024-07-05
3254,100,8,15,2,2,282.67,565.34,2024-06-25,0,1,,0,2024-07-11
3255,100,8,15,2,1,282.67,282.67,2024-06-29,0,8,,0,2024-07-15
3256,100,8,15,2,1,282.67,282.67,2024-06-05,0,7,2024-06-20,0,2024-06-21
3257,100,8,15,2,1,282.67,282.67,2024-06-30,1,7,,0,2024-07-16
3258,100,3,15,2,1,282.67,282.67,2024-06-05,0,2,2024-06-15,0,2024-06-22
3259,100,3,15,2,1,282.67,282.67,2024-07-03,0,8,,0,2024-07-20
3260,100,4,15,2,1,282.67,282.67,2024-06-13,0,8,2024-06-29,0,2024-07-01
3261,100,8,15,2,1,282.67,282.67,2024-06-05,0,8,2024-06-14,0,2024-06-21
3262,100,4,15,2,1,282.67,282.67,2024-06-28,0,7,,0,2024-07-16
3263,100,8,15,2,1,282.67,282.67,2024-06-10,0,1,,1,2024-06-26
3264,100,3,15,2,1,282.67,282.67,2024-06-26,1,7,,0,2024-07-13
3265,100,8,15,2,2,282.67,565.34,2024-06-19,1,8,2024-06-28,0,2024-07-05
3266,100,8,15,2,1,282.67,282.67,2024-06-26,0,8,,0,2024-07-12
3267,100,3,15,2,1,282.67,282.67,2024-07-02,0,2,,0,2024-07-19
3268,100,4,15,2,1,282.67,282.67,2024-06-09,0,8,2024-06-27,0,2024-06-27
3269,100,4,15,2,2,282.67,565.34,2024-06-24,1,1,,0,2024-07-12
3270,100,4,15,2,1,282.67,282.67,2024-06-20,0,6,,0,2024-07-08
3271,100,3,15,2,2,282.67,565.34,2024-06-20,0,8,,0,2024-07-07
3272,100,8,15,2,1,282.67,282.67,2024-06-10,0,6,2024-06-19,0,2024-06-26
3273,100,8,15,2,1,282.67,282.67,2024-06-24,0,4,,0,2024-07-10
3274,100,3,15,2,1,282.67,282.67,2024-06-27,1,7,,0,2024-07-14
3275,100,8,15,2,1,282.67,282.67,2024-06-29,0,2,,0,2024-07-15
3276,100,4,15,2,2,282.67,565.34,2024-06-15,0,8,2024-06-23,0,2024-07-03
3277,100,4,15,2,1,282.67,282.67,2024-06-06,0,4,2024-06-20,0,2024-06-24
3278,100,8,15,2,1,282.67,282.67,2024-06-29,1,8,,0,2024-07-15
3279,100,3,15,2,1,282.67,282.67,2024-06-20,1,8,,0,2024-07-07
3280,100,8,15,2,1,282.67,282.67,2024-06-20,0,8,2024-07-02,0,2024-07-06
3281,100,8,15,2,1,282.67,282.67,2024-06-21,0,8,2024-07-01,0,2024-07-07
3282,100,4,15,2,1,282.67,282.67,2024-06-17,0,8,2024-07-04,0,2024-07-05
3283,100,4,15,2,1,282.67,282.67,2024-07-01,0,2,,0,2024-07-19
3284,100,3,15,2,2,282.67,565.34,2024-06-30,0,5,2024-07-05,0,2024-07-17
3285,100,8,15,2,1,282.67,282.67,2024-06-05,0,8,2024-06-17,0,2024-06-21
3286,100,4,15,2,1,282.67,282.67,2024-06-21,1,8,2024-07-05,0,2024-07-09
3287,100,4,15,2,1,282.67,282.67,2024-06-26,0,7,,0,2024-07-14
3288,100,3,15,2,1,282.67,282.67,2024-06-24,0,8,,0,2024-07-11
3289,100,4,15,2,1,282.67,282.67,2024-06-05,1,4,2024-06-20,0,2024-06-23
3290,100,4,15,2,2,282.67,565.34,2024-07-04,0,8,,0,2024-07-22
3291,100,3,15,2,1,282.67,282.67,2024-06-30,0,6,,0,2024-07-17
3292,100,8,15,2,1,282.67,282.67,2024-06-19,0,8,2024-06-27,0,2024-07-05
3293,100,4,15,2,1,282.67,282.67,2024-06-12,0,1,2024-06-28,0,2024-06-30
3294,100,4,15,2,2,282.67,565.34,2024-06-14,0,7,2024-06-21,0,2024-07-02
3295,100,8,15,2,1,282.67,282.67,2024-06-20,0,2,2024-07-02,0,2024-07-06
3296,100,4,15,2,1,282.67,282.67,2024-06-24,1,7,,0,2024-07-12
3297,100,8,15,2,1,282.67,282.67,2024-07-01,0,8,,0,2024-07-17
3298,100,4,15,2,2,282.67,565.34,2024-06-17,0,8,2024-06-27,0,2024-07-05
3299,100,8,15,2,1,282.67,282.67,2024-06-14,0,6,2024-06-28,0,2024-06-30
3300,100,8,15,2,1,282.67,282.67,2024-06-30,0,8,,0,2024-07-16
3301,100,4,15,2,1,282.67,282.67,2024-06-08,0,5,2024-06-18,0,2024-06-26
3302,100,4,15,2,1,282.67,282.67,2024-06-15,0,8,2024-06-28,0,2024-07-03
3303,100,8,15,2,1,282.67,282.67,2024-07-01,0,4,,0,2024-07-17
3304,100,4,15,2,1,282.67,282.67,2024-06-06,0,7,2024-06-26,1,2024-06-24
3305,100,4,15,2,1,282.67,282.67,2024-06-10,1,8,,1,2024-06-28
3306,100,3,15,2,1,282.67,282.67,2024-06-12,1,2,2024-07-01,1,2024-06-29
3307,100,4,15,2,2,282.67,565.34,2024-06-19,0,8,2024-06-29,0,2024-07-07
3308,100,8,15,2,1,282.67,282.67,2024-06-06,0,8,2024-06-19,0,2024-06-22
3309,100,3,15,2,1,282.67,282.67,2024-06-12,1,2,,1,2024-06-29
3310,100,8,15,2,1,282.67,282.67,2024-06-20,0,8,2024-07-02,0,2024-07-06
3311,100,4,15,2,1,282.67,282.67,2024-06-09,0,8,2024-06-15,0,2024-06-27
3312,100,3,15,2,2,282.67,565.34,2024-06-05,0,5,2024-06-18,0,2024-06-22
3313,100,8,15,2,1,282.67,282.67,2024-06-14,0,7,,1,2024-06-30
3314,100,3,15,2,1,282.67,282.67,2024-06-13,0,7,2024-06-26,0,2024-06-30
3315,100,4,15,2,1,282.67,282.67,2024-06-16,0,8,2024-06-25,0,2024-07-04
3316,100,4,15,2,1,282.67,282.67,2024-07-04,0,1,,0,2024-07-22
3317,100,3,15,2,1,282.67,282.67,2024-06-10,0,2,2024-06-19,0,2024-06-27
3318,100,3,15,2,1,282.67,282.67,2024-06-23,1,8,,0,2024-07-10
3319,100,3,15,2,1,282.67,282.67,2024-06-18,0,8,2024-06-29,0,2024-07-05
3320,100,3,15,2,1,282.67,282.67,2024-06-15,0,7,,1,2024-07-02
3321,100,3,15,2,1,282.67,282.67,2024-06-20,0,8,2024-06-27,0,2024-07-07
3322,100,4,15,2,1,282.67,282.67,2024-06-08,0,5,2024-06-26,0,2024-06-26
3323,100,4,15,2,1,282.67,282.67,2024-06-07,0,8,2024-06-17,0,2024-06-25
3324,100,3,15,2,1,282.67,282.67,2024-07-02,0,8,,0,2024-07-19
3325,100,8,15,2,1,282.67,282.67,2024-06-09,1,8,2024-06-23,0,2024-06-25
3326,100,3,15,2,1,282.67,282.67,2024-06-21,0,1,,0,2024-07-08
3327,100,4,15,2,1,282.67,282.67,2024-06-20,0,7,2024-07-05,0,2024-07-08
3328,100,3,15,2,1,282.67,282.67,2024-06-29,0,5,,0,2024-07-16
3329,100,4,15,2,1,282.67,282.67,2024-07-04,0,1,,0,2024-07-22
3330,100,3,15,2,1,282.67,282.67,2024-06-17,0,7,2024-07-04,0,2024-07-04
3331,100,4,15,2,1,282.67,282.67,2024-07-02,1,1,,0,2024-07-20
3332,100,8,15,2,1,282.67,282.67,2024-06-18,1,7,,1,2024-07-04
3333,100,3,15,2,1,282.67,282.67,2024-06-15,0,6,2024-06-17,0,2024-07-02
3334,100,8,15,2,1,282.67,282.67,2024-06-20,0,8,,0,2024-07-06
3335,100,3,15,2,1,282.67,282.67,2024-07-01,1,7,,0,2024-07-18
3336,100,8,15,2,1,282.67,282.67,2024-06-29,0,4,,0,2024-07-15
3337,100,3,15,2,1,282.67,282.67,2024-06-19,0,8,2024-07-05,0,2024-07-06
3338,100,4,15,2,2,282.67,565.34,2024-06-22,0,7,,0,2024-07-10
3339,100,8,15,2,1,282.67,282.67,2024-06-14,0,1,,1,2024-06-30
3340,100,3,15,2,2,282.67,565.34,2024-06-11,1,8,2024-06-27,0,2024-06-28
3341,100,4,15,2,1,282.67,282.67,2024-06-16,0,2,2024-07-02,0,2024-07-04
3342,100,8,15,2,1,282.67,282.67,2024-06-08,1,4,2024-06-18,0,2024-06-24
3343,100,8,15,2,1,282.67,282.67,2024-06-22,0,8,,0,2024-07-08
3344,100,3,15,2,1,282.67,282.67,2024-06-26,0,8,,0,2024-07-13
3345,100,4,15,2,1,282.67,282.67,2024-07-03,0,1,,0,2024-07-21
3346,100,4,15,2,1,282.67,282.67,2024-06-06,0,8,,1,2024-06-24
3347,100,8,15,2,3,282.67,848.01,2024-06-17,0,8,2024-07-01,0,2024-07-03
3348,100,3,15,2,1,282.67,282.67,2024-06-21,1,6,2024-07-04,0,2024-07-08
3349,100,3,15,2,1,282.67,282.67,2024-06-15,0,8,2024-06-26,0,2024-07-02
3350,100,8,15,2,2,282.67,565.34,2024-06-10,0,8,,1,2024-06-26
3351,101,3,15,3,2,282.67,565.34,2024-06-19,0,4,,0,2024-07-06
3352,101,4,15,3,1,282.67,282.67,2024-06-27,0,7,2024-07-04,0,2024-07-13
3353,101,8,15,3,1,282.67,282.67,2024-06-16,0,2,2024-06-26,0,2024-07-05
3354,101,4,15,3,1,282.67,282.67,2024-06-13,1,2,,1,2024-06-29
3355,101,3,15,3,1,282.67,282.67,2024-06-22,1,2,,0,2024-07-09
3356,101,4,15,3,1,282.67,282.67,2024-06-19,0,2,2024-07-05,0,2024-07-05
3357,101,3,15,3,1,282.67,282.67,2024-07-02,0,2,,0,2024-07-19
3358,101,4,15,3,1,282.67,282.67,2024-06-24,1,2,,0,2024-07-10
3359,101,4,15,3,1,282.67,282.67,2024-06-27,1,3,,0,2024-07-13
3360,101,3,15,3,1,282.67,282.67,2024-06-06,0,2,,1,2024-06-23
3361,101,3,15,3,1,282.67,282.67,2024-06-18,0,2,2024-07-03,0,2024-07-05
3362,101,8,15,3,1,282.67,282.67,2024-06-10,1,2,2024-06-28,0,2024-06-29
3363,101,4,15,3,3,282.67,848.01,2024-06-26,0,4,,0,2024-07-12
3364,101,4,15,3,1,282.67,282.67,2024-06-18,0,3,2024-07-04,0,2024-07-04
3365,101,8,15,3,1,282.67,282.67,2024-06-14,0,2,2024-07-03,0,2024-07-03
3366,101,8,15,3,2,282.67,565.34,2024-06-06,0,1,2024-06-25,0,2024-06-25
3367,101,8,15,3,1,282.67,282.67,2024-06-20,1,2,,0,2024-07-09
3368,101,4,15,3,1,282.67,282.67,2024-06-13,0,8,2024-06-27,0,2024-06-29
3369,101,8,15,3,1,282.67,282.67,2024-06-12,0,2,,1,2024-07-01
3370,101,8,15,3,1,282.67,282.67,2024-06-08,0,3,2024-06-16,0,2024-06-27
3371,101,4,15,3,2,282.67,565.34,2024-07-02,0,1,,0,2024-07-18
3372,101,8,15,3,1,282.67,282.67,2024-06-10,0,6,,1,2024-06-29
3373,101,4,15,3,1,282.67,282.67,2024-06-25,1,1,,0,2024-07-11
3374,101,4,15,3,1,282.67,282.67,2024-06-29,1,2,,0,2024-07-15
3375,101,3,15,3,1,282.67,282.67,2024-06-23,0,1,2024-06-29,0,2024-07-10
3376,101,3,15,3,1,282.67,282.67,2024-06-06,0,4,2024-06-20,0,2024-06-23
3377,101,3,15,3,2,282.67,565.34,2024-06-17,0,2,2024-06-28,0,2024-07-04
3378,101,4,15,3,1,282.67,282.67,2024-07-01,0,4,,0,2024-07-17
3379,101,4,15,3,1,282.67,282.67,2024-06-14,0,7,2024-06-25,0,2024-06-30
3380,101,4,15,3,1,282.67,282.67,2024-06-18,0,2,2024-06-26,0,2024-07-04
3381,101,8,15,3,1,282.67,282.67,2024-06-07,0,6,2024-06-15,0,2024-06-26
3382,101,3,15,3,1,282.67,282.67,2024-06-10,1,6,2024-06-16,0,2024-06-27
3383,101,4,15,3,1,282.67,282.67,2024-06-14,0,1,2024-06-18,0,2024-06-30
3384,101,4,15,3,1,282.67,282.67,2024-06-27,0,5,2024-07-03,0,2024-07-13
3385,101,3,15,3,1,282.67,282.67,2024-06-05,0,7,2024-06-16,0,2024-06-22
3386,101,3,15,3,1,282.67,282.67,2024-06-30,0,6,,0,2024-07-17
3387,101,8,15,3,1,282.67,282.67,2024-06-06,0,3,,1,2024-06-25
3388,101,3,15,3,1,282.67,282.67,2024-07-04,1,2,,0,2024-07-21
3389,101,8,15,3,1,282.67,282.67,2024-06-08,1,8,2024-06-24,0,2024-06-27
3390,101,8,15,3,1,282.67,282.67,2024-06-25,0,8,,0,2024-07-14
3391,101,4,15,3,1,282.67,282.67,2024-06-23,1,7,,0,2024-07-09
3392,101,8,15,3,1,282.67,282.67,2024-06-29,0,7,,0,2024-07-18
3393,101,8,15,3,1,282.67,282.67,2024-07-03,0,2,,0,2024-07-22
3394,101,4,15,3,2,282.67,565.34,2024-06-21,0,3,,0,2024-07-07
3395,101,8,15,3,1,282.67,282.67,2024-06-30,0,2,,0,2024-07-19
3396,101,3,15,3,1,282.67,282.67,2024-06-06,0,1,2024-06-23,0,2024-06-23
3397,101,3,15,3,1,282.67,282.67,2024-06-14,0,2,2024-06-24,0,2024-07-01
3398,101,4,15,3,1,282.67,282.67,2024-06-07,0,1,2024-06-16,0,2024-06-23
3399,101,3,15,3,1,282.67,282.67,2024-06-28,1,2,,0,2024-07-15
3400,101,4,15,3,1,282.67,282.67,2024-06-18,0,1,2024-06-24,0,2024-07-04
3401,101,8,15,3,1,282.67,282.67,2024-06-12,0,2,2024-06-23,0,2024-07-01
3402,101,4,15,3,1,282.67,282.67,2024-06-27,0,4,,0,2024-07-13
3403,101,4,15,3,1,282.67,282.67,2024-06-30,0,7,,0,2024-07-16
3404,101,3,15,3,1,282.67,282.67,2024-06-05,0,2,2024-06-24,1,2024-06-22
3405,101,4,15,3,2,282.67,565.34,2024-06-13,0,5,2024-06-21,0,2024-06-29
3406,101,8,15,3,1,282.67,282.67,2024-06-28,0,3,,0,2024-07-17
3407,101,3,15,3,1,282.67,282.67,2024-07-04,1,2,,0,2024-07-21
3408,101,3,15,3,2,282.67,565.34,2024-06-13,1,7,,1,2024-06-30
3409,101,8,15,3,2,282.67,565.34,2024-06-30,0,4,,0,2024-07-19
3410,101,8,15,3,1,282.67,282.67,2024-06-25,0,3,2024-07-02,0,2024-07-14
3411,101,8,15,3,1,282.67,282.67,2024-07-01,0,7,,0,2024-07-20
3412,101,8,15,3,2,282.67,565.34,2024-06-13,1,7,,1,2024-07-02
3413,101,8,15,3,1,282.67,282.67,2024-07-03,0,1,,0,2024-07-22
3414,101,4,15,3,1,282.67,282.67,2024-07-02,0,6,,0,2024-07-18
3415,101,8,15,3,2,282.67,565.34,2024-07-04,0,7,,0,2024-07-23
3416,101,3,15,3,1,282.67,282.67,2024-06-26,0,6,2024-07-02,0,2024-07-13
3417,101,8,15,3,2,282.67,565.34,2024-07-04,0,8,,0,2024-07-23
3418,101,4,15,3,1,282.67,282.67,2024-06-16,0,1,,1,2024-07-02
3419,101,3,15,3,1,282.67,282.67,2024-06-22,0,7,,0,2024-07-09
3420,101,3,15,3,1,282.67,282.67,2024-06-26,0,1,,0,2024-07-13
3421,101,3,15,3,1,282.67,282.67,2024-06-22,0,2,,0,2024-07-09
3422,101,4,15,3,1,282.67,282.67,2024-06-13,0,2,,1,2024-06-29
3423,101,3,15,3,1,282.67,282.67,2024-06-08,0,1,2024-06-16,0,2024-06-25
3424,101,3,15,3,1,282.67,282.67,2024-07-02,0,2,,0,2024-07-19
3425,102,8,15,4,1,282.67,282.67,2024-06-14,0,2,2024-07-02,0,2024-07-03
3426,102,4,15,4,1,282.67,282.67,2024-06-27,0,2,,0,2024-07-14
3427,102,8,15,4,1,282.67,282.67,2024-06-27,0,2,,0,2024-07-16
3428,102,4,15,4,2,282.67,565.34,2024-06-22,1,7,2024-07-01,0,2024-07-09
3429,102,4,15,4,1,282.67,282.67,2024-07-03,0,2,,0,2024-07-20
3430,102,4,15,4,1,282.67,282.67,2024-06-21,0,2,,0,2024-07-08
3431,102,4,15,4,1,282.67,282.67,2024-06-11,0,2,,1,2024-06-28
3432,102,3,15,4,1,282.67,282.67,2024-07-02,0,2,,0,2024-07-19
3433,102,3,15,4,1,282.67,282.67,2024-06-05,0,3,,1,2024-06-22
3434,102,3,15,4,2,282.67,565.34,2024-07-03,0,8,,0,2024-07-20
3435,102,4,15,4,5,282.67,1413.35,2024-06-21,0,7,,0,2024-07-08
3436,102,3,15,4,1,282.67,282.67,2024-06-10,0,1,2024-06-21,0,2024-06-27
3437,102,3,15,4,2,282.67,565.34,2024-06-17,0,2,,1,2024-07-04
3438,102,8,15,4,2,282.67,565.34,2024-06-27,0,3,,0,2024-07-16
3439,102,4,15,4,1,282.67,282.67,2024-06-20,0,3,2024-07-03,0,2024-07-07
3440,102,8,15,4,1,282.67,282.67,2024-06-19,0,4,,0,2024-07-08
3441,102,3,15,4,1,282.67,282.67,2024-06-20,0,2,2024-06-27,0,2024-07-07
3442,102,8,15,4,1,282.67,282.67,2024-06-16,0,2,2024-06-23,0,2024-07-05
3443,102,3,15,4,1,282.67,282.67,2024-06-17,0,6,,1,2024-07-04
3444,102,3,15,4,2,282.67,565.34,2024-06-26,0,2,,0,2024-07-13
3445,102,3,15,4,1,282.67,282.67,2024-06-17,0,6,2024-06-21,0,2024-07-04
3446,102,3,15,4,2,282.67,565.34,2024-06-17,0,3,2024-06-28,0,2024-07-04
3447,102,3,15,4,1,282.67,282.67,2024-06-05,0,3,2024-06-15,0,2024-06-22
3448,102,3,15,4,2,282.67,565.34,2024-06-24,0,8,2024-06-29,0,2024-07-11
3449,102,8,15,4,1,282.67,282.67,2024-06-15,0,8,2024-07-04,0,2024-07-04
3450,102,3,15,4,2,282.67,565.34,2024-06-14,1,2,2024-07-01,0,2024-07-01
3451,102,8,15,4,1,282.67,282.67,2024-06-26,1,1,,0,2024-07-15
3452,102,4,15,4,1,282.67,282.67,2024-07-02,0,7,,0,2024-07-19
3453,102,3,15,4,2,282.67,565.34,2024-06-14,0,1,2024-06-30,0,2024-07-01
3454,102,8,15,4,3,282.67,848.01,2024-06-29,0,5,,0,2024-07-18
3455,102,3,15,4,1,282.67,282.67,2024-06-17,0,7,2024-07-05,1,2024-07-04
3456,102,3,15,4,1,282.67,282.67,2024-06-14,0,6,2024-06-22,0,2024-07-01
3457,102,3,15,4,1,282.67,282.67,2024-06-29,0,3,,0,2024-07-16
3458,102,3,15,4,1,282.67,282.67,2024-06-13,0,1,2024-06-25,0,2024-06-30
3459,102,8,15,4,1,282.67,282.67,2024-06-15,0,2,2024-07-02,0,2024-07-04
3460,102,8,15,4,1,282.67,282.67,2024-06-09,0,2,2024-06-28,0,2024-06-28
3461,102,4,15,4,1,282.67,282.67,2024-06-13,0,8,2024-07-01,1,2024-06-30
3462,102,3,15,4,1,282.67,282.67,2024-06-27,0,7,,0,2024-07-14
3463,102,8,15,4,2,282.67,565.34,2024-06-23,0,2,,0,2024-07-12
3464,102,8,15,4,1,282.67,282.67,2024-06-27,1,2,,0,2024-07-16
3465,102,4,15,4,1,282.67,282.67,2024-06-18,1,2,,1,2024-07-05
3466,102,3,15,4,1,282.67,282.67,2024-06-18,0,1,2024-07-03,0,2024-07-05
3467,103,4,15,5,2,282.67,565.34,2024-06-14,1,6,2024-06-30,0,2024-06-30
3468,103,8,15,5,5,282.67,1413.35,2024-07-01,0,2,,0,2024-07-14
3469,103,8,15,5,2,282.67,565.34,2024-06-20,1,2,,1,2024-07-03
3470,103,8,15,5,3,282.67,848.01,2024-06-17,0,1,,1,2024-06-30
3471,103,8,15,5,1,282.67,282.67,2024-06-14,0,2,2024-06-27,0,2024-06-27
3472,103,4,15,5,1,282.67,282.67,2024-07-04,0,3,,0,2024-07-20
3473,103,4,15,5,1,282.67,282.67,2024-06-23,0,8,2024-06-30,0,2024-07-09
3474,103,8,15,5,2,282.67,565.34,2024-07-03,0,7,,0,2024-07-16
3475,103,4,15,5,3,282.67,848.01,2024-07-01,1,8,,0,2024-07-17
3476,103,3,15,5,2,282.67,565.34,2024-06-27,0,6,,0,2024-07-10
3477,103,4,15,5,3,282.67,848.01,2024-06-17,0,6,,1,2024-07-03
3478,103,3,15,5,1,282.67,282.67,2024-06-27,0,2,,0,2024-07-10
3479,103,8,15,5,4,282.67,1130.68,2024-06-28,0,1,2024-07-04,0,2024-07-11
3480,103,8,15,5,1,282.67,282.67,2024-06-30,0,2,,0,2024-07-13
3481,103,4,15,5,3,282.67,848.01,2024-06-09,0,2,,1,2024-06-25
3482,103,8,15,5,2,282.67,565.34,2024-06-22,0,3,,1,2024-07-05
3483,103,8,15,5,3,282.67,848.01,2024-06-19,0,1,,1,2024-07-02
3484,103,3,15,5,1,282.67,282.67,2024-06-24,0,1,,0,2024-07-07
3485,103,3,15,5,2,282.67,565.34,2024-06-19,0,6,2024-07-02,0,2024-07-02
3486,103,8,15,5,1,282.67,282.67,2024-06-28,1,2,,0,2024-07-11
3487,103,4,15,5,7,282.67,1978.69,2024-06-17,0,2,2024-07-01,0,2024-07-03
3488,103,8,15,5,1,282.67,282.67,2024-06-21,1,2,,1,2024-07-04
3489,103,8,15,5,1,282.67,282.67,2024-06-08,0,1,2024-06-17,0,2024-06-21
3490,103,4,15,5,1,282.67,282.67,2024-06-18,1,1,,1,2024-07-04
3491,103,8,15,5,1,282.67,282.67,2024-06-12,0,2,2024-06-25,0,2024-06-25
3492,103,4,15,5,1,282.67,282.67,2024-06-26,1,2,,0,2024-07-12
3493,104,8,15,6,3,282.67,848.01,2024-06-07,0,2,2024-06-18,0,2024-06-18
3494,104,4,15,6,13,282.67,3674.71,2024-06-10,0,4,2024-06-14,0,2024-06-30
3495,104,4,15,6,4,282.67,1130.68,2024-06-06,0,2,2024-06-27,1,2024-06-26
3496,104,3,15,6,3,282.67,848.01,2024-06-20,0,2,2024-06-30,0,2024-06-30
3497,105,3,15,7,2,282.67,565.34,2024-06-25,0,2,,0,2024-10-03
3498,105,3,15,7,32,282.67,9045.44,2024-06-17,0,2,,0,2024-09-25
3499,105,4,15,7,4,282.67,1130.68,2024-06-12,0,2,2024-06-23,0,2024-06-23
3500,106,5,16,1,4,298.44,1193.76,2024-06-17,0,2,2024-06-24,0,2024-06-25
3501,106,9,16,1,1,298.44,298.44,2024-07-02,0,7,,0,2024-07-12
3502,106,5,16,1,7,298.44,2089.08,2024-06-27,0,2,2024-07-05,0,2024-07-05
3503,106,5,16,1,4,298.44,1193.76,2024-06-29,0,2,,0,2024-07-07
3504,106,9,16,1,8,298.44,2387.52,2024-06-13,0,1,2024-06-23,0,2024-06-23
3505,107,9,16,2,2,298.44,596.88,2024-06-15,0,7,,1,2024-06-27
3506,107,9,16,2,25,298.44,7461.0,2024-06-18,0,8,2024-06-29,0,2024-06-30
3507,107,9,16,2,4,298.44,1193.76,2024-06-17,1,8,2024-06-29,0,2024-06-29
3508,107,9,16,2,14,298.44,4178.16,2024-06-24,0,7,,0,2024-07-06
3509,107,5,16,2,13,298.44,3879.72,2024-06-14,0,8,2024-07-02,0,2024-07-02
3510,107,9,16,2,8,298.44,2387.52,2024-07-03,0,8,,0,2024-07-15
3511,107,6,16,2,15,298.44,4476.6,2024-06-13,0,3,2024-06-28,0,2024-07-01
3512,107,9,16,2,7,298.44,2089.08,2024-06-07,0,1,2024-06-19,0,2024-06-19
3513,107,6,16,2,9,298.44,2685.96,2024-06-11,1,8,,1,2024-06-29
3514,107,6,16,2,1,298.44,298.44,2024-06-20,0,8,2024-06-30,0,2024-07-08
3515,107,6,16,2,10,298.44,2984.4,2024-06-08,0,1,2024-06-26,0,2024-06-26
3516,108,6,16,3,1,298.44,298.44,2024-06-19,0,7,2024-07-02,0,2024-07-05
3517,108,9,16,3,1,298.44,298.44,2024-06-28,1,2,,0,2024-07-14
3518,108,5,16,3,1,298.44,298.44,2024-06-17,0,2,,1,2024-07-04
3519,108,5,16,3,1,298.44,298.44,2024-06-06,0,2,2024-06-17,0,2024-06-23
3520,108,9,16,3,2,298.44,596.88,2024-07-02,0,2,,0,2024-07-18
3521,108,6,16,3,3,298.44,895.32,2024-06-09,0,3,2024-06-24,0,2024-06-25
3522,108,5,16,3,2,298.44,596.88,2024-06-23,1,3,,0,2024-07-10
3523,108,9,16,3,1,298.44,298.44,2024-06-12,1,5,,1,2024-06-28
3524,108,9,16,3,1,298.44,298.44,2024-06-09,0,7,2024-06-16,0,2024-06-25
3525,108,6,16,3,1,298.44,298.44,2024-06-19,0,6,,1,2024-07-05
3526,108,5,16,3,1,298.44,298.44,2024-06-07,1,1,,1,2024-06-24
3527,108,5,16,3,1,298.44,298.44,2024-06-07,0,1,2024-06-23,0,2024-06-24
3528,108,6,16,3,1,298.44,298.44,2024-06-06,0,2,2024-06-23,1,2024-06-22
3529,108,9,16,3,1,298.44,298.44,2024-06-10,0,7,2024-06-19,0,2024-06-26
3530,108,6,16,3,2,298.44,596.88,2024-06-16,0,1,2024-06-19,0,2024-07-02
3531,108,9,16,3,1,298.44,298.44,2024-06-25,1,2,,0,2024-07-11
3532,108,9,16,3,1,298.44,298.44,2024-06-28,1,2,,0,2024-07-14
3533,108,9,16,3,1,298.44,298.44,2024-06-06,0,3,2024-06-11,0,2024-06-22
3534,108,6,16,3,1,298.44,298.44,2024-07-03,0,4,,0,2024-07-19
3535,108,6,16,3,2,298.44,596.88,2024-06-18,0,2,2024-07-03,0,2024-07-04
3536,108,6,16,3,1,298.44,298.44,2024-06-08,0,2,2024-06-18,0,2024-06-24
3537,108,9,16,3,1,298.44,298.44,2024-06-14,0,2,2024-06-20,0,2024-06-30
3538,108,9,16,3,1,298.44,298.44,2024-06-23,0,2,,0,2024-07-09
3539,108,9,16,3,3,298.44,895.32,2024-06-05,0,7,2024-06-15,0,2024-06-21
3540,108,5,16,3,2,298.44,596.88,2024-06-27,1,1,,0,2024-07-14
3541,108,9,16,3,2,298.44,596.88,2024-06-21,0,7,,0,2024-07-07
3542,108,6,16,3,1,298.44,298.44,2024-06-18,0,3,2024-06-24,0,2024-07-04
3543,108,5,16,3,1,298.44,298.44,2024-07-03,0,1,,0,2024-07-20
3544,108,6,16,3,1,298.44,298.44,2024-06-19,0,1,2024-06-30,0,2024-07-05
3545,108,9,16,3,3,298.44,895.32,2024-06-07,0,2,2024-06-20,0,2024-06-23
3546,108,6,16,3,1,298.44,298.44,2024-06-26,1,6,,0,2024-07-12
3547,108,9,16,3,2,298.44,596.88,2024-06-16,0,1,2024-07-02,0,2024-07-02
3548,108,6,16,3,1,298.44,298.44,2024-06-28,0,2,,0,2024-07-14
3549,108,6,16,3,1,298.44,298.44,2024-06-07,0,1,2024-06-15,0,2024-06-23
3550,108,5,16,3,2,298.44,596.88,2024-06-16,0,1,2024-07-03,0,2024-07-03
3551,108,9,16,3,1,298.44,298.44,2024-06-19,0,4,2024-06-30,0,2024-07-05
3552,108,9,16,3,1,298.44,298.44,2024-07-02,0,2,,0,2024-07-18
3553,108,6,16,3,1,298.44,298.44,2024-06-06,1,8,,1,2024-06-22
3554,108,6,16,3,1,298.44,298.44,2024-06-25,0,6,,0,2024-07-11
3555,108,9,16,3,1,298.44,298.44,2024-06-19,0,2,2024-06-22,0,2024-07-05
3556,108,6,16,3,1,298.44,298.44,2024-07-03,0,1,,0,2024-07-19
3557,108,5,16,3,3,298.44,895.32,2024-06-14,0,4,2024-06-27,0,2024-07-01
3558,108,6,16,3,1,298.44,298.44,2024-06-19,0,1,2024-07-02,0,2024-07-05
3559,108,6,16,3,3,298.44,895.32,2024-06-17,0,6,2024-07-01,0,2024-07-03
3560,108,5,16,3,2,298.44,596.88,2024-06-16,0,2,2024-06-29,0,2024-07-03
3561,108,9,16,3,1,298.44,298.44,2024-06-16,1,3,,1,2024-07-02
3562,108,9,16,3,1,298.44,298.44,2024-06-07,0,2,2024-07-05,1,2024-06-23
3563,108,5,16,3,1,298.44,298.44,2024-06-27,1,2,,0,2024-07-14
3564,108,9,16,3,2,298.44,596.88,2024-06-23,0,2,2024-07-01,0,2024-07-09
3565,108,9,16,3,1,298.44,298.44,2024-06-19,0,1,,1,2024-07-05
3566,108,9,16,3,2,298.44,596.88,2024-06-20,0,1,,0,2024-07-06
3567,108,6,16,3,1,298.44,298.44,2024-06-11,0,7,2024-06-27,0,2024-06-27
3568,108,6,16,3,2,298.44,596.88,2024-07-01,0,2,,0,2024-07-17
3569,108,6,16,3,1,298.44,298.44,2024-06-06,1,6,,1,2024-06-22
3570,108,6,16,3,1,298.44,298.44,2024-06-18,1,2,,1,2024-07-04
3571,108,9,16,3,3,298.44,895.32,2024-06-25,0,2,,0,2024-07-11
3572,108,6,16,3,1,298.44,298.44,2024-06-21,0,7,,0,2024-07-07
3573,108,9,16,3,1,298.44,298.44,2024-06-27,0,2,2024-07-05,0,2024-07-13
3574,108,6,16,3,3,298.44,895.32,2024-06-14,0,8,2024-06-27,0,2024-06-30
3575,108,5,16,3,5,298.44,1492.2,2024-06-11,0,3,2024-06-25,0,2024-06-28
3576,108,5,16,3,1,298.44,298.44,2024-06-09,0,1,2024-06-23,0,2024-06-26
3577,108,5,16,3,1,298.44,298.44,2024-07-04,0,2,,0,2024-07-21
3578,108,6,16,3,1,298.44,298.44,2024-06-13,0,7,2024-06-23,0,2024-06-29
3579,108,9,16,3,1,298.44,298.44,2024-07-03,0,7,,0,2024-07-19
3580,108,9,16,3,1,298.44,298.44,2024-06-05,0,2,2024-06-17,0,2024-06-21
3581,108,6,16,3,1,298.44,298.44,2024-06-19,0,2,,1,2024-07-05
3582,108,9,16,3,1,298.44,298.44,2024-06-17,0,3,2024-06-26,0,2024-07-03
3583,108,5,16,3,2,298.44,596.88,2024-06-15,0,6,2024-06-28,0,2024-07-02
3584,108,5,16,3,2,298.44,596.88,2024-06-22,0,2,,0,2024-07-09
3585,108,5,16,3,1,298.44,298.44,2024-06-26,0,7,,0,2024-07-13
3586,108,9,16,3,1,298.44,298.44,2024-06-07,1,2,,1,2024-06-23
3587,108,5,16,3,2,298.44,596.88,2024-06-05,0,2,2024-06-17,0,2024-06-22
3588,108,9,16,3,1,298.44,298.44,2024-06-15,0,1,2024-06-29,0,2024-07-01
3589,108,5,16,3,1,298.44,298.44,2024-06-18,1,2,,1,2024-07-05
3590,108,9,16,3,4,298.44,1193.76,2024-06-18,1,1,2024-07-04,0,2024-07-04
3591,108,9,16,3,2,298.44,596.88,2024-07-02,0,1,,0,2024-07-18
3592,108,6,16,3,1,298.44,298.44,2024-06-18,0,3,2024-06-26,0,2024-07-04
3593,108,5,16,3,1,298.44,298.44,2024-06-21,0,2,2024-07-01,0,2024-07-08
3594,108,9,16,3,2,298.44,596.88,2024-06-24,0,2,2024-07-03,0,2024-07-10
3595,108,5,16,3,1,298.44,298.44,2024-07-03,0,1,,0,2024-07-20
3596,109,5,16,4,2,298.44,596.88,2024-07-01,0,7,,0,2024-07-13
3597,109,5,16,4,11,298.44,3282.84,2024-06-16,0,6,2024-06-27,0,2024-06-28
3598,109,6,16,4,23,298.44,6864.12,2024-06-16,0,1,2024-06-22,0,2024-06-27
3599,109,9,16,4,2,298.44,596.88,2024-06-08,0,1,2024-06-14,0,2024-06-15
3600,109,5,16,4,5,298.44,1492.2,2024-06-21,1,8,,1,2024-07-03
3601,109,6,16,4,13,298.44,3879.72,2024-06-11,0,2,2024-06-20,0,2024-06-22
3602,109,5,16,4,2,298.44,596.88,2024-06-27,0,3,,0,2024-07-09
3603,109,6,16,4,3,298.44,895.32,2024-06-18,1,8,,1,2024-06-29
3604,109,9,16,4,2,298.44,596.88,2024-06-18,0,4,2024-06-25,0,2024-06-25
3605,109,5,16,4,4,298.44,1193.76,2024-06-10,0,2,2024-06-22,0,2024-06-22
3606,109,6,16,4,1,298.44,298.44,2024-06-05,0,2,2024-06-16,0,2024-06-16
3607,110,9,16,5,4,298.44,1193.76,2024-06-12,0,8,2024-06-19,0,2024-06-26
3608,110,9,16,5,8,298.44,2387.52,2024-06-09,0,1,2024-06-22,0,2024-06-23
3609,110,9,16,5,14,298.44,4178.16,2024-06-09,0,1,2024-06-23,0,2024-06-23
3610,110,5,16,5,8,298.44,2387.52,2024-06-14,0,2,2024-06-25,0,2024-06-25
3611,111,6,16,6,2,298.44,596.88,2024-07-01,0,2,,0,2024-07-16
3612,111,9,16,6,1,298.44,298.44,2024-06-25,0,1,,0,2024-07-13
3613,111,6,16,6,1,298.44,298.44,2024-06-18,1,1,,1,2024-07-03
3614,111,9,16,6,1,298.44,298.44,2024-06-23,0,8,2024-06-28,0,2024-07-11
3615,111,6,16,6,1,298.44,298.44,2024-06-11,0,2,2024-06-24,0,2024-06-26
3616,111,5,16,6,1,298.44,298.44,2024-07-03,1,1,,0,2024-07-19
3617,111,6,16,6,3,298.44,895.32,2024-06-07,0,7,,1,2024-06-22
3618,111,6,16,6,1,298.44,298.44,2024-06-17,0,1,2024-06-25,0,2024-07-02
3619,111,6,16,6,2,298.44,596.88,2024-07-01,0,1,,0,2024-07-16
3620,111,9,16,6,1,298.44,298.44,2024-06-14,0,2,2024-06-29,0,2024-07-02
3621,111,6,16,6,1,298.44,298.44,2024-06-30,1,4,,0,2024-07-15
3622,111,6,16,6,2,298.44,596.88,2024-06-21,0,2,,0,2024-07-06
3623,111,9,16,6,1,298.44,298.44,2024-07-02,0,2,,0,2024-07-20
3624,111,9,16,6,1,298.44,298.44,2024-07-01,0,7,,0,2024-07-19
3625,111,6,16,6,1,298.44,298.44,2024-06-10,0,7,2024-06-16,0,2024-06-25
3626,111,6,16,6,1,298.44,298.44,2024-06-06,0,2,2024-06-13,0,2024-06-21
3627,111,6,16,6,2,298.44,596.88,2024-07-01,0,1,,0,2024-07-16
3628,111,9,16,6,1,298.44,298.44,2024-06-15,1,8,2024-07-03,0,2024-07-03
3629,111,5,16,6,1,298.44,298.44,2024-06-17,0,8,2024-07-03,0,2024-07-03
3630,111,9,16,6,3,298.44,895.32,2024-06-22,0,2,,0,2024-07-10
3631,111,5,16,6,2,298.44,596.88,2024-06-17,1,4,,1,2024-07-03
3632,111,9,16,6,1,298.44,298.44,2024-06-11,0,1,2024-06-27,0,2024-06-29
3633,111,9,16,6,1,298.44,298.44,2024-06-11,0,2,2024-07-02,1,2024-06-29
3634,111,9,16,6,2,298.44,596.88,2024-06-06,0,1,2024-06-18,0,2024-06-24
3635,111,6,16,6,1,298.44,298.44,2024-06-23,0,4,2024-06-28,0,2024-07-08
3636,111,9,16,6,1,298.44,298.44,2024-06-06,0,1,2024-06-18,0,2024-06-24
3637,111,6,16,6,1,298.44,298.44,2024-06-24,0,8,2024-07-03,0,2024-07-09
3638,111,9,16,6,1,298.44,298.44,2024-06-06,1,6,,1,2024-06-24
3639,111,6,16,6,3,298.44,895.32,2024-06-29,0,7,,0,2024-07-14
3640,111,9,16,6,3,298.44,895.32,2024-06-17,0,2,2024-07-01,0,2024-07-05
3641,111,9,16,6,1,298.44,298.44,2024-06-07,1,2,2024-06-11,0,2024-06-25
3642,111,6,16,6,1,298.44,298.44,2024-06-21,1,2,,0,2024-07-06
3643,111,5,16,6,1,298.44,298.44,2024-06-22,1,2,2024-06-27,0,2024-07-08
3644,111,5,16,6,1,298.44,298.44,2024-06-25,0,7,,0,2024-07-11
3645,111,9,16,6,3,298.44,895.32,2024-06-14,0,1,2024-06-23,0,2024-07-02
3646,111,6,16,6,1,298.44,298.44,2024-06-26,0,2,,0,2024-07-11
3647,111,9,16,6,1,298.44,298.44,2024-06-05,0,3,2024-06-16,0,2024-06-23
3648,111,5,16,6,1,298.44,298.44,2024-06-19,1,4,,1,2024-07-05
3649,111,9,16,6,2,298.44,596.88,2024-06-19,0,2,2024-06-21,0,2024-07-07
3650,111,6,16,6,1,298.44,298.44,2024-06-26,0,2,,0,2024-07-11
3651,111,5,16,6,1,298.44,298.44,2024-06-05,0,1,2024-06-19,0,2024-06-21
3652,111,9,16,6,1,298.44,298.44,2024-06-23,0,2,2024-07-01,0,2024-07-11
3653,111,6,16,6,3,298.44,895.32,2024-06-10,0,7,2024-06-20,0,2024-06-25
3654,111,9,16,6,4,298.44,1193.76,2024-07-03,0,3,,0,2024-07-21
3655,111,9,16,6,2,298.44,596.88,2024-06-15,0,2,,1,2024-07-03
3656,111,5,16,6,1,298.44,298.44,2024-06-05,0,1,2024-06-16,0,2024-06-21
3657,111,5,16,6,1,298.44,298.44,2024-06-19,0,5,2024-06-30,0,2024-07-05
3658,111,9,16,6,1,298.44,298.44,2024-06-18,0,6,2024-06-28,0,2024-07-06
3659,111,5,16,6,1,298.44,298.44,2024-06-13,0,2,2024-06-21,0,2024-06-29
3660,111,9,16,6,1,298.44,298.44,2024-06-27,0,1,,0,2024-07-15
3661,111,5,16,6,2,298.44,596.88,2024-06-13,0,7,2024-06-22,0,2024-06-29
3662,111,6,16,6,2,298.44,596.88,2024-06-17,1,1,2024-06-24,0,2024-07-02
3663,111,6,16,6,2,298.44,596.88,2024-06-05,1,4,2024-07-01,1,2024-06-20
3664,111,9,16,6,1,298.44,298.44,2024-06-23,0,4,2024-07-04,0,2024-07-11
3665,111,5,16,6,1,298.44,298.44,2024-06-05,0,1,2024-06-21,0,2024-06-21
3666,111,5,16,6,1,298.44,298.44,2024-06-25,0,6,,0,2024-07-11
3667,111,6,16,6,1,298.44,298.44,2024-06-27,0,1,,0,2024-07-12
3668,111,6,16,6,1,298.44,298.44,2024-06-23,0,3,2024-07-01,0,2024-07-08
3669,112,5,16,7,1,298.44,298.44,2024-06-10,0,8,2024-07-01,1,2024-06-28
3670,112,5,16,7,3,298.44,895.32,2024-06-28,0,2,,0,2024-07-16
3671,112,5,16,7,4,298.44,1193.76,2024-07-02,0,1,,0,2024-07-20
3672,112,6,16,7,8,298.44,2387.52,2024-06-23,0,1,2024-07-05,0,2024-07-10
3673,112,6,16,7,3,298.44,895.32,2024-06-16,1,3,,1,2024-07-03
3674,112,5,16,7,1,298.44,298.44,2024-06-20,0,2,2024-06-26,0,2024-07-08
3675,112,6,16,7,5,298.44,1492.2,2024-06-06,0,3,2024-06-23,0,2024-06-23
3676,112,9,16,7,5,298.44,1492.2,2024-06-19,0,8,,0,2024-07-07
3677,112,5,16,7,3,298.44,895.32,2024-07-04,0,4,,0,2024-07-22
3678,112,5,16,7,2,298.44,596.88,2024-06-16,0,1,2024-06-27,0,2024-07-04
3679,112,9,16,7,3,298.44,895.32,2024-06-12,0,2,2024-06-30,0,2024-06-30
3680,112,5,16,7,1,298.44,298.44,2024-06-12,0,1,2024-06-23,0,2024-06-30
3681,112,5,16,7,2,298.44,596.88,2024-07-02,0,2,,0,2024-07-20
3682,112,9,16,7,3,298.44,895.32,2024-06-09,0,2,2024-06-21,0,2024-06-27
3683,113,8,17,1,2,977.5,1955.0,2024-06-06,0,1,2024-06-22,0,2024-06-28
3684,113,10,17,1,1,977.5,977.5,2024-06-18,0,2,2024-06-27,0,2024-07-16
3685,113,10,17,1,6,977.5,5865.0,2024-06-07,0,7,2024-07-05,0,2024-07-05
3686,113,10,17,1,1,977.5,977.5,2024-06-07,1,2,2024-07-01,0,2024-07-05
3687,113,1,17,1,1,977.5,977.5,2024-06-23,0,3,,0,2024-07-10
3688,113,10,17,1,1,977.5,977.5,2024-06-29,0,1,,0,2024-07-27
3689,113,1,17,1,1,977.5,977.5,2024-06-08,0,4,2024-06-18,0,2024-06-25
3690,113,8,17,1,4,977.5,3910.0,2024-06-13,0,1,2024-07-01,0,2024-07-05
3691,113,10,17,1,1,977.5,977.5,2024-06-15,0,4,,0,2024-07-13
3692,113,1,17,1,3,977.5,2932.5,2024-06-16,0,1,2024-07-03,0,2024-07-03
3693,113,1,17,1,3,977.5,2932.5,2024-06-19,1,7,,0,2024-07-06
3694,113,6,17,1,3,977.5,2932.5,2024-06-25,0,2,2024-07-02,0,2024-07-11
3695,113,1,17,1,2,977.5,1955.0,2024-06-18,0,1,2024-06-27,0,2024-07-05
3696,113,10,17,1,1,977.5,977.5,2024-07-03,0,8,,0,2024-07-31
3697,113,1,17,1,4,977.5,3910.0,2024-06-18,0,1,,1,2024-07-05
3698,113,10,17,1,1,977.5,977.5,2024-07-02,1,2,,0,2024-07-30
3699,113,10,17,1,6,977.5,5865.0,2024-06-13,0,2,,0,2024-07-11
3700,113,1,17,1,1,977.5,977.5,2024-06-16,1,2,,1,2024-07-03
3701,113,6,17,1,2,977.5,1955.0,2024-06-12,0,2,2024-06-22,0,2024-06-28
3702,113,10,17,1,2,977.5,1955.0,2024-06-09,1,1,,0,2024-07-07
3703,113,6,17,1,1,977.5,977.5,2024-06-15,0,2,,1,2024-07-01
3704,113,6,17,1,2,977.5,1955.0,2024-06-17,0,1,2024-07-02,0,2024-07-03
3705,113,8,17,1,1,977.5,977.5,2024-06-09,1,2,2024-07-02,1,2024-07-01
3706,113,6,17,1,1,977.5,977.5,2024-06-10,0,2,2024-06-20,0,2024-06-26
3707,113,1,17,1,1,977.5,977.5,2024-06-13,0,1,2024-06-28,0,2024-06-30
3708,113,8,17,1,1,977.5,977.5,2024-06-12,1,3,2024-06-27,0,2024-07-04
3709,113,8,17,1,4,977.5,3910.0,2024-06-30,0,8,,0,2024-07-22
3710,113,6,17,1,2,977.5,1955.0,2024-06-18,1,1,2024-07-04,0,2024-07-04
3711,113,8,17,1,4,977.5,3910.0,2024-07-03,0,2,,0,2024-07-25
3712,114,8,17,2,1,977.5,977.5,2024-06-17,0,7,,1,2024-07-03
3713,114,10,17,2,1,977.5,977.5,2024-07-03,1,1,,0,2024-07-25
3714,114,8,17,2,1,977.5,977.5,2024-06-15,1,7,2024-06-26,0,2024-07-01
3715,114,10,17,2,1,977.5,977.5,2024-06-17,0,8,2024-07-02,0,2024-07-09
3716,114,1,17,2,2,977.5,1955.0,2024-06-14,0,8,2024-06-21,0,2024-07-03
3717,114,1,17,2,1,977.5,977.5,2024-06-14,0,8,2024-07-02,0,2024-07-03
3718,114,1,17,2,1,977.5,977.5,2024-06-26,0,7,,0,2024-07-15
3719,114,1,17,2,1,977.5,977.5,2024-07-03,0,4,,0,2024-07-22
3720,114,8,17,2,1,977.5,977.5,2024-06-12,0,8,2024-07-02,1,2024-06-28
3721,114,8,17,2,1,977.5,977.5,2024-06-10,0,7,2024-06-20,0,2024-06-26
3722,114,6,17,2,1,977.5,977.5,2024-06-13,0,7,2024-06-30,0,2024-07-07
3723,114,10,17,2,2,977.5,1955.0,2024-06-10,0,7,2024-06-23,0,2024-07-02
3724,114,8,17,2,1,977.5,977.5,2024-06-14,0,8,2024-06-26,0,2024-06-30
3725,114,1,17,2,1,977.5,977.5,2024-06-15,0,7,2024-06-25,0,2024-07-04
3726,114,6,17,2,1,977.5,977.5,2024-06-06,1,4,2024-06-29,0,2024-06-30
3727,114,6,17,2,1,977.5,977.5,2024-07-03,0,7,,0,2024-07-27
3728,114,1,17,2,1,977.5,977.5,2024-06-30,0,7,,0,2024-07-19
3729,114,10,17,2,1,977.5,977.5,2024-06-08,1,8,,1,2024-06-30
3730,114,1,17,2,1,977.5,977.5,2024-06-12,0,7,2024-07-01,0,2024-07-01
3731,114,6,17,2,1,977.5,977.5,2024-07-01,0,8,,0,2024-07-25
3732,114,10,17,2,1,977.5,977.5,2024-06-13,0,7,2024-06-28,0,2024-07-05
3733,114,1,17,2,1,977.5,977.5,2024-06-09,0,4,,1,2024-06-28
3734,114,8,17,2,4,977.5,3910.0,2024-06-06,0,8,2024-06-17,0,2024-06-22
3735,114,10,17,2,1,977.5,977.5,2024-06-16,1,2,2024-06-27,0,2024-07-08
3736,114,1,17,2,3,977.5,2932.5,2024-06-24,1,8,,0,2024-07-13
3737,114,1,17,2,1,977.5,977.5,2024-06-18,1,7,2024-07-01,0,2024-07-07
3738,114,6,17,2,1,977.5,977.5,2024-06-23,0,8,,0,2024-07-17
3739,114,10,17,2,1,977.5,977.5,2024-06-23,0,3,,0,2024-07-15
3740,114,10,17,2,1,977.5,977.5,2024-07-01,0,8,,0,2024-07-23
3741,114,8,17,2,1,977.5,977.5,2024-06-25,1,8,,0,2024-07-11
3742,114,8,17,2,1,977.5,977.5,2024-06-19,0,5,2024-06-28,0,2024-07-05
3743,114,8,17,2,2,977.5,1955.0,2024-06-11,0,8,,1,2024-06-27
3744,114,6,17,2,1,977.5,977.5,2024-06-10,0,1,2024-07-05,1,2024-07-04
3745,114,6,17,2,2,977.5,1955.0,2024-06-08,0,8,2024-06-25,0,2024-07-02
3746,114,8,17,2,2,977.5,1955.0,2024-06-17,1,6,,1,2024-07-03
3747,114,10,17,2,1,977.5,977.5,2024-06-15,0,1,2024-07-05,0,2024-07-07
3748,114,8,17,2,1,977.5,977.5,2024-06-28,0,4,,0,2024-07-14
3749,114,10,17,2,2,977.5,1955.0,2024-06-25,0,8,2024-07-05,0,2024-07-17
3750,114,8,17,2,1,977.5,977.5,2024-06-15,0,6,2024-06-28,0,2024-07-01
3751,114,8,17,2,1,977.5,977.5,2024-06-07,0,8,2024-06-19,0,2024-06-23
3752,114,1,17,2,1,977.5,977.5,2024-06-18,1,8,2024-07-01,0,2024-07-07
3753,114,6,17,2,1,977.5,977.5,2024-06-22,0,8,2024-06-29,0,2024-07-16
3754,114,8,17,2,1,977.5,977.5,2024-06-06,0,2,2024-06-22,0,2024-06-22
3755,114,1,17,2,1,977.5,977.5,2024-06-28,0,8,,0,2024-07-17
3756,114,8,17,2,1,977.5,977.5,2024-07-01,0,8,,0,2024-07-17
3757,114,1,17,2,1,977.5,977.5,2024-06-19,0,8,2024-07-03,0,2024-07-08
3758,114,10,17,2,1,977.5,977.5,2024-06-05,0,5,2024-06-15,0,2024-06-27
3759,114,1,17,2,2,977.5,1955.0,2024-06-18,0,8,2024-06-29,0,2024-07-07
3760,114,8,17,2,1,977.5,977.5,2024-06-24,0,3,,0,2024-07-10
3761,114,10,17,2,1,977.5,977.5,2024-06-23,1,7,,0,2024-07-15
3762,114,8,17,2,1,977.5,977.5,2024-06-21,0,1,2024-07-04,0,2024-07-07
3763,114,10,17,2,1,977.5,977.5,2024-07-04,0,7,,0,2024-07-26
3764,114,6,17,2,1,977.5,977.5,2024-06-12,0,8,2024-06-28,0,2024-07-06
3765,114,8,17,2,2,977.5,1955.0,2024-06-23,0,1,2024-07-01,0,2024-07-09
3766,114,6,17,2,3,977.5,2932.5,2024-06-11,1,7,,1,2024-07-05
3767,114,6,17,2,1,977.5,977.5,2024-06-23,0,8,2024-07-05,0,2024-07-17
3768,114,10,17,2,2,977.5,1955.0,2024-06-26,0,8,,0,2024-07-18
3769,114,10,17,2,1,977.5,977.5,2024-06-14,1,7,,0,2024-07-06
3770,114,10,17,2,1,977.5,977.5,2024-06-06,0,8,2024-07-01,1,2024-06-28
3771,114,8,17,2,1,977.5,977.5,2024-06-07,0,2,,1,2024-06-23
3772,114,8,17,2,1,977.5,977.5,2024-07-04,0,6,,0,2024-07-20
3773,114,6,17,2,1,977.5,977.5,2024-06-06,0,1,2024-06-26,0,2024-06-30
3774,114,8,17,2,1,977.5,977.5,2024-07-01,1,8,,0,2024-07-17
3775,115,6,17,3,1,977.5,977.5,2024-06-05,0,2,2024-06-22,0,2024-06-25
3776,115,10,17,3,1,977.5,977.5,2024-06-10,0,2,2024-06-23,0,2024-06-24
3777,115,6,17,3,2,977.5,1955.0,2024-06-14,1,3,,1,2024-07-04
3778,115,8,17,3,1,977.5,977.5,2024-06-14,0,2,2024-06-25,0,2024-07-02
3779,115,6,17,3,1,977.5,977.5,2024-06-08,1,7,2024-07-04,1,2024-06-28
3780,115,1,17,3,1,977.5,977.5,2024-06-09,0,4,2024-06-19,0,2024-06-30
3781,115,6,17,3,1,977.5,977.5,2024-07-04,0,2,,0,2024-07-24
3782,115,1,17,3,1,977.5,977.5,2024-06-13,0,1,2024-06-24,0,2024-07-04
3783,115,8,17,3,1,977.5,977.5,2024-06-12,0,7,,1,2024-06-30
3784,115,6,17,3,4,977.5,3910.0,2024-06-17,0,2,2024-06-24,0,2024-07-07
3785,115,6,17,3,2,977.5,1955.0,2024-06-07,1,2,2024-06-25,0,2024-06-27
3786,115,8,17,3,1,977.5,977.5,2024-06-27,0,2,,0,2024-07-15
3787,115,8,17,3,1,977.5,977.5,2024-06-14,0,7,2024-06-25,0,2024-07-02
3788,115,8,17,3,1,977.5,977.5,2024-06-17,0,3,2024-06-21,0,2024-07-05
3789,115,6,17,3,2,977.5,1955.0,2024-06-11,0,2,2024-06-27,0,2024-07-01
3790,115,6,17,3,2,977.5,1955.0,2024-06-10,1,3,2024-06-29,0,2024-06-30
3791,115,6,17,3,1,977.5,977.5,2024-06-26,0,6,2024-07-05,0,2024-07-16
3792,115,8,17,3,1,977.5,977.5,2024-06-26,0,7,,0,2024-07-14
3793,115,1,17,3,2,977.5,1955.0,2024-06-08,0,1,2024-06-29,0,2024-06-29
3794,115,1,17,3,1,977.5,977.5,2024-06-11,0,5,,1,2024-07-02
3795,115,10,17,3,1,977.5,977.5,2024-06-20,0,1,2024-07-02,0,2024-07-04
3796,115,1,17,3,1,977.5,977.5,2024-06-26,0,1,,0,2024-07-17
3797,115,6,17,3,1,977.5,977.5,2024-06-20,1,2,,0,2024-07-10
3798,115,10,17,3,1,977.5,977.5,2024-06-10,0,2,2024-06-19,0,2024-06-24
3799,115,6,17,3,1,977.5,977.5,2024-06-06,0,2,2024-06-26,0,2024-06-26
3800,115,8,17,3,1,977.5,977.5,2024-06-10,0,1,2024-06-24,0,2024-06-28
3801,115,6,17,3,1,977.5,977.5,2024-06-27,0,7,,0,2024-07-17
3802,115,1,17,3,2,977.5,1955.0,2024-06-26,0,2,,0,2024-07-17
3803,115,6,17,3,1,977.5,977.5,2024-06-11,0,7,2024-06-25,0,2024-07-01
3804,115,1,17,3,1,977.5,977.5,2024-07-03,0,6,,0,2024-07-24
3805,115,6,17,3,1,977.5,977.5,2024-06-22,0,3,,0,2024-07-12
3806,115,8,17,3,1,977.5,977.5,2024-06-07,0,1,2024-06-17,0,2024-06-25
3807,115,1,17,3,1,977.5,977.5,2024-06-07,0,2,2024-06-21,0,2024-06-28
3808,115,10,17,3,1,977.5,977.5,2024-06-26,0,1,,0,2024-07-10
3809,115,1,17,3,1,977.5,977.5,2024-06-07,0,7,2024-06-17,0,2024-06-28
3810,115,10,17,3,1,977.5,977.5,2024-06-29,1,8,,0,2024-07-13
3811,115,8,17,3,1,977.5,977.5,2024-06-23,0,7,,0,2024-07-11
3812,115,10,17,3,1,977.5,977.5,2024-06-07,0,2,2024-06-17,0,2024-06-21
3813,115,1,17,3,1,977.5,977.5,2024-06-20,1,6,,0,2024-07-11
3814,115,10,17,3,1,977.5,977.5,2024-06-08,0,4,2024-06-16,0,2024-06-22
3815,115,8,17,3,2,977.5,1955.0,2024-06-08,0,2,,1,2024-06-26
3816,115,10,17,3,1,977.5,977.5,2024-06-29,0,8,,0,2024-07-13
3817,115,6,17,3,1,977.5,977.5,2024-06-14,1,7,2024-07-01,0,2024-07-04
3818,115,8,17,3,1,977.5,977.5,2024-06-28,1,3,,0,2024-07-16
3819,115,1,17,3,1,977.5,977.5,2024-07-04,0,4,,0,2024-07-25
3820,115,6,17,3,1,977.5,977.5,2024-06-10,0,1,2024-06-25,0,2024-06-30
3821,115,8,17,3,1,977.5,977.5,2024-06-29,0,8,,0,2024-07-17
3822,115,6,17,3,1,977.5,977.5,2024-06-15,0,1,,1,2024-07-05
3823,115,8,17,3,1,977.5,977.5,2024-06-28,0,1,,0,2024-07-16
3824,115,8,17,3,1,977.5,977.5,2024-06-26,0,4,2024-07-03,0,2024-07-14
3825,115,8,17,3,1,977.5,977.5,2024-06-20,0,1,,0,2024-07-08
3826,115,1,17,3,1,977.5,977.5,2024-06-26,0,1,,0,2024-07-17
3827,115,6,17,3,1,977.5,977.5,2024-06-08,0,5,2024-06-22,0,2024-06-28
3828,115,6,17,3,1,977.5,977.5,2024-06-07,0,1,2024-06-27,0,2024-06-27
3829,115,8,17,3,1,977.5,977.5,2024-06-15,0,7,2024-06-24,0,2024-07-03
3830,115,10,17,3,1,977.5,977.5,2024-06-20,0,3,2024-07-05,1,2024-07-04
3831,115,10,17,3,1,977.5,977.5,2024-06-18,0,2,2024-06-26,0,2024-07-02
3832,115,8,17,3,1,977.5,977.5,2024-06-07,1,4,2024-06-24,0,2024-06-25
3833,115,1,17,3,1,977.5,977.5,2024-06-19,1,7,,0,2024-07-10
3834,115,8,17,3,1,977.5,977.5,2024-06-23,0,1,2024-07-04,0,2024-07-11
3835,115,10,17,3,1,977.5,977.5,2024-06-15,0,6,2024-06-26,0,2024-06-29
3836,115,1,17,3,1,977.5,977.5,2024-06-11,0,2,2024-06-29,0,2024-07-02
3837,115,8,17,3,1,977.5,977.5,2024-06-09,0,2,2024-07-01,1,2024-06-27
3838,115,1,17,3,1,977.5,977.5,2024-06-09,0,8,2024-06-30,0,2024-06-30
3839,115,6,17,3,1,977.5,977.5,2024-06-19,0,1,2024-07-04,0,2024-07-09
3840,115,1,17,3,1,977.5,977.5,2024-06-12,0,1,2024-06-17,0,2024-07-03
3841,115,6,17,3,1,977.5,977.5,2024-06-05,0,2,2024-06-22,0,2024-06-25
3842,115,10,17,3,1,977.5,977.5,2024-06-23,1,2,,0,2024-07-07
3843,115,1,17,3,1,977.5,977.5,2024-06-30,1,2,,0,2024-07-21
3844,115,6,17,3,1,977.5,977.5,2024-06-13,0,2,2024-06-28,0,2024-07-03
3845,115,1,17,3,1,977.5,977.5,2024-06-20,0,2,2024-06-30,0,2024-07-11
3846,115,1,17,3,1,977.5,977.5,2024-06-19,0,6,,0,2024-07-10
3847,115,8,17,3,1,977.5,977.5,2024-07-02,1,7,,0,2024-07-20
3848,115,10,17,3,1,977.5,977.5,2024-06-27,0,3,,0,2024-07-11
3849,116,6,17,4,3,977.5,2932.5,2024-06-27,1,3,,0,2024-07-17
3850,116,6,17,4,1,977.5,977.5,2024-06-28,0,1,,0,2024-07-18
3851,116,10,17,4,1,977.5,977.5,2024-06-11,1,1,,1,2024-06-27
3852,116,1,17,4,2,977.5,1955.0,2024-06-07,0,2,,1,2024-06-20
3853,116,8,17,4,1,977.5,977.5,2024-06-13,0,4,2024-06-25,1,2024-06-24
3854,116,1,17,4,1,977.5,977.5,2024-06-26,0,1,2024-07-03,0,2024-07-09
3855,116,10,17,4,1,977.5,977.5,2024-06-18,1,2,2024-06-29,0,2024-07-04
3856,116,1,17,4,2,977.5,1955.0,2024-06-21,0,1,2024-06-29,0,2024-07-04
3857,116,1,17,4,1,977.5,977.5,2024-06-05,0,2,2024-06-14,0,2024-06-18
3858,116,6,17,4,2,977.5,1955.0,2024-06-28,0,2,,0,2024-07-18
3859,116,8,17,4,1,977.5,977.5,2024-06-06,0,2,2024-06-14,0,2024-06-17
3860,116,6,17,4,1,977.5,977.5,2024-06-14,0,6,2024-07-05,1,2024-07-04
3861,116,1,17,4,1,977.5,977.5,2024-06-23,0,1,2024-07-04,0,2024-07-06
3862,116,1,17,4,1,977.5,977.5,2024-06-20,0,2,,1,2024-07-03
3863,116,8,17,4,1,977.5,977.5,2024-06-27,0,3,,0,2024-07-08
3864,116,1,17,4,2,977.5,1955.0,2024-06-13,0,2,2024-06-23,0,2024-06-26
3865,116,1,17,4,1,977.5,977.5,2024-06-05,0,7,,1,2024-06-18
3866,116,8,17,4,1,977.5,977.5,2024-06-25,0,3,,0,2024-07-06
3867,116,6,17,4,1,977.5,977.5,2024-06-26,0,2,,0,2024-07-16
3868,116,10,17,4,1,977.5,977.5,2024-06-24,0,2,2024-07-01,0,2024-07-10
3869,116,6,17,4,2,977.5,1955.0,2024-06-11,0,2,2024-06-23,0,2024-07-01
3870,116,6,17,4,1,977.5,977.5,2024-06-07,0,1,2024-06-21,0,2024-06-27
3871,116,6,17,4,1,977.5,977.5,2024-06-14,0,2,2024-06-24,0,2024-07-04
3872,116,8,17,4,1,977.5,977.5,2024-06-16,0,1,2024-06-26,0,2024-06-27
3873,116,8,17,4,1,977.5,977.5,2024-06-09,1,2,,1,2024-06-20
3874,116,10,17,4,1,977.5,977.5,2024-06-20,0,8,,0,2024-07-06
3875,116,6,17,4,2,977.5,1955.0,2024-06-29,0,8,,0,2024-07-19
3876,116,10,17,4,2,977.5,1955.0,2024-06-25,0,3,,0,2024-07-11
3877,116,6,17,4,1,977.5,977.5,2024-06-15,0,1,2024-06-26,0,2024-07-05
3878,116,6,17,4,1,977.5,977.5,2024-06-14,0,7,2024-07-02,0,2024-07-04
3879,116,6,17,4,2,977.5,1955.0,2024-06-06,0,2,2024-06-14,0,2024-06-26
3880,116,1,17,4,2,977.5,1955.0,2024-06-21,0,2,2024-07-02,0,2024-07-04
3881,116,8,17,4,1,977.5,977.5,2024-06-28,0,6,,0,2024-07-09
3882,116,8,17,4,1,977.5,977.5,2024-07-03,0,2,,0,2024-07-14
3883,116,8,17,4,1,977.5,977.5,2024-06-19,0,2,2024-06-24,0,2024-06-30
3884,116,10,17,4,1,977.5,977.5,2024-06-05,0,4,2024-06-20,0,2024-06-21
3885,116,10,17,4,1,977.5,977.5,2024-06-14,1,1,2024-06-25,0,2024-06-30
3886,116,6,17,4,1,977.5,977.5,2024-06-12,0,7,2024-06-22,0,2024-07-02
3887,116,8,17,4,1,977.5,977.5,2024-06-28,0,2,,0,2024-07-09
3888,116,8,17,4,1,977.5,977.5,2024-06-29,1,1,,0,2024-07-10
3889,116,1,17,4,2,977.5,1955.0,2024-07-02,0,8,,0,2024-07-15
3890,116,1,17,4,3,977.5,2932.5,2024-06-16,0,1,2024-06-29,0,2024-06-29
3891,116,8,17,4,1,977.5,977.5,2024-06-24,0,4,,1,2024-07-05
3892,116,10,17,4,1,977.5,977.5,2024-06-12,0,4,2024-06-23,0,2024-06-28
3893,116,1,17,4,1,977.5,977.5,2024-06-09,0,2,2024-06-21,0,2024-06-22
3894,116,10,17,4,3,977.5,2932.5,2024-06-25,1,2,,0,2024-07-11
3895,116,6,17,4,1,977.5,977.5,2024-06-06,0,7,2024-06-16,0,2024-06-26
3896,116,8,17,4,1,977.5,977.5,2024-06-15,0,4,,1,2024-06-26
3897,116,10,17,4,2,977.5,1955.0,2024-06-19,0,2,,1,2024-07-05
3898,116,10,17,4,1,977.5,977.5,2024-06-05,0,1,,1,2024-06-21
3899,116,6,17,4,1,977.5,977.5,2024-06-24,1,2,,0,2024-07-14
3900,116,1,17,4,1,977.5,977.5,2024-07-04,0,7,,0,2024-07-17
3901,116,6,17,4,2,977.5,1955.0,2024-06-15,0,4,2024-07-05,0,2024-07-05
3902,116,8,17,4,2,977.5,1955.0,2024-06-28,0,4,2024-07-04,0,2024-07-09
3903,116,10,17,4,1,977.5,977.5,2024-06-16,1,7,2024-07-04,1,2024-07-02
3904,116,6,17,4,1,977.5,977.5,2024-06-17,0,7,2024-06-22,0,2024-07-07
3905,116,10,17,4,1,977.5,977.5,2024-06-20,0,2,,0,2024-07-06
3906,116,8,17,4,2,977.5,1955.0,2024-07-02,0,2,,0,2024-07-13
3907,116,10,17,4,3,977.5,2932.5,2024-06-17,0,1,,1,2024-07-03
3908,116,10,17,4,3,977.5,2932.5,2024-06-20,0,8,2024-06-30,0,2024-07-06
3909,116,10,17,4,1,977.5,977.5,2024-06-20,0,2,2024-07-02,0,2024-07-06
3910,116,8,17,4,1,977.5,977.5,2024-06-12,0,2,2024-06-20,0,2024-06-23
3911,117,8,17,5,2,977.5,1955.0,2024-06-30,0,1,2024-07-05,0,2024-07-05
3912,117,8,17,5,1,977.5,977.5,2024-06-14,0,3,,1,2024-06-19
3913,118,10,17,6,1,977.5,977.5,2024-07-04,0,4,,0,2024-10-12
3914,118,1,17,6,6,977.5,5865.0,2024-06-10,0,7,2024-06-16,0,2024-06-27
3915,118,8,17,6,1,977.5,977.5,2024-06-08,1,2,2024-06-16,0,2024-06-16
3916,118,1,17,6,6,977.5,5865.0,2024-06-15,0,3,2024-06-29,0,2024-07-02
3917,118,1,17,6,12,977.5,11730.0,2024-06-10,0,8,2024-06-28,1,2024-06-27
3918,118,10,17,6,3,977.5,2932.5,2024-06-07,1,1,,0,2024-09-15
3919,118,1,17,6,4,977.5,3910.0,2024-06-10,0,2,2024-06-24,0,2024-06-27
3920,118,10,17,6,10,977.5,9775.0,2024-07-02,0,2,,0,2024-10-10
3921,118,1,17,6,9,977.5,8797.5,2024-06-30,0,7,2024-07-05,0,2024-07-17
3922,119,8,17,7,2,977.5,1955.0,2024-06-13,0,6,2024-06-21,0,2024-06-21
3923,119,1,17,7,3,977.5,2932.5,2024-06-05,0,2,2024-06-24,1,2024-06-23
3924,119,1,17,7,3,977.5,2932.5,2024-06-28,0,2,,0,2024-07-16
3925,119,8,17,7,24,977.5,23460.0,2024-06-07,0,1,2024-06-12,0,2024-06-15
3926,119,1,17,7,3,977.5,2932.5,2024-06-09,0,2,2024-06-14,0,2024-06-27
3927,119,6,17,7,1,977.5,977.5,2024-06-18,0,2,,0,2024-09-26
3928,119,10,17,7,1,977.5,977.5,2024-06-09,0,7,2024-06-23,0,2024-06-23
3929,119,8,17,7,23,977.5,22482.5,2024-06-26,1,2,,1,2024-07-04
3930,120,7,18,1,1,230.24,230.24,2024-07-02,0,6,,0,2024-07-21
3931,120,9,18,1,1,230.24,230.24,2024-06-10,0,2,2024-06-21,0,2024-06-26
3932,120,7,18,1,1,230.24,230.24,2024-06-09,1,6,2024-06-17,0,2024-06-28
3933,120,7,18,1,1,230.24,230.24,2024-06-18,0,2,2024-07-02,0,2024-07-07
3934,120,9,18,1,1,230.24,230.24,2024-06-12,0,7,2024-06-17,0,2024-06-28
3935,120,7,18,1,1,230.24,230.24,2024-06-17,0,7,2024-06-26,0,2024-07-06
3936,120,7,18,1,1,230.24,230.24,2024-07-03,0,2,,0,2024-07-22
3937,120,7,18,1,1,230.24,230.24,2024-06-07,0,8,2024-06-15,0,2024-06-26
3938,120,7,18,1,1,230.24,230.24,2024-06-07,0,3,2024-06-23,0,2024-06-26
3939,120,9,18,1,1,230.24,230.24,2024-06-17,0,1,2024-06-25,0,2024-07-03
3940,120,7,18,1,1,230.24,230.24,2024-06-12,0,2,2024-06-25,0,2024-07-01
3941,120,9,18,1,1,230.24,230.24,2024-06-08,0,2,2024-07-01,1,2024-06-24
3942,120,7,18,1,1,230.24,230.24,2024-06-19,1,6,2024-06-25,0,2024-07-08
3943,120,9,18,1,1,230.24,230.24,2024-06-21,1,2,,0,2024-07-07
3944,120,7,18,1,1,230.24,230.24,2024-06-11,0,2,,1,2024-06-30
3945,120,9,18,1,1,230.24,230.24,2024-07-03,0,8,,0,2024-07-19
3946,120,7,18,1,1,230.24,230.24,2024-06-07,0,8,2024-06-28,1,2024-06-26
3947,120,9,18,1,1,230.24,230.24,2024-06-14,0,4,2024-06-25,0,2024-06-30
3948,120,9,18,1,1,230.24,230.24,2024-06-14,0,2,2024-06-18,0,2024-06-30
3949,120,9,18,1,1,230.24,230.24,2024-06-08,0,2,2024-06-22,0,2024-06-24
3950,120,9,18,1,1,230.24,230.24,2024-06-08,0,1,2024-06-21,0,2024-06-24
3951,120,9,18,1,1,230.24,230.24,2024-06-19,1,8,,1,2024-07-05
3952,120,9,18,1,1,230.24,230.24,2024-06-16,0,2,2024-07-02,0,2024-07-02
3953,120,7,18,1,1,230.24,230.24,2024-07-04,0,7,,0,2024-07-23
3954,120,7,18,1,1,230.24,230.24,2024-06-18,0,2,2024-06-28,0,2024-07-07
3955,120,9,18,1,2,230.24,460.48,2024-06-08,1,2,2024-06-20,0,2024-06-24
3956,120,7,18,1,1,230.24,230.24,2024-06-15,0,1,2024-06-25,0,2024-07-04
3957,120,9,18,1,1,230.24,230.24,2024-06-11,0,2,2024-06-29,1,2024-06-27
3958,120,9,18,1,2,230.24,460.48,2024-06-17,0,1,2024-06-28,0,2024-07-03
3959,120,7,18,1,1,230.24,230.24,2024-06-15,0,2,,1,2024-07-04
3960,120,7,18,1,1,230.24,230.24,2024-07-03,0,1,,0,2024-07-22
3961,120,7,18,1,2,230.24,460.48,2024-06-12,0,2,2024-07-03,1,2024-07-01
3962,120,7,18,1,1,230.24,230.24,2024-06-07,0,2,2024-06-20,0,2024-06-26
3963,120,7,18,1,1,230.24,230.24,2024-06-30,0,2,,0,2024-07-19
3964,120,9,18,1,2,230.24,460.48,2024-07-02,0,4,,0,2024-07-18
3965,120,9,18,1,1,230.24,230.24,2024-06-23,0,3,2024-07-04,0,2024-07-09
3966,120,7,18,1,1,230.24,230.24,2024-06-27,0,3,,0,2024-07-16
3967,120,9,18,1,1,230.24,230.24,2024-06-27,1,2,,0,2024-07-13
3968,120,9,18,1,1,230.24,230.24,2024-06-12,0,7,2024-06-20,0,2024-06-28
3969,120,9,18,1,1,230.24,230.24,2024-06-17,0,2,2024-07-02,0,2024-07-03
3970,120,7,18,1,2,230.24,460.48,2024-07-02,0,7,,0,2024-07-21
3971,120,7,18,1,1,230.24,230.24,2024-06-12,0,4,2024-06-16,0,2024-07-01
3972,120,9,18,1,1,230.24,230.24,2024-06-07,0,2,2024-06-14,0,2024-06-23
3973,120,7,18,1,1,230.24,230.24,2024-06-24,0,3,,0,2024-07-13
3974,120,7,18,1,1,230.24,230.24,2024-07-04,0,2,,0,2024-07-23
3975,120,7,18,1,2,230.24,460.48,2024-06-11,0,2,2024-06-17,0,2024-06-30
3976,120,9,18,1,2,230.24,460.48,2024-06-14,0,2,,1,2024-06-30
3977,120,9,18,1,1,230.24,230.24,2024-06-12,0,7,,1,2024-06-28
3978,120,7,18,1,1,230.24,230.24,2024-06-05,0,2,2024-06-21,0,2024-06-24
3979,120,7,18,1,1,230.24,230.24,2024-07-01,0,1,,0,2024-07-20
3980,120,9,18,1,1,230.24,230.24,2024-06-16,0,2,2024-06-30,0,2024-07-02
3981,120,9,18,1,1,230.24,230.24,2024-06-09,0,1,2024-06-18,0,2024-06-25
3982,120,7,18,1,1,230.24,230.24,2024-06-14,1,1,,1,2024-07-03
3983,120,9,18,1,1,230.24,230.24,2024-06-26,0,2,,0,2024-07-12
3984,120,7,18,1,1,230.24,230.24,2024-07-01,0,5,,0,2024-07-20
3985,120,7,18,1,1,230.24,230.24,2024-06-20,0,1,,0,2024-07-09
3986,120,7,18,1,1,230.24,230.24,2024-06-21,0,7,,0,2024-07-10
3987,120,9,18,1,1,230.24,230.24,2024-06-28,0,2,,0,2024-07-14
3988,120,9,18,1,1,230.24,230.24,2024-06-10,0,7,2024-06-16,0,2024-06-26
3989,120,9,18,1,1,230.24,230.24,2024-06-18,1,1,,1,2024-07-04
3990,120,9,18,1,1,230.24,230.24,2024-06-22,0,2,2024-06-27,0,2024-07-08
3991,120,9,18,1,1,230.24,230.24,2024-06-30,1,1,,0,2024-07-16
3992,120,9,18,1,2,230.24,460.48,2024-07-03,0,2,,0,2024-07-19
3993,120,7,18,1,1,230.24,230.24,2024-06-10,0,2,2024-06-18,0,2024-06-29
3994,120,9,18,1,1,230.24,230.24,2024-06-23,0,8,2024-07-03,0,2024-07-09
3995,121,9,18,2,4,230.24,920.96,2024-06-18,0,8,2024-06-27,0,2024-07-05
3996,121,7,18,2,4,230.24,920.96,2024-06-19,1,2,2024-07-04,0,2024-07-04
3997,121,9,18,2,1,230.24,230.24,2024-06-09,0,1,2024-06-27,1,2024-06-26
3998,121,9,18,2,1,230.24,230.24,2024-06-10,1,2,2024-06-22,0,2024-06-27
3999,121,7,18,2,3,230.24,690.72,2024-06-16,1,2,2024-06-29,0,2024-07-01
4000,121,9,18,2,1,230.24,230.24,2024-06-10,1,6,2024-06-16,0,2024-06-27
4001,121,9,18,2,3,230.24,690.72,2024-06-30,0,2,,0,2024-07-17
4002,121,7,18,2,3,230.24,690.72,2024-06-09,1,8,,1,2024-06-24
4003,121,9,18,2,5,230.24,1151.2,2024-06-17,0,8,2024-06-28,0,2024-07-04
4004,121,9,18,2,4,230.24,920.96,2024-06-17,0,2,2024-06-30,0,2024-07-04
4005,121,9,18,2,3,230.24,690.72,2024-07-03,0,1,,0,2024-07-20
4006,121,9,18,2,1,230.24,230.24,2024-07-02,0,7,,0,2024-07-19
4007,121,9,18,2,4,230.24,920.96,2024-06-12,0,8,2024-06-28,0,2024-06-29
4008,122,9,18,3,4,230.24,920.96,2024-06-28,0,2,,0,2024-07-12
4009,122,7,18,3,6,230.24,1381.44,2024-06-10,0,1,,1,2024-06-27
4010,122,9,18,3,1,230.24,230.24,2024-06-18,0,4,2024-06-26,0,2024-07-02
4011,122,7,18,3,8,230.24,1841.92,2024-06-05,0,3,2024-06-16,0,2024-06-22
4012,122,9,18,3,2,230.24,460.48,2024-06-25,0,3,2024-06-28,0,2024-07-09
4013,122,7,18,3,1,230.24,230.24,2024-06-06,0,2,2024-06-19,0,2024-06-23
4014,122,7,18,3,6,230.24,1381.44,2024-07-03,0,2,,0,2024-07-20
4015,122,9,18,3,3,230.24,690.72,2024-07-02,0,7,,0,2024-07-16
4016,122,7,18,3,5,230.24,1151.2,2024-06-12,0,6,2024-06-21,0,2024-06-29
4017,122,9,18,3,1,230.24,230.24,2024-06-05,0,2,2024-06-17,0,2024-06-19
4018,122,9,18,3,5,230.24,1151.2,2024-06-25,0,8,,0,2024-07-09
4019,122,7,18,3,3,230.24,690.72,2024-06-23,0,1,,0,2024-07-10
4020,122,9,18,3,1,230.24,230.24,2024-06-22,0,2,2024-07-03,0,2024-07-06
4021,122,9,18,3,5,230.24,1151.2,2024-06-17,0,8,2024-06-21,0,2024-07-01
4022,122,9,18,3,3,230.24,690.72,2024-06-10,0,1,2024-06-18,0,2024-06-24
4023,122,9,18,3,1,230.24,230.24,2024-06-26,0,2,,0,2024-07-10
4024,122,7,18,3,2,230.24,460.48,2024-06-25,0,7,,0,2024-07-12
4025,122,9,18,3,2,230.24,460.48,2024-06-24,0,2,2024-07-01,0,2024-07-08
4026,122,9,18,3,4,230.24,920.96,2024-06-27,0,1,2024-07-03,0,2024-07-11
4027,122,9,18,3,1,230.24,230.24,2024-06-28,0,1,,0,2024-07-12
4028,122,7,18,3,12,230.24,2762.88,2024-06-30,0,4,,0,2024-07-17
4029,122,9,18,3,2,230.24,460.48,2024-06-18,0,1,2024-06-23,0,2024-07-02
4030,122,9,18,3,8,230.24,1841.92,2024-06-12,0,2,2024-06-24,0,2024-06-26
4031,122,9,18,3,3,230.24,690.72,2024-06-14,0,2,,1,2024-06-28
4032,122,7,18,3,2,230.24,460.48,2024-06-26,1,8,,0,2024-07-13
4033,122,9,18,3,3,230.24,690.72,2024-06-08,1,2,2024-06-20,0,2024-06-22
4034,122,9,18,3,2,230.24,460.48,2024-07-04,0,2,,0,2024-07-18
4035,122,7,18,3,2,230.24,460.48,2024-06-18,0,6,,1,2024-07-05
4036,122,7,18,3,2,230.24,460.48,2024-06-14,1,1,,1,2024-07-01
4037,122,9,18,3,12,230.24,2762.88,2024-06-30,0,3,,0,2024-07-14
4038,122,9,18,3,1,230.24,230.24,2024-06-14,0,6,2024-06-19,0,2024-06-28
4039,122,9,18,3,4,230.24,920.96,2024-07-01,0,6,,0,2024-07-15
4040,122,7,18,3,1,230.24,230.24,2024-06-12,0,3,2024-07-01,1,2024-06-29
4041,122,9,18,3,1,230.24,230.24,2024-06-23,0,2,,0,2024-07-07
4042,122,7,18,3,1,230.24,230.24,2024-06-08,1,1,2024-06-12,0,2024-06-25
4043,122,9,18,3,2,230.24,460.48,2024-06-11,0,2,2024-06-25,0,2024-06-25
4044,122,9,18,3,1,230.24,230.24,2024-06-10,0,1,2024-06-30,1,2024-06-24
4045,122,7,18,3,9,230.24,2072.16,2024-07-03,1,2,,0,2024-07-20
4046,122,9,18,3,2,230.24,460.48,2024-06-16,0,2,2024-06-29,0,2024-06-30
4047,122,9,18,3,4,230.24,920.96,2024-06-15,0,8,2024-06-28,0,2024-06-29
4048,122,9,18,3,7,230.24,1611.68,2024-07-04,1,5,,0,2024-07-18
4049,122,9,18,3,1,230.24,230.24,2024-06-28,1,3,2024-07-05,0,2024-07-12
4050,122,7,18,3,1,230.24,230.24,2024-06-12,1,2,,1,2024-06-29
4051,123,9,18,4,1,230.24,230.24,2024-06-06,0,1,2024-06-21,0,2024-06-21
4052,123,7,18,4,1,230.24,230.24,2024-06-09,0,4,2024-07-01,1,2024-06-28
4053,123,7,18,4,1,230.24,230.24,2024-06-16,0,2,2024-06-30,0,2024-07-05
4054,123,9,18,4,1,230.24,230.24,2024-06-29,0,8,,0,2024-07-14
4055,123,9,18,4,1,230.24,230.24,2024-06-26,0,1,,0,2024-07-11
4056,123,9,18,4,1,230.24,230.24,2024-06-29,0,6,,0,2024-07-14
4057,123,7,18,4,1,230.24,230.24,2024-06-26,0,2,,0,2024-07-15
4058,123,7,18,4,1,230.24,230.24,2024-06-29,0,4,,0,2024-07-18
4059,123,9,18,4,1,230.24,230.24,2024-06-14,0,2,2024-06-29,0,2024-06-29
4060,123,7,18,4,1,230.24,230.24,2024-06-26,0,2,,0,2024-07-15
4061,123,7,18,4,1,230.24,230.24,2024-06-20,0,3,2024-06-27,0,2024-07-09
4062,123,7,18,4,1,230.24,230.24,2024-06-22,0,2,2024-07-04,0,2024-07-11
4063,123,7,18,4,1,230.24,230.24,2024-06-12,0,4,2024-06-24,0,2024-07-01
4064,123,9,18,4,1,230.24,230.24,2024-06-06,0,3,2024-06-14,0,2024-06-21
4065,123,9,18,4,1,230.24,230.24,2024-06-29,0,4,,0,2024-07-14
4066,123,9,18,4,1,230.24,230.24,2024-06-10,0,6,,1,2024-06-25
4067,124,7,18,5,8,230.24,1841.92,2024-07-03,0,3,,0,2024-07-21
4068,124,9,18,5,3,230.24,690.72,2024-06-28,0,2,,0,2024-07-22
4069,124,9,18,5,2,230.24,460.48,2024-06-25,0,4,,0,2024-07-19
4070,124,7,18,5,4,230.24,920.96,2024-06-16,0,8,2024-06-29,0,2024-07-04
4071,124,9,18,5,7,230.24,1611.68,2024-06-05,0,8,2024-06-30,1,2024-06-29
4072,124,7,18,5,26,230.24,5986.24,2024-06-11,0,2,2024-06-24,0,2024-06-29
4073,124,7,18,5,2,230.24,460.48,2024-06-16,1,7,2024-07-05,1,2024-07-04
4074,124,7,18,5,3,230.24,690.72,2024-06-06,0,6,2024-06-15,0,2024-06-24
4075,124,9,18,5,3,230.24,690.72,2024-06-10,0,1,,1,2024-07-04
4076,124,9,18,5,2,230.24,460.48,2024-07-04,1,6,,0,2024-07-28
4077,124,9,18,5,2,230.24,460.48,2024-06-15,0,2,2024-06-30,0,2024-07-09
4078,124,7,18,5,9,230.24,2072.16,2024-07-04,1,2,,0,2024-07-22
4079,125,9,18,6,11,230.24,2532.64,2024-06-29,0,2,,0,2024-07-15
4080,125,7,18,6,10,230.24,2302.4,2024-06-11,0,1,2024-06-30,1,2024-06-29
4081,125,9,18,6,2,230.24,460.48,2024-06-29,1,4,,0,2024-07-15
4082,125,7,18,6,24,230.24,5525.76,2024-06-25,0,2,2024-07-02,0,2024-07-13
4083,125,7,18,6,15,230.24,3453.6,2024-06-26,0,1,,0,2024-07-14
4084,125,9,18,6,12,230.24,2762.88,2024-06-10,0,2,2024-06-26,0,2024-06-26
4085,125,9,18,6,2,230.24,460.48,2024-07-02,0,2,,0,2024-07-18
4086,126,7,18,7,3,230.24,690.72,2024-06-13,0,2,2024-06-20,0,2024-07-01
4087,126,9,18,7,1,230.24,230.24,2024-06-09,0,2,2024-07-02,1,2024-06-25
4088,126,7,18,7,1,230.24,230.24,2024-06-18,0,2,,0,2024-07-06
4089,126,9,18,7,2,230.24,460.48,2024-06-21,0,1,,0,2024-07-07
4090,126,9,18,7,1,230.24,230.24,2024-06-21,0,1,,0,2024-07-07
4091,126,7,18,7,2,230.24,460.48,2024-06-27,0,2,,0,2024-07-15
4092,126,9,18,7,4,230.24,920.96,2024-07-04,0,7,,0,2024-07-20
4093,126,9,18,7,2,230.24,460.48,2024-06-21,0,2,,0,2024-07-07
4094,126,7,18,7,2,230.24,460.48,2024-06-05,0,1,,1,2024-06-23
4095,126,9,18,7,1,230.24,230.24,2024-06-28,0,2,,0,2024-07-14
4096,126,7,18,7,2,230.24,460.48,2024-06-17,0,2,2024-07-03,0,2024-07-05
4097,126,9,18,7,2,230.24,460.48,2024-06-28,0,2,,0,2024-07-14
4098,126,7,18,7,2,230.24,460.48,2024-06-08,0,1,,1,2024-06-26
4099,126,7,18,7,1,230.24,230.24,2024-06-19,0,8,2024-07-01,0,2024-07-07
4100,126,7,18,7,4,230.24,920.96,2024-06-30,0,4,,0,2024-07-18
4101,126,7,18,7,1,230.24,230.24,2024-06-29,1,2,,0,2024-07-17
4102,126,7,18,7,2,230.24,460.48,2024-06-10,1,2,,1,2024-06-28
4103,126,9,18,7,3,230.24,690.72,2024-06-18,0,4,2024-06-30,0,2024-07-04
4104,126,7,18,7,1,230.24,230.24,2024-06-13,0,2,2024-07-02,1,2024-07-01
4105,126,9,18,7,2,230.24,460.48,2024-06-14,0,2,,1,2024-06-30
4106,126,9,18,7,1,230.24,230.24,2024-06-17,0,2,2024-06-26,0,2024-07-03
4107,126,9,18,7,1,230.24,230.24,2024-06-12,0,2,2024-06-23,0,2024-06-28
4108,126,9,18,7,1,230.24,230.24,2024-06-13,0,2,2024-06-23,0,2024-06-29
4109,126,9,18,7,1,230.24,230.24,2024-06-23,0,7,,0,2024-07-09
4110,126,9,18,7,3,230.24,690.72,2024-06-26,0,1,,0,2024-07-12
4111,126,7,18,7,6,230.24,1381.44,2024-06-27,0,7,,0,2024-07-15
4112,126,9,18,7,1,230.24,230.24,2024-06-12,0,2,2024-06-21,0,2024-06-28
4113,126,7,18,7,4,230.24,920.96,2024-06-07,1,2,,1,2024-06-25
4114,126,7,18,7,1,230.24,230.24,2024-06-18,0,1,2024-07-02,0,2024-07-06
4115,126,9,18,7,1,230.24,230.24,2024-06-25,0,8,,0,2024-07-11
4116,126,7,18,7,1,230.24,230.24,2024-06-25,0,2,2024-07-04,0,2024-07-13
4117,126,9,18,7,2,230.24,460.48,2024-07-03,1,1,,0,2024-07-19
4118,126,9,18,7,1,230.24,230.24,2024-06-08,0,7,2024-06-22,0,2024-06-24
4119,126,9,18,7,1,230.24,230.24,2024-06-20,1,4,,0,2024-07-06
4120,126,7,18,7,1,230.24,230.24,2024-06-20,0,2,2024-06-27,0,2024-07-08
4121,126,9,18,7,2,230.24,460.48,2024-06-11,0,8,2024-06-25,0,2024-06-27
4122,126,9,18,7,1,230.24,230.24,2024-06-12,0,4,2024-06-24,0,2024-06-28
4123,127,9,19,1,1,840.67,840.67,2024-06-14,0,2,2024-06-26,0,2024-07-02
4124,127,5,19,1,1,840.67,840.67,2024-06-18,1,2,,1,2024-06-28
4125,127,9,19,1,2,840.67,1681.34,2024-06-12,1,8,2024-06-30,0,2024-06-30
4126,127,10,19,1,1,840.67,840.67,2024-06-06,0,2,2024-06-10,0,2024-06-13
4127,127,9,19,1,1,840.67,840.67,2024-06-25,0,2,,0,2024-07-13
4128,127,9,19,1,1,840.67,840.67,2024-06-19,0,2,2024-06-28,0,2024-07-07
4129,127,10,19,1,1,840.67,840.67,2024-07-03,0,1,,0,2024-07-10
4130,127,9,19,1,1,840.67,840.67,2024-07-04,0,2,,0,2024-07-22
4131,127,9,19,1,1,840.67,840.67,2024-06-21,0,2,,0,2024-07-09
4132,127,9,19,1,1,840.67,840.67,2024-06-09,0,3,2024-06-26,0,2024-06-27
4133,127,5,19,1,1,840.67,840.67,2024-06-29,0,1,,0,2024-07-09
4134,127,5,19,1,1,840.67,840.67,2024-06-16,1,5,,1,2024-06-26
4135,127,9,19,1,1,840.67,840.67,2024-06-20,0,8,,0,2024-07-08
4136,127,9,19,1,1,840.67,840.67,2024-06-26,0,6,,0,2024-07-14
4137,127,5,19,1,1,840.67,840.67,2024-06-26,0,7,,0,2024-07-06
4138,127,9,19,1,1,840.67,840.67,2024-06-12,0,2,2024-06-23,0,2024-06-30
4139,127,10,19,1,1,840.67,840.67,2024-06-18,0,1,2024-06-25,0,2024-06-25
4140,127,5,19,1,1,840.67,840.67,2024-07-04,0,6,,0,2024-07-14
4141,127,9,19,1,1,840.67,840.67,2024-06-25,1,7,,0,2024-07-13
4142,127,5,19,1,1,840.67,840.67,2024-06-06,0,8,2024-06-16,0,2024-06-16
4143,127,9,19,1,1,840.67,840.67,2024-06-20,0,2,,0,2024-07-08
4144,127,9,19,1,1,840.67,840.67,2024-06-21,0,2,2024-07-05,0,2024-07-09
4145,127,9,19,1,1,840.67,840.67,2024-06-23,0,8,,0,2024-07-11
4146,127,5,19,1,1,840.67,840.67,2024-06-26,1,2,,0,2024-07-06
4147,127,5,19,1,1,840.67,840.67,2024-07-01,1,2,,0,2024-07-11
4148,127,10,19,1,1,840.67,840.67,2024-06-29,0,2,,0,2024-07-06
4149,127,9,19,1,1,840.67,840.67,2024-07-03,0,2,,0,2024-07-21
4150,127,10,19,1,1,840.67,840.67,2024-06-08,1,3,,1,2024-06-15
4151,127,5,19,1,1,840.67,840.67,2024-06-22,0,2,2024-06-28,0,2024-07-02
4152,127,10,19,1,1,840.67,840.67,2024-06-09,0,2,,1,2024-06-16
4153,127,9,19,1,1,840.67,840.67,2024-07-01,1,2,,0,2024-07-19
4154,127,9,19,1,1,840.67,840.67,2024-06-19,0,2,2024-06-29,0,2024-07-07
4155,127,9,19,1,1,840.67,840.67,2024-06-21,0,8,,0,2024-07-09
4156,127,9,19,1,1,840.67,840.67,2024-06-11,0,3,2024-06-21,0,2024-06-29
4157,127,5,19,1,1,840.67,840.67,2024-06-09,0,2,2024-06-13,0,2024-06-19
4158,127,5,19,1,1,840.67,840.67,2024-06-21,0,1,,1,2024-07-01
4159,127,9,19,1,1,840.67,840.67,2024-06-11,0,6,2024-06-25,0,2024-06-29
4160,128,10,19,2,1,840.67,840.67,2024-06-18,0,7,2024-06-26,0,2024-07-11
4161,128,10,19,2,2,840.67,1681.34,2024-06-16,0,8,,0,2024-07-09
4162,128,10,19,2,1,840.67,840.67,2024-06-10,1,8,,1,2024-07-03
4163,128,5,19,2,1,840.67,840.67,2024-07-01,0,6,,0,2024-07-19
4164,128,5,19,2,1,840.67,840.67,2024-06-15,0,8,2024-07-02,0,2024-07-03
4165,128,5,19,2,1,840.67,840.67,2024-06-22,0,1,,0,2024-07-10
4166,128,9,19,2,3,840.67,2522.01,2024-06-27,0,4,2024-07-04,0,2024-07-13
4167,128,9,19,2,1,840.67,840.67,2024-06-14,0,1,2024-06-20,0,2024-06-30
4168,128,9,19,2,1,840.67,840.67,2024-06-10,0,1,2024-06-28,1,2024-06-26
4169,128,9,19,2,1,840.67,840.67,2024-06-17,0,7,2024-07-01,0,2024-07-03
4170,128,9,19,2,1,840.67,840.67,2024-06-21,1,8,,0,2024-07-07
4171,128,10,19,2,1,840.67,840.67,2024-06-09,0,8,2024-06-26,0,2024-07-02
4172,128,5,19,2,5,840.67,4203.35,2024-06-09,0,7,2024-06-27,0,2024-06-27
4173,128,9,19,2,6,840.67,5044.02,2024-06-05,0,8,2024-06-18,0,2024-06-21
4174,128,9,19,2,3,840.67,2522.01,2024-07-04,0,7,,0,2024-07-20
4175,128,9,19,2,1,840.67,840.67,2024-06-26,0,8,,0,2024-07-12
4176,128,5,19,2,1,840.67,840.67,2024-06-23,0,8,2024-07-02,0,2024-07-11
4177,128,9,19,2,1,840.67,840.67,2024-06-11,0,7,2024-06-19,0,2024-06-27
4178,128,5,19,2,1,840.67,840.67,2024-06-28,0,2,,0,2024-07-16
4179,128,10,19,2,2,840.67,1681.34,2024-06-13,1,8,2024-06-22,0,2024-07-06
4180,128,10,19,2,2,840.67,1681.34,2024-06-30,0,8,,0,2024-07-23
4181,128,10,19,2,5,840.67,4203.35,2024-06-28,0,8,,0,2024-07-21
4182,128,10,19,2,2,840.67,1681.34,2024-06-16,1,7,2024-07-04,0,2024-07-09
4183,128,9,19,2,2,840.67,1681.34,2024-06-26,1,5,,0,2024-07-12
4184,128,10,19,2,2,840.67,1681.34,2024-06-23,0,2,2024-06-28,0,2024-07-16
4185,128,10,19,2,2,840.67,1681.34,2024-06-05,1,8,2024-07-04,1,2024-06-28
4186,128,9,19,2,1,840.67,840.67,2024-06-28,1,8,,0,2024-07-14
4187,128,5,19,2,5,840.67,4203.35,2024-06-05,0,8,,1,2024-06-23
4188,128,5,19,2,1,840.67,840.67,2024-06-13,0,8,2024-06-22,0,2024-07-01
4189,128,5,19,2,1,840.67,840.67,2024-06-26,1,4,,0,2024-07-14
4190,128,9,19,2,3,840.67,2522.01,2024-06-28,0,4,2024-07-04,0,2024-07-14
4191,128,10,19,2,1,840.67,840.67,2024-06-30,0,8,,0,2024-07-23
4192,128,10,19,2,1,840.67,840.67,2024-06-17,0,2,2024-06-27,0,2024-07-10
4193,128,5,19,2,6,840.67,5044.02,2024-06-28,0,6,,0,2024-07-16
4194,128,5,19,2,4,840.67,3362.68,2024-06-30,1,7,,0,2024-07-18
4195,128,5,19,2,3,840.67,2522.01,2024-07-01,0,2,,0,2024-07-19
4196,128,9,19,2,1,840.67,840.67,2024-06-21,1,3,,0,2024-07-07
4197,128,9,19,2,1,840.67,840.67,2024-07-03,1,8,,0,2024-07-19
4198,129,9,19,3,1,840.67,840.67,2024-06-19,0,7,2024-06-24,0,2024-06-24
4199,129,9,19,3,2,840.67,1681.34,2024-06-11,1,6,,1,2024-06-16
4200,129,10,19,3,1,840.67,840.67,2024-06-26,0,2,,0,2024-10-04
4201,129,10,19,3,1,840.67,840.67,2024-06-28,0,8,,0,2024-10-06
4202,129,9,19,3,3,840.67,2522.01,2024-06-27,0,7,,1,2024-07-02
4203,129,5,19,3,1,840.67,840.67,2024-06-25,0,5,,0,2024-10-03
4204,129,5,19,3,1,840.67,840.67,2024-06-06,1,2,,0,2024-09-14
4205,129,9,19,3,1,840.67,840.67,2024-06-27,0,3,,1,2024-07-02
4206,130,10,19,4,1,840.67,840.67,2024-06-14,0,2,2024-07-03,0,2024-07-03
4207,130,10,19,4,2,840.67,1681.34,2024-06-25,0,1,,0,2024-07-14
4208,130,5,19,4,2,840.67,1681.34,2024-06-18,0,4,2024-07-03,0,2024-07-03
4209,131,10,19,5,2,840.67,1681.34,2024-06-29,0,2,,0,2024-07-11
4210,131,5,19,5,1,840.67,840.67,2024-06-14,0,2,2024-06-23,0,2024-06-23
4211,131,10,19,5,2,840.67,1681.34,2024-06-25,1,1,,0,2024-07-07
4212,131,10,19,5,1,840.67,840.67,2024-07-03,0,2,,0,2024-07-15
4213,131,9,19,5,3,840.67,2522.01,2024-06-28,0,1,,0,2024-07-14
4214,131,10,19,5,1,840.67,840.67,2024-06-20,0,2,,1,2024-07-02
4215,131,10,19,5,5,840.67,4203.35,2024-06-25,0,2,2024-07-02,0,2024-07-07
4216,131,10,19,5,1,840.67,840.67,2024-06-07,0,3,2024-06-21,1,2024-06-19
4217,131,5,19,5,2,840.67,1681.34,2024-06-23,1,3,,1,2024-07-02
4218,131,9,19,5,2,840.67,1681.34,2024-06-21,1,1,,0,2024-07-07
4219,131,10,19,5,12,840.67,10088.04,2024-06-18,1,2,,1,2024-06-30
4220,131,9,19,5,3,840.67,2522.01,2024-06-10,0,2,2024-06-22,0,2024-06-26
4221,131,9,19,5,1,840.67,840.67,2024-06-20,1,2,,0,2024-07-06
4222,131,10,19,5,3,840.67,2522.01,2024-06-16,0,2,2024-06-25,0,2024-06-28
4223,131,9,19,5,1,840.67,840.67,2024-07-01,0,1,,0,2024-07-17
4224,131,9,19,5,4,840.67,3362.68,2024-06-06,1,6,,1,2024-06-22
4225,131,9,19,5,2,840.67,1681.34,2024-07-02,0,7,,0,2024-07-18
4226,131,10,19,5,1,840.67,840.67,2024-06-14,0,6,2024-06-23,0,2024-06-26
4227,131,9,19,5,3,840.67,2522.01,2024-06-21,0,2,2024-06-30,0,2024-07-07
4228,131,10,19,5,1,840.67,840.67,2024-06-27,0,2,2024-07-03,0,2024-07-09
4229,131,10,19,5,1,840.67,840.67,2024-06-30,0,2,,0,2024-07-12
4230,131,9,19,5,1,840.67,840.67,2024-06-06,0,2,2024-06-23,1,2024-06-22
4231,131,10,19,5,2,840.67,1681.34,2024-06-21,1,4,,1,2024-07-03
4232,131,9,19,5,4,840.67,3362.68,2024-06-15,0,6,2024-06-19,0,2024-07-01
4233,132,9,19,6,1,840.67,840.67,2024-06-21,1,7,,1,2024-06-26
4234,132,5,19,6,1,840.67,840.67,2024-06-06,1,6,2024-07-02,0,2024-07-02
4235,132,5,19,6,1,840.67,840.67,2024-06-22,0,3,,0,2024-07-18
4236,132,9,19,6,4,840.67,3362.68,2024-06-19,0,7,,1,2024-06-24
4237,132,9,19,6,1,840.67,840.67,2024-06-05,0,1,2024-06-10,0,2024-06-10
4238,132,10,19,6,1,840.67,840.67,2024-06-23,0,7,,0,2024-10-01
4239,133,5,19,7,1,840.67,840.67,2024-06-10,0,2,2024-06-17,0,2024-06-17
4240,133,9,19,7,5,840.67,4203.35,2024-06-13,0,1,,1,2024-06-22
4241,133,5,19,7,1,840.67,840.67,2024-06-11,0,4,,1,2024-06-18
4242,133,10,19,7,10,840.67,8406.7,2024-07-03,0,3,,0,2024-10-11
4243,133,9,19,7,5,840.67,4203.35,2024-06-28,0,2,,0,2024-07-07
4244,133,5,19,7,5,840.67,4203.35,2024-06-27,0,2,2024-07-03,0,2024-07-04
4245,133,10,19,7,2,840.67,1681.34,2024-07-03,0,2,,0,2024-10-11
4246,133,9,19,7,3,840.67,2522.01,2024-06-12,0,1,2024-06-21,0,2024-06-21
