OrderStatusID,OrderID,StatusCode,StatusDate,is_current,is_open
1,1,P,2024-07-04,1,True
5,2,P,2024-06-18,0,True
6,2,BZ,2024-06-21,0,True
7,2,BV,2024-06-30,1,True
9,3,P,2024-06-15,0,True
10,3,AS,2024-06-17,0,True
11,3,D,2024-06-19,1,False
12,4,P,2024-06-15,0,True
13,4,AS,2024-06-18,0,True
14,4,D,2024-06-22,1,False
15,5,P,2024-06-22,0,True
16,5,BA,2024-06-27,0,True
17,5,AS,2024-06-29,1,True
19,6,P,2024-07-02,0,True
20,6,AS,2024-07-04,1,True
22,7,P,2024-06-17,0,True
23,7,AS,2024-06-23,1,True
25,8,P,2024-06-15,0,True
26,8,AS,2024-06-19,0,True
27,8,D,2024-06-26,1,False
28,9,P,2024-06-22,0,True
29,9,AS,2024-06-25,1,True
31,10,P,2024-06-14,0,True
32,10,BB,2024-06-17,0,True
33,10,AS,2024-07-05,1,True
35,11,P,2024-06-17,0,True
36,11,AS,2024-06-20,0,True
37,11,D,2024-06-27,1,False
38,12,P,2024-06-30,0,True
39,12,AS,2024-07-05,1,True
41,13,P,2024-06-20,0,True
42,13,BB,2024-06-22,0,True
43,13,BA,2024-06-24,0,True
44,13,AS,2024-06-28,1,True
46,14,P,2024-07-03,1,True
50,15,P,2024-06-21,0,True
51,15,BR,2024-06-26,1,False
52,16,P,2024-06-07,0,True
53,16,AS,2024-06-12,0,True
54,16,D,2024-06-16,1,False
55,17,P,2024-06-19,0,True
56,17,BA,2024-06-22,0,True
57,17,AS,2024-06-23,1,True
59,18,P,2024-06-08,0,True
60,18,AS,2024-06-10,0,True
61,18,D,2024-06-17,1,False
62,19,P,2024-07-04,1,True
65,20,P,2024-06-30,0,True
66,20,BA,2024-07-01,0,True
67,20,AS,2024-07-03,1,True
69,21,P,2024-06-24,0,True
70,21,BA,2024-06-26,0,True
71,21,AS,2024-06-29,1,True
73,22,P,2024-06-22,0,True
74,22,AS,2024-06-25,0,True
75,22,D,2024-07-05,1,False
76,23,P,2024-06-22,0,True
77,23,AS,2024-06-25,0,True
78,23,D,2024-06-30,1,False
79,24,P,2024-06-08,0,True
80,24,BA,2024-06-11,0,True
81,24,AS,2024-06-13,0,True
82,24,D,2024-06-22,1,False
83,25,P,2024-06-11,0,True
84,25,AS,2024-06-14,0,True
85,25,D,2024-06-17,1,False
86,26,P,2024-06-22,0,True
87,26,AS,2024-06-24,0,True
88,26,D,2024-07-04,1,False
89,27,P,2024-06-24,0,True
90,27,AS,2024-06-28,0,True
91,27,D,2024-07-03,1,False
92,28,P,2024-06-17,0,True
93,28,AS,2024-06-20,0,True
94,28,D,2024-07-01,1,False
95,29,P,2024-06-08,0,True
96,29,AS,2024-06-12,0,True
97,29,D,2024-06-21,1,False
98,30,P,2024-07-01,1,True
101,31,P,2024-06-05,0,True
102,31,BA,2024-06-08,0,True
103,31,AS,2024-06-11,0,True
104,31,D,2024-06-25,1,False
105,32,P,2024-06-17,0,True
106,32,AS,2024-06-19,0,True
107,32,D,2024-07-01,1,False
108,33,P,2024-07-02,1,True
111,34,P,2024-07-04,1,True
115,35,P,2024-06-29,0,True
116,35,AS,2024-07-01,1,True
118,36,P,2024-06-25,0,True
119,36,AS,2024-06-27,0,True
120,36,D,2024-07-05,1,False
121,37,P,2024-06-19,0,True
122,37,AS,2024-06-21,0,True
123,37,D,2024-06-26,1,False
124,38,P,2024-07-01,0,True
125,38,BB,2024-07-05,1,True
128,39,P,2024-06-15,0,True
129,39,AS,2024-06-20,0,True
130,39,D,2024-07-05,1,False
131,40,P,2024-06-25,0,True
132,40,AS,2024-06-27,0,True
133,40,D,2024-07-04,1,False
134,41,P,2024-06-21,0,True
135,41,AS,2024-06-23,1,True
137,42,P,2024-06-27,0,True
138,42,BA,2024-07-02,0,True
139,42,AS,2024-07-05,1,True
141,43,P,2024-06-28,0,True
142,43,AS,2024-07-02,1,True
144,44,P,2024-06-07,0,True
145,44,AS,2024-06-13,0,True
146,44,D,2024-06-26,1,False
147,45,P,2024-07-01,0,True
148,45,BB,2024-07-04,1,True
151,46,P,2024-06-28,0,True
152,46,BA,2024-06-29,0,True
153,46,AS,2024-07-01,1,True
155,47,P,2024-06-20,0,True
156,47,BA,2024-06-22,0,True
157,47,AS,2024-06-23,0,True
158,47,D,2024-06-24,1,False
159,48,P,2024-07-04,1,True
163,49,P,2024-07-01,0,True
164,49,BA,2024-07-03,0,True
165,49,AS,2024-07-05,1,True
167,50,P,2024-06-30,0,True
168,50,BR,2024-07-03,1,False
169,51,P,2024-06-17,0,True
170,51,AS,2024-06-19,0,True
171,51,D,2024-06-21,1,False
172,52,P,2024-07-04,1,True
176,53,P,2024-06-19,0,True
177,53,BB,2024-06-24,1,True
181,54,P,2024-06-17,0,True
182,54,AS,2024-06-22,0,True
183,54,D,2024-07-02,1,False
184,55,P,2024-06-26,0,True
185,55,AS,2024-07-01,1,True
187,56,P,2024-06-23,0,True
188,56,BB,2024-06-27,1,True
192,57,P,2024-06-17,0,True
193,57,BA,2024-06-24,0,True
194,57,AS,2024-06-27,0,True
195,57,D,2024-07-05,1,False
196,58,P,2024-06-05,0,True
197,58,BA,2024-06-10,0,True
198,58,AS,2024-06-12,0,True
199,58,D,2024-06-18,1,False
200,59,P,2024-06-29,0,True
201,59,AS,2024-07-04,1,True
203,60,P,2024-06-21,0,True
204,60,AS,2024-06-23,0,True
205,60,D,2024-06-28,1,False
206,61,P,2024-06-17,0,True
207,61,BA,2024-06-21,0,True
208,61,AS,2024-06-22,1,True
210,62,P,2024-06-24,0,True
211,62,AS,2024-06-28,0,True
212,62,D,2024-06-29,1,False
213,63,P,2024-06-28,0,True
214,63,BA,2024-06-30,0,True
215,63,AS,2024-07-04,1,True
217,64,P,2024-07-03,1,True
220,65,P,2024-07-01,0,True
221,65,BB,2024-07-03,1,True
224,66,P,2024-06-16,0,True
225,66,BA,2024-06-20,0,True
226,66,AS,2024-06-23,0,True
227,66,D,2024-07-01,1,False
228,67,P,2024-07-04,1,True
231,68,P,2024-06-18,0,True
232,68,AS,2024-06-21,0,True
233,68,D,2024-06-25,1,False
234,69,P,2024-06-22,0,True
235,69,AS,2024-06-24,0,True
236,69,D,2024-06-30,1,False
237,70,P,2024-06-25,0,True
238,70,AS,2024-06-30,1,True
240,71,P,2024-06-15,0,True
241,71,AS,2024-06-18,0,True
242,71,D,2024-06-21,1,False
243,72,P,2024-07-02,0,True
244,72,BB,2024-07-04,1,True
247,73,P,2024-07-04,1,True
250,74,P,2024-06-20,0,True
251,74,BR,2024-06-22,1,False
252,75,P,2024-06-21,0,True
253,75,BB,2024-06-24,1,True
255,76,P,2024-06-22,0,True
256,76,BB,2024-06-25,1,True
260,77,P,2024-06-24,0,True
261,77,BB,2024-06-28,1,True
264,78,P,2024-06-17,0,True
265,78,BZ,2024-06-22,1,True
269,79,P,2024-06-19,0,True
270,79,AS,2024-06-25,1,True
272,80,P,2024-06-10,0,True
273,80,AS,2024-06-14,0,True
274,80,D,2024-06-21,1,False
275,81,P,2024-06-29,0,True
276,81,AS,2024-07-03,1,True
278,82,P,2024-06-14,0,True
279,82,AS,2024-06-18,0,True
280,82,D,2024-06-24,1,False
281,83,P,2024-07-03,0,True
282,83,AS,2024-07-04,1,True
284,84,P,2024-07-01,0,True
285,84,AS,2024-07-04,1,True
287,85,P,2024-06-10,0,True
288,85,BR,2024-06-14,1,False
289,86,P,2024-06-10,0,True
290,86,AS,2024-06-13,0,True
291,86,D,2024-06-19,1,False
292,87,P,2024-06-15,0,True
293,87,AS,2024-06-19,0,True
294,87,D,2024-06-26,1,False
295,88,P,2024-06-06,0,True
296,88,AS,2024-06-08,0,True
297,88,D,2024-06-15,1,False
298,89,P,2024-06-07,0,True
299,89,AS,2024-06-10,0,True
300,89,D,2024-06-17,1,False
301,90,P,2024-07-03,1,True
305,91,P,2024-06-20,0,True
306,91,BR,2024-06-26,1,False
307,92,P,2024-06-21,0,True
308,92,AS,2024-06-25,0,True
309,92,D,2024-07-01,1,False
310,93,P,2024-06-24,0,True
311,93,AS,2024-06-28,1,True
313,94,P,2024-06-21,0,True
314,94,AS,2024-06-25,1,True
316,95,P,2024-06-19,0,True
317,95,AS,2024-06-22,0,True
318,95,D,2024-07-02,1,False
319,96,P,2024-06-22,0,True
320,96,BA,2024-06-25,0,True
321,96,AS,2024-06-28,1,True
323,97,P,2024-06-17,0,True
324,97,BB,2024-06-23,0,True
325,97,BA,2024-07-04,1,True
328,98,P,2024-06-25,0,True
329,98,BB,2024-06-27,1,True
332,99,P,2024-06-16,0,True
333,99,BA,2024-06-19,0,True
334,99,AS,2024-06-21,0,True
335,99,D,2024-06-27,1,False
336,100,P,2024-06-06,0,True
337,100,AS,2024-06-11,0,True
338,100,D,2024-06-21,1,False
339,101,P,2024-06-24,0,True
340,101,BV,2024-06-27,0,True
341,101,D,2024-07-04,1,False
342,102,P,2024-06-27,0,True
343,102,AS,2024-07-01,1,True
345,103,P,2024-07-04,1,True
348,104,P,2024-06-27,0,True
349,104,BA,2024-06-29,0,True
350,104,AS,2024-07-02,1,True
352,105,P,2024-06-15,0,True
353,105,AS,2024-06-20,0,True
354,105,D,2024-06-24,1,False
355,106,P,2024-07-01,1,True
358,107,P,2024-06-24,0,True
359,107,AS,2024-06-29,0,True
360,107,D,2024-07-03,1,False
361,108,P,2024-06-09,0,True
362,108,BA,2024-06-10,0,True
363,108,AS,2024-06-11,0,True
364,108,D,2024-06-19,1,False
365,109,P,2024-06-05,0,True
366,109,BZ,2024-06-10,0,True
367,109,BV,2024-06-24,0,True
368,109,BR,2024-07-04,1,False
369,110,P,2024-06-22,0,True
370,110,AS,2024-06-27,0,True
371,110,D,2024-07-01,1,False
372,111,P,2024-06-13,0,True
373,111,BA,2024-06-14,0,True
374,111,AS,2024-06-17,0,True
375,111,D,2024-07-01,1,False
376,112,P,2024-06-29,0,True
377,112,BB,2024-07-04,1,True
380,113,P,2024-06-17,0,True
381,113,BA,2024-06-21,0,True
382,113,AS,2024-06-23,0,True
383,113,D,2024-06-25,1,False
384,114,P,2024-06-06,0,True
385,114,BA,2024-06-07,0,True
386,114,D,2024-06-09,1,False
387,115,P,2024-06-16,0,True
388,115,AS,2024-06-19,0,True
389,115,D,2024-06-23,1,False
390,116,P,2024-07-01,0,True
391,116,AS,2024-07-03,1,True
393,117,P,2024-06-05,0,True
394,117,BA,2024-06-08,0,True
395,117,BR,2024-06-10,1,False
396,118,P,2024-06-28,0,True
397,118,AS,2024-07-01,1,True
399,119,P,2024-06-17,0,True
400,119,AS,2024-06-21,0,True
401,119,D,2024-06-28,1,False
402,120,P,2024-07-04,1,True
405,121,P,2024-06-13,0,True
406,121,AS,2024-06-18,0,True
407,121,D,2024-06-26,1,False
408,122,P,2024-06-23,0,True
409,122,AS,2024-06-27,0,True
410,122,D,2024-07-02,1,False
411,123,P,2024-06-08,0,True
412,123,BA,2024-06-09,0,True
413,123,AS,2024-06-13,0,True
414,123,D,2024-06-27,1,False
415,124,P,2024-07-01,0,True
416,124,AS,2024-07-04,1,True
418,125,P,2024-06-18,0,True
419,125,BA,2024-06-22,0,True
420,125,AS,2024-06-25,0,True
421,125,D,2024-07-05,1,False
422,126,P,2024-06-06,0,True
423,126,AS,2024-06-11,0,True
424,126,D,2024-06-15,1,False
425,127,P,2024-06-25,0,True
426,127,AS,2024-06-26,1,True
428,128,P,2024-07-03,1,True
431,129,P,2024-07-01,0,True
432,129,AS,2024-07-05,1,True
434,130,P,2024-06-28,0,True
435,130,BA,2024-07-04,1,True
438,131,P,2024-07-03,1,True
442,132,P,2024-06-05,0,True
443,132,BA,2024-06-07,0,True
444,132,D,2024-06-10,1,False
445,133,P,2024-06-29,0,True
446,133,BR,2024-07-03,1,False
447,134,P,2024-06-06,0,True
448,134,BA,2024-06-11,0,True
449,134,AS,2024-06-13,0,True
450,134,D,2024-06-21,1,False
451,135,P,2024-06-28,0,True
452,135,AS,2024-07-01,1,True
454,136,P,2024-06-09,0,True
455,136,AS,2024-06-11,0,True
456,136,D,2024-06-13,1,False
457,137,P,2024-06-13,0,True
458,137,BA,2024-06-16,0,True
459,137,AS,2024-06-18,0,True
460,137,D,2024-06-28,1,False
461,138,P,2024-07-04,1,True
466,139,P,2024-06-23,0,True
467,139,AS,2024-06-26,0,True
468,139,D,2024-07-02,1,False
469,140,P,2024-06-25,0,True
470,140,BR,2024-06-28,1,False
471,141,P,2024-06-06,0,True
472,141,AS,2024-06-11,0,True
473,141,D,2024-06-13,1,False
474,142,P,2024-06-05,0,True
475,142,AS,2024-06-11,0,True
476,142,D,2024-06-16,1,False
477,143,P,2024-06-14,0,True
478,143,AS,2024-06-15,0,True
479,143,D,2024-06-17,1,False
480,144,P,2024-06-19,0,True
481,144,AS,2024-06-23,0,True
482,144,D,2024-06-30,1,False
483,145,P,2024-06-06,0,True
484,145,AS,2024-06-08,0,True
485,145,D,2024-06-13,1,False
486,146,P,2024-06-07,0,True
487,146,AS,2024-06-12,0,True
488,146,D,2024-06-21,1,False
489,147,P,2024-06-29,0,True
490,147,BA,2024-07-01,0,True
491,147,AS,2024-07-03,1,True
493,148,P,2024-07-01,0,True
494,148,AS,2024-07-03,1,True
496,149,P,2024-06-21,0,True
497,149,AS,2024-06-23,0,True
498,149,D,2024-06-30,1,False
499,150,P,2024-06-29,0,True
500,150,AS,2024-07-03,1,True
502,151,P,2024-06-13,0,True
503,151,BR,2024-06-18,1,False
504,152,P,2024-06-29,0,True
505,152,BA,2024-07-03,0,True
506,152,AS,2024-07-04,0,True
507,152,D,2024-07-05,1,False
508,153,P,2024-06-06,0,True
509,153,AS,2024-06-10,0,True
510,153,D,2024-06-18,1,False
511,154,P,2024-07-01,0,True
512,154,AS,2024-07-05,1,True
514,155,P,2024-06-24,0,True
515,155,BB,2024-06-28,1,True
520,156,P,2024-06-14,0,True
521,156,AS,2024-06-18,0,True
522,156,D,2024-06-23,1,False
523,157,P,2024-06-10,0,True
524,157,AS,2024-06-13,0,True
525,157,D,2024-06-18,1,False
526,158,P,2024-06-23,0,True
527,158,AS,2024-06-25,0,True
528,158,D,2024-06-28,1,False
529,159,P,2024-06-18,0,True
530,159,AS,2024-06-22,0,True
531,159,D,2024-07-01,1,False
532,160,P,2024-06-28,0,True
533,160,BR,2024-07-01,1,False
534,161,P,2024-07-01,0,True
535,161,BA,2024-07-05,1,True
538,162,P,2024-06-22,0,True
539,162,AS,2024-06-27,0,True
540,162,D,2024-07-01,1,False
541,163,P,2024-06-27,0,True
542,163,AS,2024-07-03,1,True
544,164,P,2024-06-26,0,True
545,164,BR,2024-06-30,1,False
546,165,P,2024-07-04,1,True
549,166,P,2024-06-24,0,True
550,166,BZ,2024-06-26,1,True
554,167,P,2024-06-25,0,True
555,167,BA,2024-06-30,0,True
556,167,D,2024-07-04,1,False
557,168,P,2024-06-09,0,True
558,168,BB,2024-06-13,0,True
559,168,BZ,2024-06-21,0,True
560,168,AS,2024-06-23,0,True
561,168,D,2024-06-30,1,False
562,169,P,2024-06-22,0,True
563,169,AS,2024-06-25,1,True
565,170,P,2024-06-14,0,True
566,170,AS,2024-06-16,0,True
567,170,D,2024-06-25,1,False
568,171,P,2024-06-12,0,True
569,171,AS,2024-06-18,0,True
570,171,D,2024-06-26,1,False
571,172,P,2024-06-17,0,True
572,172,AS,2024-06-21,0,True
573,172,BR,2024-07-01,1,False
574,173,P,2024-06-17,0,True
575,173,BV,2024-06-20,0,True
576,173,AS,2024-06-29,0,True
577,173,BR,2024-06-30,1,False
578,174,P,2024-06-14,0,True
579,174,AS,2024-06-17,0,True
580,174,D,2024-06-23,1,False
581,175,P,2024-06-18,0,True
582,175,AS,2024-06-19,0,True
583,175,BR,2024-07-04,1,False
584,176,P,2024-06-06,0,True
585,176,BB,2024-06-09,0,True
586,176,AS,2024-06-23,0,True
587,176,D,2024-06-30,1,False
588,177,P,2024-07-02,1,True
591,178,P,2024-06-18,0,True
592,178,BA,2024-06-21,0,True
593,178,AS,2024-06-22,0,True
594,178,D,2024-07-03,1,False
595,179,P,2024-06-05,0,True
596,179,BB,2024-06-07,0,True
597,179,BA,2024-06-16,0,True
598,179,AS,2024-06-19,0,True
599,179,D,2024-07-02,1,False
600,180,P,2024-06-10,0,True
601,180,AS,2024-06-14,0,True
602,180,D,2024-06-18,1,False
603,181,P,2024-06-29,0,True
604,181,BA,2024-07-02,0,True
605,181,AS,2024-07-04,1,True
607,182,P,2024-06-15,0,True
608,182,AS,2024-06-20,0,True
609,182,D,2024-06-29,1,False
610,183,P,2024-07-01,0,True
611,183,AS,2024-07-04,1,True
613,184,P,2024-06-13,0,True
614,184,AS,2024-06-18,0,True
615,184,D,2024-06-20,1,False
616,185,P,2024-06-20,0,True
617,185,AS,2024-06-25,1,True
619,186,P,2024-06-18,0,True
620,186,AS,2024-06-21,0,True
621,186,D,2024-07-05,1,False
622,187,P,2024-06-18,0,True
623,187,BV,2024-06-19,1,True
626,188,P,2024-06-12,0,True
627,188,AS,2024-06-15,0,True
628,188,D,2024-06-22,1,False
629,189,P,2024-06-22,0,True
630,189,AS,2024-06-27,0,True
631,189,D,2024-06-29,1,False
632,190,P,2024-06-09,0,True
633,190,AS,2024-06-14,0,True
634,190,D,2024-06-24,1,False
635,191,P,2024-07-01,0,True
636,191,BA,2024-07-05,1,True
638,192,P,2024-06-08,0,True
639,192,AS,2024-06-13,0,True
640,192,D,2024-06-29,1,False
641,193,P,2024-06-17,0,True
642,193,BV,2024-06-18,0,True
643,193,AS,2024-06-25,0,True
644,193,D,2024-06-27,1,False
645,194,P,2024-06-07,0,True
646,194,AS,2024-06-10,0,True
647,194,D,2024-06-19,1,False
648,195,P,2024-07-04,1,True
652,196,P,2024-06-17,0,True
653,196,AS,2024-06-21,0,True
654,196,D,2024-06-23,1,False
655,197,P,2024-06-21,0,True
656,197,AS,2024-06-23,1,True
658,198,P,2024-06-28,0,True
659,198,BB,2024-07-03,1,True
663,199,P,2024-06-06,0,True
664,199,BV,2024-06-09,0,True
665,199,AS,2024-06-19,0,True
666,199,D,2024-06-29,1,False
667,200,P,2024-06-22,0,True
668,200,BV,2024-06-27,1,True
670,201,P,2024-06-22,0,True
671,201,AS,2024-06-24,1,True
673,202,P,2024-06-26,0,True
674,202,BA,2024-06-28,0,True
675,202,AS,2024-07-02,1,True
677,203,P,2024-06-13,0,True
678,203,BD,2024-06-18,0,True
679,203,BV,2024-06-26,1,True
681,204,P,2024-07-01,0,True
682,204,BA,2024-07-04,1,True
685,205,P,2024-06-26,0,True
686,205,BR,2024-06-28,1,False
687,206,P,2024-06-30,0,True
688,206,AS,2024-07-05,1,True
690,207,P,2024-06-29,0,True
691,207,AS,2024-07-01,1,True
693,208,P,2024-06-14,0,True
694,208,BV,2024-06-15,0,True
695,208,BR,2024-06-19,1,False
696,209,P,2024-06-16,0,True
697,209,AS,2024-06-19,0,True
698,209,D,2024-06-24,1,False
699,210,P,2024-06-10,0,True
700,210,BR,2024-06-14,1,False
701,211,P,2024-06-05,0,True
702,211,AS,2024-06-07,0,True
703,211,D,2024-06-18,1,False
704,212,P,2024-06-11,0,True
705,212,AS,2024-06-13,0,True
706,212,D,2024-06-23,1,False
707,213,P,2024-06-17,0,True
708,213,BV,2024-06-20,0,True
709,213,D,2024-06-24,1,False
710,214,P,2024-06-14,0,True
711,214,AS,2024-06-20,0,True
712,214,D,2024-06-27,1,False
713,215,P,2024-06-08,0,True
714,215,AS,2024-06-10,0,True
715,215,D,2024-06-18,1,False
716,216,P,2024-06-21,0,True
717,216,BA,2024-06-27,0,True
718,216,AS,2024-06-30,0,True
719,216,BR,2024-07-02,1,False
720,217,P,2024-06-12,0,True
721,217,BA,2024-06-15,0,True
722,217,AS,2024-06-17,0,True
723,217,D,2024-06-24,1,False
724,218,P,2024-06-15,0,True
725,218,AS,2024-06-18,0,True
726,218,D,2024-06-23,1,False
727,219,P,2024-06-20,0,True
728,219,BR,2024-06-23,1,False
729,220,P,2024-06-13,0,True
730,220,AS,2024-06-18,0,True
731,220,D,2024-07-03,1,False
732,221,P,2024-06-13,0,True
733,221,AS,2024-06-18,0,True
734,221,D,2024-06-26,1,False
735,222,P,2024-06-28,0,True
736,222,AS,2024-07-04,0,True
737,222,D,2024-07-05,1,False
738,223,P,2024-06-25,0,True
739,223,AS,2024-06-27,0,True
740,223,D,2024-07-01,1,False
741,224,P,2024-06-20,0,True
742,224,AS,2024-06-23,0,True
743,224,D,2024-07-04,1,False
744,225,P,2024-06-30,0,True
745,225,AS,2024-07-03,1,True
747,226,P,2024-06-10,0,True
748,226,BZ,2024-06-15,0,True
749,226,BV,2024-07-04,1,True
752,227,P,2024-06-29,0,True
753,227,AS,2024-07-03,1,True
755,228,P,2024-06-28,0,True
756,228,AS,2024-06-30,1,True
758,229,P,2024-06-14,0,True
759,229,AS,2024-06-19,0,True
760,229,D,2024-07-01,1,False
761,230,P,2024-06-14,0,True
762,230,BR,2024-06-19,1,False
763,231,P,2024-06-06,0,True
764,231,BA,2024-06-10,0,True
765,231,AS,2024-06-13,0,True
766,231,D,2024-06-14,1,False
767,232,P,2024-06-26,0,True
768,232,AS,2024-06-29,1,True
770,233,P,2024-06-22,0,True
771,233,AS,2024-06-26,1,True
773,234,P,2024-07-03,1,True
777,235,P,2024-06-18,0,True
778,235,AS,2024-06-22,0,True
779,235,D,2024-07-03,1,False
780,236,P,2024-06-28,0,True
781,236,BR,2024-07-03,1,False
782,237,P,2024-06-15,0,True
783,237,AS,2024-06-19,0,True
784,237,D,2024-06-30,1,False
785,238,P,2024-06-18,0,True
786,238,AS,2024-06-21,0,True
787,238,D,2024-06-22,1,False
788,239,P,2024-07-02,0,True
789,239,AS,2024-07-05,1,True
791,240,P,2024-07-03,1,True
795,241,P,2024-06-20,0,True
796,241,AS,2024-06-24,0,True
797,241,D,2024-07-02,1,False
798,242,P,2024-06-10,0,True
799,242,BA,2024-06-15,0,True
800,242,AS,2024-06-19,0,True
801,242,D,2024-06-30,1,False
802,243,P,2024-06-22,0,True
803,243,AS,2024-06-27,1,True
805,244,P,2024-07-01,0,True
806,244,BA,2024-07-05,1,True
809,245,P,2024-06-05,0,True
810,245,AS,2024-06-11,0,True
811,245,D,2024-06-13,1,False
812,246,P,2024-06-09,0,True
813,246,BZ,2024-06-13,0,True
814,246,AS,2024-06-21,0,True
815,246,D,2024-06-27,1,False
816,247,P,2024-06-17,0,True
817,247,BA,2024-06-19,0,True
818,247,AS,2024-06-22,1,True
820,248,P,2024-06-23,0,True
821,248,AS,2024-06-28,0,True
822,248,D,2024-06-29,1,False
823,249,P,2024-06-18,0,True
824,249,AS,2024-06-20,0,True
825,249,D,2024-07-03,1,False
826,250,P,2024-07-01,1,True
829,251,P,2024-06-09,0,True
830,251,AS,2024-06-10,0,True
831,251,D,2024-06-21,1,False
832,252,P,2024-06-10,0,True
833,252,AS,2024-06-14,0,True
834,252,D,2024-06-30,1,False
835,253,P,2024-06-25,0,True
836,253,AS,2024-06-26,1,True
838,254,P,2024-07-02,1,True
841,255,P,2024-06-08,0,True
842,255,BA,2024-06-09,0,True
843,255,AS,2024-06-10,0,True
844,255,D,2024-06-19,1,False
845,256,P,2024-06-08,0,True
846,256,BB,2024-06-12,0,True
847,256,AS,2024-06-24,0,True
848,256,D,2024-07-02,1,False
849,257,P,2024-06-28,0,True
850,257,AS,2024-07-01,1,True
852,258,P,2024-06-27,0,True
853,258,BR,2024-06-29,1,False
854,259,P,2024-06-11,0,True
855,259,BA,2024-06-16,0,True
856,259,AS,2024-06-20,0,True
857,259,D,2024-06-28,1,False
858,260,P,2024-06-23,0,True
859,260,AS,2024-06-27,1,True
861,261,P,2024-06-17,0,True
862,261,BV,2024-06-19,0,True
863,261,AS,2024-06-29,1,True
865,262,P,2024-06-09,0,True
866,262,AS,2024-06-13,0,True
867,262,D,2024-06-19,1,False
868,263,P,2024-06-30,1,True
871,264,P,2024-06-23,0,True
872,264,AS,2024-06-26,1,True
874,265,P,2024-06-10,0,True
875,265,BV,2024-06-14,0,True
876,265,D,2024-06-29,1,False
877,266,P,2024-07-03,1,True
880,267,P,2024-07-04,1,True
883,268,P,2024-06-15,0,True
884,268,BA,2024-06-20,0,True
885,268,AS,2024-06-22,0,True
886,268,D,2024-07-01,1,False
887,269,P,2024-06-10,0,True
888,269,AS,2024-06-14,0,True
889,269,D,2024-06-26,1,False
890,270,P,2024-06-16,0,True
891,270,BB,2024-06-17,0,True
892,270,AS,2024-07-01,1,True
894,271,P,2024-07-03,1,True
898,272,P,2024-06-23,0,True
899,272,BV,2024-06-28,0,True
900,272,BR,2024-07-02,1,False
901,273,P,2024-06-15,0,True
902,273,AS,2024-06-18,0,True
903,273,D,2024-06-27,1,False
904,274,P,2024-07-02,0,True
905,274,AS,2024-07-04,1,True
907,275,P,2024-06-13,0,True
908,275,BB,2024-06-17,0,True
909,275,BA,2024-06-21,0,True
910,275,AS,2024-06-24,0,True
911,275,BR,2024-07-04,1,False
912,276,P,2024-06-24,0,True
913,276,AS,2024-07-01,1,True
915,277,P,2024-06-28,0,True
916,277,BA,2024-06-30,0,True
917,277,AS,2024-07-01,1,True
919,278,P,2024-06-17,0,True
920,278,BV,2024-06-21,0,True
921,278,D,2024-07-05,1,False
922,279,P,2024-06-07,0,True
923,279,BA,2024-06-12,0,True
924,279,D,2024-06-15,1,False
925,280,P,2024-06-05,0,True
926,280,AS,2024-06-08,0,True
927,280,D,2024-06-14,1,False
928,281,P,2024-06-30,0,True
929,281,AS,2024-07-05,1,True
931,282,P,2024-06-08,0,True
932,282,AS,2024-06-12,0,True
933,282,D,2024-06-19,1,False
934,283,P,2024-06-27,0,True
935,283,BA,2024-07-01,0,True
936,283,D,2024-07-04,1,False
937,284,P,2024-06-05,0,True
938,284,BA,2024-06-07,0,True
939,284,AS,2024-06-09,0,True
940,284,D,2024-06-20,1,False
941,285,P,2024-06-09,0,True
942,285,AS,2024-06-11,0,True
943,285,D,2024-06-19,1,False
944,286,P,2024-06-18,0,True
945,286,AS,2024-06-20,0,True
946,286,D,2024-07-03,1,False
947,287,P,2024-06-13,0,True
948,287,AS,2024-06-19,0,True
949,287,D,2024-06-29,1,False
950,288,P,2024-06-16,0,True
951,288,BB,2024-06-19,0,True
952,288,BR,2024-06-30,1,False
953,289,P,2024-06-06,0,True
954,289,BA,2024-06-08,0,True
955,289,AS,2024-06-09,0,True
956,289,D,2024-06-20,1,False
957,290,P,2024-06-27,0,True
958,290,AS,2024-06-30,0,True
959,290,D,2024-07-05,1,False
960,291,P,2024-06-07,0,True
961,291,BA,2024-06-11,0,True
962,291,AS,2024-06-14,0,True
963,291,D,2024-06-26,1,False
964,292,P,2024-06-29,0,True
965,292,BB,2024-07-02,1,True
968,293,P,2024-06-11,0,True
969,293,BA,2024-06-13,0,True
970,293,D,2024-06-16,1,False
971,294,P,2024-06-16,0,True
972,294,AS,2024-06-19,0,True
973,294,D,2024-06-24,1,False
974,295,P,2024-06-13,0,True
975,295,AS,2024-06-19,0,True
976,295,D,2024-06-24,1,False
977,296,P,2024-06-09,0,True
978,296,AS,2024-06-13,0,True
979,296,D,2024-06-23,1,False
980,297,P,2024-06-30,0,True
981,297,AS,2024-07-03,1,True
983,298,P,2024-06-11,0,True
984,298,AS,2024-06-13,0,True
985,298,D,2024-06-24,1,False
986,299,P,2024-06-20,0,True
987,299,BB,2024-06-23,0,True
988,299,AS,2024-07-01,1,True
990,300,P,2024-06-26,0,True
991,300,BA,2024-06-30,0,True
992,300,AS,2024-07-02,0,True
993,300,BR,2024-07-05,1,False
994,301,P,2024-06-06,0,True
995,301,AS,2024-06-08,0,True
996,301,D,2024-06-10,1,False
997,302,P,2024-06-12,0,True
998,302,AS,2024-06-15,0,True
999,302,D,2024-06-25,1,False
1000,303,P,2024-06-20,0,True
1001,303,AS,2024-06-26,1,True
1003,304,P,2024-06-27,0,True
1004,304,BR,2024-07-01,1,False
1005,305,P,2024-06-11,0,True
1006,305,AS,2024-06-13,0,True
1007,305,D,2024-06-21,1,False
1008,306,P,2024-07-01,0,True
1009,306,AS,2024-07-02,1,True
1011,307,P,2024-06-18,0,True
1012,307,AS,2024-06-22,0,True
1013,307,D,2024-07-03,1,False
1014,308,P,2024-06-27,0,True
1015,308,AS,2024-06-28,0,True
1016,308,D,2024-07-02,1,False
1017,309,P,2024-06-15,0,True
1018,309,AS,2024-06-19,0,True
1019,309,D,2024-06-30,1,False
1020,310,P,2024-06-20,0,True
1021,310,BV,2024-06-22,0,True
1022,310,AS,2024-06-29,0,True
1023,310,D,2024-07-03,1,False
1024,311,P,2024-06-28,0,True
1025,311,AS,2024-07-02,1,True
1027,312,P,2024-06-09,0,True
1028,312,BA,2024-06-14,0,True
1029,312,AS,2024-06-15,0,True
1030,312,D,2024-06-21,1,False
1031,313,P,2024-06-24,0,True
1032,313,AS,2024-06-27,0,True
1033,313,D,2024-07-02,1,False
1034,314,P,2024-06-21,0,True
1035,314,AS,2024-06-23,0,True
1036,314,D,2024-07-01,1,False
1037,315,P,2024-06-30,0,True
1038,315,BA,2024-07-01,0,True
1039,315,AS,2024-07-02,1,True
1041,316,P,2024-06-28,0,True
1042,316,BA,2024-07-01,0,True
1043,316,AS,2024-07-03,1,True
1045,317,P,2024-06-27,0,True
1046,317,AS,2024-06-30,1,True
1048,318,P,2024-06-24,0,True
1049,318,BV,2024-06-28,1,True
1051,319,P,2024-06-30,0,True
1052,319,AS,2024-07-03,1,True
1054,320,P,2024-06-13,0,True
1055,320,AS,2024-06-18,0,True
1056,320,D,2024-06-26,1,False
1057,321,P,2024-06-24,0,True
1058,321,BB,2024-06-27,1,True
1060,322,P,2024-06-23,0,True
1061,322,BV,2024-06-26,1,True
1063,323,P,2024-06-28,0,True
1064,323,AS,2024-07-03,1,True
1066,324,P,2024-06-06,0,True
1067,324,AS,2024-06-11,0,True
1068,324,D,2024-06-17,1,False
1069,325,P,2024-06-14,0,True
1070,325,AS,2024-06-18,0,True
1071,325,D,2024-06-25,1,False
1072,326,P,2024-06-26,0,True
1073,326,BB,2024-07-01,1,True
1075,327,P,2024-06-20,0,True
1076,327,AS,2024-06-25,0,True
1077,327,D,2024-07-01,1,False
1078,328,P,2024-06-09,0,True
1079,328,AS,2024-06-13,0,True
1080,328,D,2024-06-23,1,False
1081,329,P,2024-07-02,0,True
1082,329,BA,2024-07-04,0,True
1083,329,D,2024-07-05,1,False
1084,330,P,2024-06-16,0,True
1085,330,BA,2024-06-23,0,True
1086,330,AS,2024-06-26,1,True
1088,331,P,2024-06-13,0,True
1089,331,AS,2024-06-18,0,True
1090,331,D,2024-06-28,1,False
1091,332,P,2024-06-30,0,True
1092,332,BA,2024-07-04,1,True
1095,333,P,2024-06-07,0,True
1096,333,BR,2024-06-11,1,False
1097,334,P,2024-07-04,1,True
1099,335,P,2024-07-04,0,True
1100,335,BA,2024-07-05,1,True
1103,336,P,2024-07-02,1,True
1106,337,P,2024-06-20,0,True
1107,337,AS,2024-06-23,0,True
1108,337,D,2024-07-05,1,False
1109,338,P,2024-07-03,0,True
1110,338,AS,2024-07-04,1,True
1112,339,P,2024-06-11,0,True
1113,339,BA,2024-06-15,0,True
1114,339,AS,2024-06-19,0,True
1115,339,BR,2024-07-01,1,False
1116,340,P,2024-06-18,0,True
1117,340,BR,2024-06-22,1,False
1118,341,P,2024-06-18,0,True
1119,341,BV,2024-06-20,0,True
1120,341,D,2024-06-23,1,False
1121,342,P,2024-06-05,0,True
1122,342,BA,2024-06-09,0,True
1123,342,AS,2024-06-11,0,True
1124,342,D,2024-06-21,1,False
1125,343,P,2024-07-02,0,True
1126,343,AS,2024-07-05,1,True
1128,344,P,2024-06-19,0,True
1129,344,BV,2024-06-22,1,True
1131,345,P,2024-06-22,0,True
1132,345,BR,2024-06-24,1,False
1133,346,P,2024-06-12,0,True
1134,346,BB,2024-06-14,0,True
1135,346,AS,2024-06-29,0,True
1136,346,D,2024-07-04,1,False
1137,347,P,2024-06-24,0,True
1138,347,AS,2024-06-29,0,True
1139,347,D,2024-07-03,1,False
1140,348,P,2024-07-03,0,True
1141,348,BA,2024-07-05,1,True
1144,349,P,2024-06-06,0,True
1145,349,BA,2024-06-08,0,True
1146,349,AS,2024-06-11,0,True
1147,349,D,2024-06-17,1,False
1148,350,P,2024-06-28,0,True
1149,350,AS,2024-06-30,1,True
1151,351,P,2024-06-20,0,True
1152,351,AS,2024-06-23,0,True
1153,351,D,2024-06-24,1,False
1154,352,P,2024-07-03,1,True
1157,353,P,2024-07-02,0,True
1158,353,BZ,2024-07-04,1,True
1162,354,P,2024-06-15,0,True
1163,354,BA,2024-06-21,0,True
1164,354,AS,2024-06-23,0,True
1165,354,D,2024-07-05,1,False
1166,355,P,2024-07-03,1,True
1168,356,P,2024-07-02,0,True
1169,356,BR,2024-07-05,1,False
1170,357,P,2024-06-14,0,True
1171,357,BA,2024-06-15,0,True
1172,357,AS,2024-06-17,0,True
1173,357,D,2024-06-24,1,False
1174,358,P,2024-06-28,0,True
1175,358,BV,2024-06-29,1,True
1177,359,P,2024-06-23,0,True
1178,359,BV,2024-06-30,0,True
1179,359,D,2024-07-04,1,False
1180,360,P,2024-07-02,0,True
1181,360,BA,2024-07-04,1,True
1184,361,P,2024-06-27,0,True
1185,361,AS,2024-07-03,1,True
1187,362,P,2024-06-17,0,True
1188,362,AS,2024-06-19,0,True
1189,362,D,2024-06-25,1,False
1190,363,P,2024-07-01,0,True
1191,363,AS,2024-07-04,1,True
1193,364,P,2024-06-19,0,True
1194,364,BA,2024-06-22,0,True
1195,364,D,2024-06-25,1,False
1196,365,P,2024-06-30,0,True
1197,365,BR,2024-07-04,1,False
1198,366,P,2024-06-12,0,True
1199,366,AS,2024-06-14,0,True
1200,366,D,2024-06-20,1,False
1201,367,P,2024-06-16,0,True
1202,367,AS,2024-06-19,0,True
1203,367,BR,2024-07-03,1,False
1204,368,P,2024-06-14,0,True
1205,368,AS,2024-06-17,0,True
1206,368,D,2024-06-25,1,False
1207,369,P,2024-06-17,0,True
1208,369,AS,2024-06-21,0,True
1209,369,D,2024-06-29,1,False
1210,370,P,2024-07-02,0,True
1211,370,AS,2024-07-05,1,True
1213,371,P,2024-06-20,0,True
1214,371,AS,2024-06-24,0,True
1215,371,D,2024-07-02,1,False
1216,372,P,2024-06-20,0,True
1217,372,AS,2024-06-23,0,True
1218,372,D,2024-07-03,1,False
1219,373,P,2024-06-10,0,True
1220,373,AS,2024-06-12,0,True
1221,373,D,2024-06-24,1,False
1222,374,P,2024-07-03,1,True
1227,375,P,2024-06-22,0,True
1228,375,AS,2024-06-27,1,True
1230,376,P,2024-06-11,0,True
1231,376,BR,2024-06-15,1,False
1232,377,P,2024-06-21,0,True
1233,377,AS,2024-06-23,0,True
1234,377,D,2024-07-01,1,False
1235,378,P,2024-06-27,0,True
1236,378,AS,2024-06-29,0,True
1237,378,D,2024-07-05,1,False
1238,379,P,2024-06-13,0,True
1239,379,AS,2024-06-16,0,True
1240,379,D,2024-06-27,1,False
1241,380,P,2024-06-19,0,True
1242,380,BA,2024-06-23,0,True
1243,380,AS,2024-06-25,0,True
1244,380,D,2024-06-29,1,False
1245,381,P,2024-06-12,0,True
1246,381,BA,2024-06-17,0,True
1247,381,AS,2024-06-20,0,True
1248,381,D,2024-06-26,1,False
1249,382,P,2024-06-27,0,True
1250,382,AS,2024-06-30,0,True
1251,382,D,2024-07-02,1,False
1252,383,P,2024-06-09,0,True
1253,383,BV,2024-06-14,0,True
1254,383,AS,2024-06-28,1,True
1256,384,P,2024-06-20,0,True
1257,384,BV,2024-06-21,0,True
1258,384,D,2024-07-05,1,False
1259,385,P,2024-06-05,0,True
1260,385,AS,2024-06-08,0,True
1261,385,D,2024-06-17,1,False
1262,386,P,2024-06-17,0,True
1263,386,AS,2024-06-21,0,True
1264,386,D,2024-07-05,1,False
1265,387,P,2024-06-26,0,True
1266,387,BA,2024-06-28,0,True
1267,387,AS,2024-07-01,1,True
1269,388,P,2024-06-21,0,True
1270,388,AS,2024-06-25,0,True
1271,388,D,2024-06-30,1,False
1272,389,P,2024-06-06,0,True
1273,389,AS,2024-06-12,0,True
1274,389,D,2024-06-23,1,False
1275,390,P,2024-06-24,0,True
1276,390,AS,2024-06-28,0,True
1277,390,D,2024-07-05,1,False
1278,391,P,2024-06-12,0,True
1279,391,AS,2024-06-15,0,True
1280,391,D,2024-06-21,1,False
1281,392,P,2024-06-15,0,True
1282,392,AS,2024-06-19,0,True
1283,392,D,2024-07-03,1,False
1284,393,P,2024-06-23,0,True
1285,393,AS,2024-06-26,0,True
1286,393,BR,2024-07-02,1,False
1287,394,P,2024-06-17,0,True
1288,394,AS,2024-06-22,0,True
1289,394,D,2024-07-04,1,False
1290,395,P,2024-06-22,0,True
1291,395,AS,2024-06-26,0,True
1292,395,D,2024-06-29,1,False
1293,396,P,2024-06-09,0,True
1294,396,AS,2024-06-12,0,True
1295,396,D,2024-06-15,1,False
1296,397,P,2024-06-17,0,True
1297,397,AS,2024-06-20,0,True
1298,397,D,2024-06-28,1,False
1299,398,P,2024-06-15,0,True
1300,398,AS,2024-06-17,0,True
1301,398,D,2024-06-23,1,False
1302,399,P,2024-06-22,0,True
1303,399,BA,2024-06-25,0,True
1304,399,AS,2024-06-30,1,True
1306,400,P,2024-06-15,0,True
1307,400,AS,2024-06-18,0,True
1308,400,D,2024-06-19,1,False
1309,401,P,2024-06-17,0,True
1310,401,AS,2024-06-22,0,True
1311,401,D,2024-06-25,1,False
1312,402,P,2024-06-05,0,True
1313,402,BR,2024-06-06,1,False
1314,403,P,2024-06-17,0,True
1315,403,AS,2024-06-19,0,True
1316,403,D,2024-06-26,1,False
1317,404,P,2024-06-11,0,True
1318,404,AS,2024-06-14,0,True
1319,404,D,2024-06-26,1,False
1320,405,P,2024-06-24,0,True
1321,405,AS,2024-06-27,1,True
1323,406,P,2024-06-30,0,True
1324,406,AS,2024-07-01,1,True
1326,407,P,2024-06-17,0,True
1327,407,AS,2024-06-22,0,True
1328,407,BR,2024-06-28,1,False
1329,408,P,2024-07-04,1,True
1332,409,P,2024-06-12,0,True
1333,409,BA,2024-06-18,0,True
1334,409,AS,2024-06-19,0,True
1335,409,D,2024-06-30,1,False
1336,410,P,2024-06-28,0,True
1337,410,AS,2024-07-02,0,True
1338,410,D,2024-07-05,1,False
1339,411,P,2024-06-08,0,True
1340,411,BD,2024-06-10,0,True
1341,411,AS,2024-06-18,0,True
1342,411,D,2024-06-26,1,False
1343,412,P,2024-06-06,0,True
1344,412,BZ,2024-06-09,0,True
1345,412,BV,2024-06-24,0,True
1346,412,D,2024-06-25,1,False
1347,413,P,2024-06-15,0,True
1348,413,AS,2024-06-16,0,True
1349,413,D,2024-06-27,1,False
1350,414,P,2024-06-09,0,True
1351,414,AS,2024-06-12,0,True
1352,414,D,2024-06-20,1,False
1353,415,P,2024-06-20,0,True
1354,415,BA,2024-06-26,0,True
1355,415,AS,2024-06-29,1,True
1357,416,P,2024-06-21,0,True
1358,416,AS,2024-06-28,1,True
1360,417,P,2024-06-28,0,True
1361,417,BA,2024-07-02,1,True
1364,418,P,2024-06-27,0,True
1365,418,BA,2024-06-28,0,True
1366,418,AS,2024-07-01,0,True
1367,418,D,2024-07-04,1,False
1368,419,P,2024-06-29,0,True
1369,419,BA,2024-07-02,0,True
1370,419,AS,2024-07-04,1,True
1372,420,P,2024-07-01,0,True
1373,420,BA,2024-07-03,0,True
1374,420,AS,2024-07-05,1,True
1376,421,P,2024-06-22,0,True
1377,421,AS,2024-06-25,0,True
1378,421,D,2024-07-03,1,False
1379,422,P,2024-06-07,0,True
1380,422,AS,2024-06-12,0,True
1381,422,D,2024-06-23,1,False
1382,423,P,2024-06-05,0,True
1383,423,AS,2024-06-06,0,True
1384,423,D,2024-06-10,1,False
1385,424,P,2024-07-04,1,True
1388,425,P,2024-06-14,0,True
1389,425,BR,2024-06-18,1,False
1390,426,P,2024-06-05,0,True
1391,426,BA,2024-06-08,0,True
1392,426,AS,2024-06-12,0,True
1393,426,D,2024-06-25,1,False
1394,427,P,2024-06-09,0,True
1395,427,BA,2024-06-14,0,True
1396,427,AS,2024-06-17,0,True
1397,427,BR,2024-06-29,1,False
1398,428,P,2024-06-13,0,True
1399,428,BA,2024-06-17,0,True
1400,428,AS,2024-06-21,0,True
1401,428,D,2024-06-23,1,False
1402,429,P,2024-07-03,1,True
1405,430,P,2024-06-27,0,True
1406,430,AS,2024-07-02,1,True
1408,431,P,2024-06-16,0,True
1409,431,BB,2024-06-22,1,True
1412,432,P,2024-07-01,0,True
1413,432,AS,2024-07-02,1,True
1415,433,P,2024-06-24,0,True
1416,433,BA,2024-06-27,0,True
1417,433,AS,2024-06-28,1,True
1419,434,P,2024-06-10,0,True
1420,434,BA,2024-06-15,0,True
1421,434,D,2024-06-18,1,False
1422,435,P,2024-06-23,0,True
1423,435,BB,2024-06-29,1,True
1426,436,P,2024-07-04,1,True
1429,437,P,2024-06-14,0,True
1430,437,AS,2024-06-17,0,True
1431,437,D,2024-06-30,1,False
1432,438,P,2024-06-21,0,True
1433,438,AS,2024-06-22,0,True
1434,438,D,2024-07-02,1,False
1435,439,P,2024-06-10,0,True
1436,439,BA,2024-06-12,0,True
1437,439,AS,2024-06-14,0,True
1438,439,D,2024-06-25,1,False
1439,440,P,2024-06-07,0,True
1440,440,BV,2024-06-11,0,True
1441,440,AS,2024-06-20,0,True
1442,440,D,2024-06-26,1,False
1443,441,P,2024-07-01,1,True
1446,442,P,2024-07-01,1,True
1449,443,P,2024-06-26,0,True
1450,443,BR,2024-07-01,1,False
1451,444,P,2024-06-05,0,True
1452,444,AS,2024-06-10,0,True
1453,444,D,2024-06-11,1,False
1454,445,P,2024-06-06,0,True
1455,445,AS,2024-06-10,0,True
1456,445,D,2024-06-24,1,False
1457,446,P,2024-06-06,0,True
1458,446,BB,2024-06-11,0,True
1459,446,BR,2024-07-02,1,False
1460,447,P,2024-06-13,0,True
1461,447,AS,2024-06-14,0,True
1462,447,D,2024-06-26,1,False
1463,448,P,2024-06-29,0,True
1464,448,AS,2024-07-04,1,True
1466,449,P,2024-06-18,0,True
1467,449,BA,2024-06-23,0,True
1468,449,AS,2024-06-24,0,True
1469,449,BR,2024-07-01,1,False
1470,450,P,2024-06-18,0,True
1471,450,AS,2024-06-19,0,True
1472,450,D,2024-06-29,1,False
1473,451,P,2024-06-18,0,True
1474,451,AS,2024-06-20,0,True
1475,451,D,2024-07-02,1,False
1476,452,P,2024-06-24,0,True
1477,452,BA,2024-06-27,0,True
1478,452,AS,2024-06-30,1,True
1480,453,P,2024-06-10,0,True
1481,453,AS,2024-06-14,0,True
1482,453,BR,2024-06-24,1,False
1483,454,P,2024-06-09,0,True
1484,454,AS,2024-06-11,0,True
1485,454,D,2024-06-21,1,False
1486,455,P,2024-07-01,0,True
1487,455,BA,2024-07-05,1,True
1490,456,P,2024-06-29,0,True
1491,456,AS,2024-06-30,1,True
1493,457,P,2024-06-15,0,True
1494,457,BA,2024-06-17,0,True
1495,457,AS,2024-06-19,0,True
1496,457,D,2024-06-29,1,False
1497,458,P,2024-06-30,0,True
1498,458,AS,2024-07-03,1,True
1500,459,P,2024-06-06,0,True
1501,459,BA,2024-06-09,0,True
1502,459,AS,2024-06-13,0,True
1503,459,D,2024-06-24,1,False
1504,460,P,2024-06-26,0,True
1505,460,AS,2024-06-28,1,True
1507,461,P,2024-06-05,0,True
1508,461,BV,2024-06-09,0,True
1509,461,AS,2024-06-21,0,True
1510,461,D,2024-07-02,1,False
1511,462,P,2024-06-17,0,True
1512,462,AS,2024-06-20,0,True
1513,462,BR,2024-06-21,1,False
1514,463,P,2024-06-26,0,True
1515,463,BA,2024-07-01,0,True
1516,463,AS,2024-07-05,1,True
1518,464,P,2024-06-27,0,True
1519,464,AS,2024-06-28,0,True
1520,464,D,2024-07-03,1,False
1521,465,P,2024-06-17,0,True
1522,465,AS,2024-06-22,0,True
1523,465,D,2024-07-04,1,False
1524,466,P,2024-06-20,0,True
1525,466,AS,2024-06-24,0,True
1526,466,D,2024-06-30,1,False
1527,467,P,2024-07-03,1,True
1529,468,P,2024-06-15,0,True
1530,468,BR,2024-06-20,1,False
1531,469,P,2024-06-28,0,True
1532,469,AS,2024-07-01,1,True
1534,470,P,2024-07-03,1,True
1537,471,P,2024-06-28,0,True
1538,471,BA,2024-06-30,0,True
1539,471,AS,2024-07-02,1,True
1541,472,P,2024-06-08,0,True
1542,472,AS,2024-06-11,0,True
1543,472,D,2024-06-12,1,False
1544,473,P,2024-06-09,0,True
1545,473,AS,2024-06-13,0,True
1546,473,D,2024-06-28,1,False
1547,474,P,2024-06-11,0,True
1548,474,BB,2024-06-19,1,True
1551,475,P,2024-06-24,0,True
1552,475,BV,2024-06-26,1,True
1554,476,P,2024-06-07,0,True
1555,476,AS,2024-06-08,0,True
1556,476,D,2024-06-24,1,False
1557,477,P,2024-06-29,0,True
1558,477,AS,2024-06-30,1,True
1560,478,P,2024-06-17,0,True
1561,478,AS,2024-06-18,0,True
1562,478,D,2024-06-24,1,False
1563,479,P,2024-07-02,1,True
1566,480,P,2024-06-05,0,True
1567,480,AS,2024-06-07,0,True
1568,480,D,2024-06-14,1,False
1569,481,P,2024-06-07,0,True
1570,481,AS,2024-06-11,0,True
1571,481,D,2024-06-18,1,False
1572,482,P,2024-06-14,0,True
1573,482,BA,2024-06-18,0,True
1574,482,AS,2024-06-19,0,True
1575,482,D,2024-06-29,1,False
1576,483,P,2024-06-25,0,True
1577,483,BB,2024-06-29,1,True
1579,484,P,2024-06-15,0,True
1580,484,BB,2024-06-18,0,True
1581,484,AS,2024-06-27,1,True
1583,485,P,2024-06-22,0,True
1584,485,BA,2024-06-27,0,True
1585,485,AS,2024-06-29,1,True
1587,486,P,2024-06-08,0,True
1588,486,AS,2024-06-13,0,True
1589,486,D,2024-06-22,1,False
1590,487,P,2024-06-13,0,True
1591,487,AS,2024-06-16,0,True
1592,487,D,2024-06-28,1,False
1593,488,P,2024-06-07,0,True
1594,488,AS,2024-06-11,0,True
1595,488,D,2024-06-17,1,False
1596,489,P,2024-06-25,0,True
1597,489,AS,2024-06-27,1,True
1599,490,P,2024-06-18,0,True
1600,490,AS,2024-06-24,0,True
1601,490,D,2024-07-01,1,False
1602,491,P,2024-06-16,0,True
1603,491,AS,2024-06-20,0,True
1604,491,D,2024-06-26,1,False
1605,492,P,2024-06-27,0,True
1606,492,AS,2024-07-02,1,True
1608,493,P,2024-07-01,0,True
1609,493,BA,2024-07-03,1,True
1612,494,P,2024-06-14,0,True
1613,494,AS,2024-06-17,0,True
1614,494,D,2024-06-23,1,False
1615,495,P,2024-06-14,0,True
1616,495,BA,2024-06-20,0,True
1617,495,AS,2024-06-22,0,True
1618,495,D,2024-07-03,1,False
1619,496,P,2024-06-29,0,True
1620,496,AS,2024-07-03,1,True
1622,497,P,2024-06-26,0,True
1623,497,BB,2024-06-30,1,True
1626,498,P,2024-07-04,1,True
1628,499,P,2024-06-23,0,True
1629,499,BA,2024-06-28,0,True
1630,499,AS,2024-07-01,1,True
1632,500,P,2024-06-26,0,True
1633,500,AS,2024-06-28,1,True
1635,501,P,2024-06-25,0,True
1636,501,AS,2024-06-28,0,True
1637,501,D,2024-07-02,1,False
1638,502,P,2024-06-21,0,True
1639,502,BA,2024-06-25,0,True
1640,502,AS,2024-06-26,1,True
1642,503,P,2024-06-19,0,True
1643,503,AS,2024-06-21,0,True
1644,503,D,2024-06-29,1,False
1645,504,P,2024-06-10,0,True
1646,504,BB,2024-06-13,0,True
1647,504,BA,2024-06-22,0,True
1648,504,AS,2024-06-24,1,True
1650,505,P,2024-06-23,0,True
1651,505,AS,2024-06-27,0,True
1652,505,D,2024-07-05,1,False
1653,506,P,2024-07-03,1,True
1656,507,P,2024-06-05,0,True
1657,507,AS,2024-06-09,0,True
1658,507,D,2024-06-21,1,False
1659,508,P,2024-06-15,0,True
1660,508,AS,2024-06-17,0,True
1661,508,D,2024-06-23,1,False
1662,509,P,2024-06-26,0,True
1663,509,BV,2024-06-28,0,True
1664,509,D,2024-06-30,1,False
1665,510,P,2024-06-09,0,True
1666,510,BB,2024-06-13,0,True
1667,510,AS,2024-07-03,1,True
1669,511,P,2024-06-22,0,True
1670,511,BA,2024-06-25,0,True
1671,511,AS,2024-06-27,0,True
1672,511,D,2024-07-05,1,False
1673,512,P,2024-06-18,0,True
1674,512,AS,2024-06-20,0,True
1675,512,D,2024-06-24,1,False
1676,513,P,2024-07-02,1,True
1679,514,P,2024-07-01,1,True
1682,515,P,2024-06-16,0,True
1683,515,AS,2024-06-17,0,True
1684,515,D,2024-06-30,1,False
1685,516,P,2024-06-14,0,True
1686,516,BA,2024-06-18,0,True
1687,516,AS,2024-06-22,0,True
1688,516,D,2024-06-23,1,False
1689,517,P,2024-06-09,0,True
1690,517,AS,2024-06-14,0,True
1691,517,D,2024-06-26,1,False
1692,518,P,2024-06-27,0,True
1693,518,BA,2024-07-02,0,True
1694,518,AS,2024-07-03,1,True
1696,519,P,2024-06-27,0,True
1697,519,AS,2024-07-01,1,True
1699,520,P,2024-07-04,1,True
1702,521,P,2024-06-26,0,True
1703,521,AS,2024-06-29,1,True
1705,522,P,2024-06-15,0,True
1706,522,AS,2024-06-19,0,True
1707,522,D,2024-06-22,1,False
1708,523,P,2024-06-25,0,True
1709,523,BA,2024-06-29,0,True
1710,523,AS,2024-07-01,0,True
1711,523,D,2024-07-02,1,False
1712,524,P,2024-06-29,0,True
1713,524,BR,2024-07-02,1,False
1714,525,P,2024-06-29,0,True
1715,525,AS,2024-07-02,1,True
1717,526,P,2024-06-08,0,True
1718,526,BA,2024-06-11,0,True
1719,526,D,2024-06-12,1,False
1720,527,P,2024-06-18,0,True
1721,527,BA,2024-06-21,0,True
1722,527,AS,2024-06-23,0,True
1723,527,BR,2024-06-26,1,False
1724,528,P,2024-06-14,0,True
1725,528,BB,2024-06-17,1,True
1728,529,P,2024-06-06,0,True
1729,529,AS,2024-06-10,0,True
1730,529,D,2024-06-23,1,False
1731,530,P,2024-06-27,0,True
1732,530,BD,2024-06-29,0,True
1733,530,BZ,2024-07-04,1,True
1735,531,P,2024-07-01,0,True
1736,531,AS,2024-07-05,1,True
1738,532,P,2024-06-28,0,True
1739,532,AS,2024-06-30,1,True
1741,533,P,2024-07-04,1,True
1744,534,P,2024-07-02,0,True
1745,534,BA,2024-07-03,0,True
1746,534,AS,2024-07-04,1,True
1748,535,P,2024-07-02,1,True
1751,536,P,2024-06-09,0,True
1752,536,BZ,2024-06-10,0,True
1753,536,BV,2024-06-23,0,True
1754,536,AS,2024-06-30,0,True
1755,536,D,2024-07-04,1,False
1756,537,P,2024-06-14,0,True
1757,537,AS,2024-06-18,0,True
1758,537,D,2024-06-28,1,False
1759,538,P,2024-06-15,0,True
1760,538,BB,2024-06-19,0,True
1761,538,AS,2024-06-24,1,True
1763,539,P,2024-07-03,1,True
1768,540,P,2024-06-24,0,True
1769,540,AS,2024-06-26,0,True
1770,540,D,2024-06-28,1,False
1771,541,P,2024-06-25,0,True
1772,541,BV,2024-07-03,0,True
1773,541,AS,2024-07-04,1,True
1775,542,P,2024-06-26,0,True
1776,542,AS,2024-06-28,1,True
1778,543,P,2024-07-04,1,True
1781,544,P,2024-07-02,0,True
1782,544,AS,2024-07-05,1,True
1784,545,P,2024-06-07,0,True
1785,545,AS,2024-06-11,0,True
1786,545,D,2024-06-15,1,False
1787,546,P,2024-06-26,0,True
1788,546,AS,2024-06-29,1,True
1790,547,P,2024-07-03,1,True
1793,548,P,2024-07-04,1,True
1795,549,P,2024-06-10,0,True
1796,549,AS,2024-06-13,0,True
1797,549,D,2024-06-22,1,False
1798,550,P,2024-06-23,0,True
1799,550,BA,2024-06-27,0,True
1800,550,AS,2024-06-30,1,True
1802,551,P,2024-06-28,0,True
1803,551,AS,2024-07-02,1,True
1805,552,P,2024-06-23,0,True
1806,552,AS,2024-06-28,1,True
1808,553,P,2024-06-28,0,True
1809,553,AS,2024-07-01,1,True
1811,554,P,2024-07-01,0,True
1812,554,AS,2024-07-05,1,True
1814,555,P,2024-06-24,0,True
1815,555,BA,2024-06-29,0,True
1816,555,D,2024-07-02,1,False
1817,556,P,2024-06-06,0,True
1818,556,BR,2024-06-07,1,False
1819,557,P,2024-06-27,0,True
1820,557,AS,2024-06-30,0,True
1821,557,D,2024-07-05,1,False
1822,558,P,2024-06-30,1,True
1825,559,P,2024-06-23,0,True
1826,559,AS,2024-06-27,1,True
1828,560,P,2024-06-23,0,True
1829,560,BA,2024-06-25,0,True
1830,560,AS,2024-06-29,1,True
1832,561,P,2024-06-13,0,True
1833,561,AS,2024-06-16,0,True
1834,561,D,2024-06-26,1,False
1835,562,P,2024-06-09,0,True
1836,562,BA,2024-06-10,0,True
1837,562,AS,2024-06-11,0,True
1838,562,D,2024-06-21,1,False
1839,563,P,2024-06-16,0,True
1840,563,BB,2024-06-19,1,True
1842,564,P,2024-06-07,0,True
1843,564,AS,2024-06-12,0,True
1844,564,D,2024-06-25,1,False
1845,565,P,2024-07-04,0,True
1846,565,AS,2024-07-05,1,True
1848,566,P,2024-06-23,0,True
1849,566,AS,2024-06-26,1,True
1851,567,P,2024-06-18,0,True
1852,567,AS,2024-06-24,0,True
1853,567,D,2024-07-04,1,False
1854,568,P,2024-06-10,0,True
1855,568,AS,2024-06-12,0,True
1856,568,D,2024-06-19,1,False
1857,569,P,2024-06-24,0,True
1858,569,AS,2024-06-28,0,True
1859,569,D,2024-07-05,1,False
1860,570,P,2024-07-01,1,True
1863,571,P,2024-06-28,0,True
1864,571,AS,2024-07-02,1,True
1866,572,P,2024-06-11,0,True
1867,572,BR,2024-06-17,1,False
1868,573,P,2024-06-19,0,True
1869,573,BB,2024-06-21,1,True
1872,574,P,2024-06-20,0,True
1873,574,AS,2024-06-22,0,True
1874,574,D,2024-07-01,1,False
1875,575,P,2024-06-27,0,True
1876,575,AS,2024-06-30,1,True
1878,576,P,2024-07-03,1,True
1881,577,P,2024-06-05,0,True
1882,577,BA,2024-06-13,0,True
1883,577,AS,2024-06-15,0,True
1884,577,BR,2024-06-19,1,False
1885,578,P,2024-06-25,0,True
1886,578,BR,2024-06-26,1,False
1887,579,P,2024-06-23,0,True
1888,579,AS,2024-06-27,1,True
1890,580,P,2024-07-02,0,True
1891,580,BB,2024-07-05,1,True
1895,581,P,2024-06-15,0,True
1896,581,AS,2024-06-17,0,True
1897,581,D,2024-06-21,1,False
1898,582,P,2024-06-21,0,True
1899,582,BD,2024-06-25,0,True
1900,582,BA,2024-06-29,0,True
1901,582,AS,2024-07-02,1,True
1903,583,P,2024-06-30,0,True
1904,583,BA,2024-07-03,1,True
1907,584,P,2024-06-12,0,True
1908,584,BA,2024-06-15,0,True
1909,584,AS,2024-06-17,0,True
1910,584,D,2024-06-23,1,False
1911,585,P,2024-06-06,0,True
1912,585,AS,2024-06-10,0,True
1913,585,D,2024-06-18,1,False
1914,586,P,2024-07-01,0,True
1915,586,BA,2024-07-05,1,True
1918,587,P,2024-06-28,0,True
1919,587,AS,2024-07-02,1,True
1921,588,P,2024-06-18,0,True
1922,588,AS,2024-06-19,0,True
1923,588,D,2024-06-29,1,False
1924,589,P,2024-06-07,0,True
1925,589,AS,2024-06-11,0,True
1926,589,D,2024-06-17,1,False
1927,590,P,2024-06-05,0,True
1928,590,AS,2024-06-11,0,True
1929,590,D,2024-06-16,1,False
1930,591,P,2024-06-30,0,True
1931,591,BA,2024-07-03,0,True
1932,591,AS,2024-07-05,1,True
1934,592,P,2024-06-13,0,True
1935,592,BR,2024-06-17,1,False
1936,593,P,2024-06-30,0,True
1937,593,BR,2024-07-05,1,False
1938,594,P,2024-06-12,0,True
1939,594,AS,2024-06-15,0,True
1940,594,D,2024-06-17,1,False
1941,595,P,2024-06-06,0,True
1942,595,AS,2024-06-11,0,True
1943,595,D,2024-06-19,1,False
1944,596,P,2024-06-07,0,True
1945,596,AS,2024-06-11,0,True
1946,596,D,2024-06-12,1,False
1947,597,P,2024-06-07,0,True
1948,597,AS,2024-06-10,0,True
1949,597,D,2024-06-23,1,False
1950,598,P,2024-06-21,0,True
1951,598,AS,2024-06-24,0,True
1952,598,D,2024-06-28,1,False
1953,599,P,2024-06-08,0,True
1954,599,AS,2024-06-11,0,True
1955,599,D,2024-06-17,1,False
1956,600,P,2024-06-24,0,True
1957,600,BA,2024-06-27,0,True
1958,600,AS,2024-06-28,1,True
1960,601,P,2024-06-14,0,True
1961,601,AS,2024-06-17,0,True
1962,601,D,2024-06-22,1,False
1963,602,P,2024-07-03,1,True
1966,603,P,2024-06-05,0,True
1967,603,BA,2024-06-09,0,True
1968,603,AS,2024-06-13,0,True
1969,603,D,2024-06-17,1,False
1970,604,P,2024-06-16,0,True
1971,604,BV,2024-06-17,0,True
1972,604,D,2024-06-29,1,False
1973,605,P,2024-06-13,0,True
1974,605,AS,2024-06-16,0,True
1975,605,D,2024-06-25,1,False
1976,606,P,2024-06-12,0,True
1977,606,BR,2024-06-15,1,False
1978,607,P,2024-06-10,0,True
1979,607,BA,2024-06-13,0,True
1980,607,AS,2024-06-15,0,True
1981,607,BR,2024-06-27,1,False
1982,608,P,2024-06-30,0,True
1983,608,AS,2024-07-02,1,True
1985,609,P,2024-07-01,0,True
1986,609,AS,2024-07-02,0,True
1987,609,D,2024-07-05,1,False
1988,610,P,2024-06-09,0,True
1989,610,AS,2024-06-10,0,True
1990,610,D,2024-06-18,1,False
1991,611,P,2024-06-16,0,True
1992,611,BA,2024-06-21,0,True
1993,611,AS,2024-06-24,0,True
1994,611,D,2024-06-28,1,False
1995,612,P,2024-06-23,0,True
1996,612,AS,2024-06-27,0,True
1997,612,D,2024-07-01,1,False
1998,613,P,2024-06-06,0,True
1999,613,AS,2024-06-09,0,True
2000,613,D,2024-06-23,1,False
2001,614,P,2024-06-10,0,True
2002,614,BZ,2024-06-13,1,True
2005,615,P,2024-06-07,0,True
2006,615,AS,2024-06-08,0,True
2007,615,D,2024-06-15,1,False
2008,616,P,2024-06-08,0,True
2009,616,AS,2024-06-13,0,True
2010,616,D,2024-06-19,1,False
2011,617,P,2024-06-22,0,True
2012,617,AS,2024-06-26,1,True
2014,618,P,2024-06-30,0,True
2015,618,AS,2024-07-02,1,True
2017,619,P,2024-06-26,0,True
2018,619,AS,2024-07-02,1,True
2020,620,P,2024-06-29,0,True
2021,620,BR,2024-07-03,1,False
2022,621,P,2024-06-29,0,True
2023,621,AS,2024-06-30,1,True
2025,622,P,2024-06-14,0,True
2026,622,BA,2024-06-21,0,True
2027,622,AS,2024-06-25,0,True
2028,622,D,2024-06-29,1,False
2029,623,P,2024-06-21,0,True
2030,623,BA,2024-06-24,0,True
2031,623,AS,2024-06-26,0,True
2032,623,D,2024-07-03,1,False
2033,624,P,2024-06-07,0,True
2034,624,BD,2024-06-08,0,True
2035,624,BV,2024-06-10,0,True
2036,624,AS,2024-06-15,0,True
2037,624,D,2024-06-21,1,False
2038,625,P,2024-06-13,0,True
2039,625,BD,2024-06-18,0,True
2040,625,BB,2024-06-30,1,True
2045,626,P,2024-06-13,0,True
2046,626,AS,2024-06-16,0,True
2047,626,D,2024-06-28,1,False
2048,627,P,2024-06-29,0,True
2049,627,AS,2024-07-01,0,True
2050,627,D,2024-07-03,1,False
2051,628,P,2024-06-28,0,True
2052,628,BA,2024-07-04,1,True
2055,629,P,2024-06-08,0,True
2056,629,AS,2024-06-11,0,True
2057,629,D,2024-06-21,1,False
2058,630,P,2024-06-20,0,True
2059,630,AS,2024-06-23,0,True
2060,630,D,2024-06-28,1,False
2061,631,P,2024-06-17,0,True
2062,631,BA,2024-06-18,0,True
2063,631,D,2024-06-19,1,False
2064,632,P,2024-07-01,0,True
2065,632,BV,2024-07-05,1,True
2068,633,P,2024-06-21,0,True
2069,633,AS,2024-06-22,0,True
2070,633,D,2024-07-01,1,False
2071,634,P,2024-06-25,0,True
2072,634,BZ,2024-06-27,0,True
2073,634,BV,2024-07-04,1,True
2075,635,P,2024-06-30,0,True
2076,635,AS,2024-07-02,1,True
2078,636,P,2024-06-24,0,True
2079,636,AS,2024-06-26,0,True
2080,636,D,2024-07-02,1,False
2081,637,P,2024-07-04,1,True
2085,638,P,2024-06-05,0,True
2086,638,AS,2024-06-07,0,True
2087,638,D,2024-06-21,1,False
2088,639,P,2024-06-27,0,True
2089,639,AS,2024-07-02,1,True
2091,640,P,2024-06-15,0,True
2092,640,BV,2024-06-19,0,True
2093,640,D,2024-06-29,1,False
2094,641,P,2024-07-02,0,True
2095,641,BA,2024-07-05,1,True
2097,642,P,2024-06-11,0,True
2098,642,AS,2024-06-14,0,True
2099,642,D,2024-06-20,1,False
2100,643,P,2024-06-15,0,True
2101,643,BA,2024-06-16,0,True
2102,643,AS,2024-06-18,0,True
2103,643,D,2024-06-21,1,False
2104,644,P,2024-06-13,0,True
2105,644,AS,2024-06-17,0,True
2106,644,D,2024-06-21,1,False
2107,645,P,2024-06-08,0,True
2108,645,BV,2024-06-11,0,True
2109,645,D,2024-06-27,1,False
2110,646,P,2024-06-22,0,True
2111,646,BA,2024-06-25,0,True
2112,646,BR,2024-06-28,1,False
2113,647,P,2024-06-12,0,True
2114,647,AS,2024-06-16,0,True
2115,647,D,2024-06-26,1,False
2116,648,P,2024-06-15,0,True
2117,648,AS,2024-06-18,0,True
2118,648,D,2024-06-25,1,False
2119,649,P,2024-06-05,0,True
2120,649,AS,2024-06-09,0,True
2121,649,D,2024-06-20,1,False
2122,650,P,2024-06-07,0,True
2123,650,AS,2024-06-09,0,True
2124,650,D,2024-06-19,1,False
2125,651,P,2024-06-06,0,True
2126,651,AS,2024-06-08,0,True
2127,651,BR,2024-06-17,1,False
2128,652,P,2024-06-10,0,True
2129,652,BA,2024-06-13,0,True
2130,652,AS,2024-06-15,0,True
2131,652,D,2024-06-21,1,False
2132,653,P,2024-06-22,0,True
2133,653,AS,2024-06-26,0,True
2134,653,D,2024-07-05,1,False
2135,654,P,2024-06-20,0,True
2136,654,BA,2024-06-23,0,True
2137,654,AS,2024-06-25,0,True
2138,654,D,2024-06-26,1,False
2139,655,P,2024-06-13,0,True
2140,655,AS,2024-06-18,0,True
2141,655,D,2024-06-29,1,False
2142,656,P,2024-06-21,0,True
2143,656,BB,2024-06-23,0,True
2144,656,BA,2024-07-04,0,True
2145,656,AS,2024-07-05,1,True
2147,657,P,2024-06-06,0,True
2148,657,BV,2024-06-09,0,True
2149,657,D,2024-06-24,1,False
2150,658,P,2024-06-14,0,True
2151,658,BB,2024-06-18,0,True
2152,658,AS,2024-07-03,0,True
2153,658,D,2024-07-04,1,False
2154,659,P,2024-06-21,0,True
2155,659,BA,2024-06-24,0,True
2156,659,AS,2024-06-27,1,True
2158,660,P,2024-07-02,0,True
2159,660,AS,2024-07-04,1,True
2161,661,P,2024-06-18,0,True
2162,661,BB,2024-06-21,1,True
2165,662,P,2024-06-09,0,True
2166,662,AS,2024-06-11,0,True
2167,662,D,2024-06-20,1,False
2168,663,P,2024-06-15,0,True
2169,663,BV,2024-06-18,0,True
2170,663,D,2024-06-26,1,False
2171,664,P,2024-06-22,0,True
2172,664,AS,2024-06-24,0,True
2173,664,D,2024-06-30,1,False
2174,665,P,2024-07-02,0,True
2175,665,AS,2024-07-05,1,True
2177,666,P,2024-06-28,0,True
2178,666,AS,2024-06-30,0,True
2179,666,D,2024-07-05,1,False
2180,667,P,2024-06-27,0,True
2181,667,BV,2024-07-02,1,True
2184,668,P,2024-06-13,0,True
2185,668,AS,2024-06-17,0,True
2186,668,D,2024-06-19,1,False
2187,669,P,2024-07-02,0,True
2188,669,AS,2024-07-04,1,True
2190,670,P,2024-07-01,0,True
2191,670,BA,2024-07-04,0,True
2192,670,AS,2024-07-05,1,True
2194,671,P,2024-07-02,0,True
2195,671,AS,2024-07-04,1,True
2197,672,P,2024-06-11,0,True
2198,672,BB,2024-06-16,0,True
2199,672,AS,2024-07-04,1,True
2201,673,P,2024-07-04,1,True
2204,674,P,2024-06-25,0,True
2205,674,BA,2024-06-29,0,True
2206,674,AS,2024-06-30,1,True
2208,675,P,2024-06-07,0,True
2209,675,AS,2024-06-11,0,True
2210,675,BR,2024-06-16,1,False
2211,676,P,2024-06-08,0,True
2212,676,AS,2024-06-11,0,True
2213,676,D,2024-06-24,1,False
2214,677,P,2024-06-06,0,True
2215,677,BV,2024-06-12,0,True
2216,677,AS,2024-06-26,1,True
2218,678,P,2024-06-14,0,True
2219,678,BB,2024-06-17,1,True
2222,679,P,2024-06-23,0,True
2223,679,AS,2024-06-29,1,True
2225,680,P,2024-06-09,0,True
2226,680,AS,2024-06-13,0,True
2227,680,D,2024-06-25,1,False
2228,681,P,2024-06-10,0,True
2229,681,BV,2024-06-12,0,True
2230,681,AS,2024-06-20,0,True
2231,681,D,2024-06-27,1,False
2232,682,P,2024-06-22,0,True
2233,682,AS,2024-06-25,1,True
2235,683,P,2024-06-26,0,True
2236,683,AS,2024-06-28,0,True
2237,683,D,2024-07-02,1,False
2238,684,P,2024-07-03,0,True
2239,684,AS,2024-07-05,1,True
2241,685,P,2024-06-26,0,True
2242,685,BA,2024-06-30,0,True
2243,685,AS,2024-07-05,1,True
2245,686,P,2024-06-11,0,True
2246,686,AS,2024-06-15,0,True
2247,686,D,2024-06-28,1,False
2248,687,P,2024-06-08,0,True
2249,687,AS,2024-06-11,0,True
2250,687,D,2024-06-24,1,False
2251,688,P,2024-06-08,0,True
2252,688,BA,2024-06-11,0,True
2253,688,AS,2024-06-14,0,True
2254,688,D,2024-06-27,1,False
2255,689,P,2024-06-14,0,True
2256,689,BB,2024-06-17,1,True
2259,690,P,2024-06-05,0,True
2260,690,BA,2024-06-11,0,True
2261,690,AS,2024-06-16,0,True
2262,690,D,2024-06-26,1,False
2263,691,P,2024-06-16,0,True
2264,691,BA,2024-06-18,0,True
2265,691,AS,2024-06-21,0,True
2266,691,D,2024-07-03,1,False
2267,692,P,2024-06-29,0,True
2268,692,BB,2024-07-04,1,True
2271,693,P,2024-06-21,0,True
2272,693,BR,2024-06-27,1,False
2273,694,P,2024-06-06,0,True
2274,694,AS,2024-06-08,0,True
2275,694,D,2024-06-13,1,False
2276,695,P,2024-07-02,1,True
2279,696,P,2024-06-07,0,True
2280,696,AS,2024-06-12,0,True
2281,696,D,2024-06-28,1,False
2282,697,P,2024-06-25,0,True
2283,697,AS,2024-06-29,1,True
2285,698,P,2024-07-02,1,True
2289,699,P,2024-06-23,0,True
2290,699,AS,2024-06-27,1,True
2292,700,P,2024-07-02,1,True
2295,701,P,2024-06-25,0,True
2296,701,BB,2024-07-01,1,True
2300,702,P,2024-06-10,0,True
2301,702,BA,2024-06-12,0,True
2302,702,AS,2024-06-15,0,True
2303,702,D,2024-06-19,1,False
2304,703,P,2024-06-21,0,True
2305,703,AS,2024-06-24,1,True
2307,704,P,2024-07-02,1,True
2310,705,P,2024-07-03,0,True
2311,705,AS,2024-07-05,1,True
2313,706,P,2024-06-22,0,True
2314,706,BV,2024-06-27,0,True
2315,706,D,2024-06-28,1,False
2316,707,P,2024-06-08,0,True
2317,707,BA,2024-06-11,0,True
2318,707,D,2024-06-14,1,False
2319,708,P,2024-06-25,0,True
2320,708,BR,2024-06-29,1,False
2321,709,P,2024-06-10,0,True
2322,709,AS,2024-06-14,0,True
2323,709,D,2024-06-24,1,False
2324,710,P,2024-06-23,0,True
2325,710,BA,2024-06-28,0,True
2326,710,AS,2024-06-30,0,True
2327,710,D,2024-07-02,1,False
2328,711,P,2024-06-30,1,True
2331,712,P,2024-06-20,0,True
2332,712,BA,2024-06-22,0,True
2333,712,AS,2024-06-24,1,True
2335,713,P,2024-07-04,1,True
2337,714,P,2024-06-15,0,True
2338,714,BR,2024-06-20,1,False
2339,715,P,2024-06-18,0,True
2340,715,AS,2024-06-23,0,True
2341,715,D,2024-07-02,1,False
2342,716,P,2024-06-15,0,True
2343,716,AS,2024-06-21,0,True
2344,716,D,2024-06-23,1,False
2345,717,P,2024-06-30,0,True
2346,717,BV,2024-07-05,1,True
2349,718,P,2024-06-07,0,True
2350,718,AS,2024-06-11,0,True
2351,718,BR,2024-06-24,1,False
2352,719,P,2024-06-18,0,True
2353,719,BA,2024-06-21,0,True
2354,719,AS,2024-06-24,0,True
2355,719,D,2024-07-01,1,False
2356,720,P,2024-06-21,0,True
2357,720,AS,2024-06-23,0,True
2358,720,D,2024-07-01,1,False
2359,721,P,2024-07-03,0,True
2360,721,AS,2024-07-05,1,True
2362,722,P,2024-06-11,0,True
2363,722,AS,2024-06-16,0,True
2364,722,D,2024-06-27,1,False
2365,723,P,2024-06-25,0,True
2366,723,BA,2024-07-01,0,True
2367,723,AS,2024-07-03,1,True
2369,724,P,2024-06-21,0,True
2370,724,AS,2024-06-26,0,True
2371,724,D,2024-07-01,1,False
2372,725,P,2024-06-06,0,True
2373,725,AS,2024-06-11,0,True
2374,725,D,2024-06-18,1,False
2375,726,P,2024-06-12,0,True
2376,726,AS,2024-06-15,0,True
2377,726,D,2024-06-27,1,False
2378,727,P,2024-06-07,0,True
2379,727,AS,2024-06-13,0,True
2380,727,D,2024-06-19,1,False
2381,728,P,2024-06-18,0,True
2382,728,AS,2024-06-21,0,True
2383,728,D,2024-06-30,1,False
2384,729,P,2024-06-26,0,True
2385,729,AS,2024-07-01,1,True
2387,730,P,2024-06-24,0,True
2388,730,AS,2024-06-27,1,True
2390,731,P,2024-06-17,0,True
2391,731,BA,2024-06-21,0,True
2392,731,AS,2024-06-24,0,True
2393,731,D,2024-07-04,1,False
2394,732,P,2024-06-17,0,True
2395,732,BR,2024-06-20,1,False
2396,733,P,2024-06-28,0,True
2397,733,AS,2024-07-01,1,True
2399,734,P,2024-06-10,0,True
2400,734,AS,2024-06-16,0,True
2401,734,D,2024-06-30,1,False
2402,735,P,2024-06-24,0,True
2403,735,BA,2024-06-26,0,True
2404,735,AS,2024-06-27,1,True
2406,736,P,2024-06-08,0,True
2407,736,AS,2024-06-13,0,True
2408,736,D,2024-06-16,1,False
2409,737,P,2024-06-17,0,True
2410,737,AS,2024-06-21,0,True
2411,737,D,2024-06-30,1,False
2412,738,P,2024-06-09,0,True
2413,738,BA,2024-06-15,0,True
2414,738,AS,2024-06-18,0,True
2415,738,D,2024-06-25,1,False
2416,739,P,2024-06-24,0,True
2417,739,BV,2024-06-26,1,True
2420,740,P,2024-07-01,0,True
2421,740,AS,2024-07-02,1,True
2423,741,P,2024-06-28,0,True
2424,741,AS,2024-07-04,1,True
2426,742,P,2024-07-01,0,True
2427,742,AS,2024-07-03,1,True
2429,743,P,2024-06-22,0,True
2430,743,BA,2024-06-25,0,True
2431,743,AS,2024-06-28,1,True
2433,744,P,2024-07-02,1,True
2437,745,P,2024-06-18,0,True
2438,745,AS,2024-06-24,1,True
2440,746,P,2024-06-06,0,True
2441,746,BA,2024-06-09,0,True
2442,746,AS,2024-06-11,0,True
2443,746,D,2024-06-18,1,False
2444,747,P,2024-06-30,0,True
2445,747,BR,2024-07-04,1,False
2446,748,P,2024-07-02,1,True
2450,749,P,2024-06-19,0,True
2451,749,AS,2024-06-20,0,True
2452,749,D,2024-07-02,1,False
2453,750,P,2024-06-13,0,True
2454,750,AS,2024-06-15,0,True
2455,750,D,2024-06-25,1,False
2456,751,P,2024-06-24,0,True
2457,751,BB,2024-06-29,1,True
2460,752,P,2024-06-10,0,True
2461,752,AS,2024-06-15,0,True
2462,752,D,2024-06-28,1,False
2463,753,P,2024-06-14,0,True
2464,753,BA,2024-06-15,0,True
2465,753,AS,2024-06-18,0,True
2466,753,D,2024-06-29,1,False
2467,754,P,2024-06-25,0,True
2468,754,AS,2024-06-26,0,True
2469,754,D,2024-06-27,1,False
2470,755,P,2024-06-25,0,True
2471,755,BA,2024-06-30,0,True
2472,755,AS,2024-07-04,1,True
2474,756,P,2024-06-22,0,True
2475,756,AS,2024-06-29,1,True
2477,757,P,2024-07-02,0,True
2478,757,AS,2024-07-04,1,True
2480,758,P,2024-06-16,0,True
2481,758,BA,2024-06-20,0,True
2482,758,AS,2024-06-23,0,True
2483,758,D,2024-06-28,1,False
2484,759,P,2024-06-06,0,True
2485,759,AS,2024-06-10,0,True
2486,759,D,2024-06-14,1,False
2487,760,P,2024-06-12,0,True
2488,760,AS,2024-06-13,0,True
2489,760,BR,2024-06-16,1,False
2490,761,P,2024-07-01,0,True
2491,761,AS,2024-07-05,1,True
2493,762,P,2024-06-07,0,True
2494,762,AS,2024-06-11,0,True
2495,762,D,2024-06-15,1,False
2496,763,P,2024-06-10,0,True
2497,763,AS,2024-06-11,0,True
2498,763,D,2024-06-18,1,False
2499,764,P,2024-06-23,0,True
2500,764,BB,2024-06-27,1,True
2503,765,P,2024-06-18,0,True
2504,765,BA,2024-06-20,0,True
2505,765,AS,2024-06-23,1,True
2507,766,P,2024-06-30,0,True
2508,766,AS,2024-07-03,1,True
2510,767,P,2024-06-13,0,True
2511,767,AS,2024-06-15,0,True
2512,767,D,2024-06-21,1,False
2513,768,P,2024-06-18,0,True
2514,768,BR,2024-06-22,1,False
2515,769,P,2024-06-29,0,True
2516,769,AS,2024-07-04,1,True
2518,770,P,2024-06-19,0,True
2519,770,BA,2024-06-21,0,True
2520,770,AS,2024-06-23,1,True
2522,771,P,2024-06-13,0,True
2523,771,BA,2024-06-17,0,True
2524,771,AS,2024-06-19,0,True
2525,771,D,2024-06-23,1,False
2526,772,P,2024-06-10,0,True
2527,772,AS,2024-06-12,0,True
2528,772,D,2024-06-25,1,False
2529,773,P,2024-07-03,0,True
2530,773,BA,2024-07-05,1,True
2533,774,P,2024-07-04,1,True
2536,775,P,2024-06-07,0,True
2537,775,AS,2024-06-11,0,True
2538,775,D,2024-06-22,1,False
2539,776,P,2024-06-14,0,True
2540,776,BA,2024-06-15,0,True
2541,776,D,2024-06-17,1,False
2542,777,P,2024-06-15,0,True
2543,777,BB,2024-06-19,1,True
2546,778,P,2024-06-09,0,True
2547,778,AS,2024-06-12,0,True
2548,778,D,2024-06-14,1,False
2549,779,P,2024-06-07,0,True
2550,779,BA,2024-06-13,0,True
2551,779,AS,2024-06-15,0,True
2552,779,D,2024-06-28,1,False
2553,780,P,2024-06-10,0,True
2554,780,BA,2024-06-13,0,True
2555,780,AS,2024-06-16,0,True
2556,780,D,2024-06-21,1,False
2557,781,P,2024-06-17,0,True
2558,781,AS,2024-06-21,0,True
2559,781,D,2024-07-05,1,False
2560,782,P,2024-06-21,0,True
2561,782,BA,2024-06-26,0,True
2562,782,AS,2024-06-30,1,True
2564,783,P,2024-06-30,0,True
2565,783,BA,2024-07-02,0,True
2566,783,AS,2024-07-03,1,True
2568,784,P,2024-06-27,0,True
2569,784,BA,2024-06-30,0,True
2570,784,AS,2024-07-03,1,True
2572,785,P,2024-06-30,0,True
2573,785,AS,2024-07-03,1,True
2575,786,P,2024-06-19,0,True
2576,786,AS,2024-06-22,0,True
2577,786,D,2024-07-03,1,False
2578,787,P,2024-06-17,0,True
2579,787,AS,2024-06-22,0,True
2580,787,D,2024-07-02,1,False
2581,788,P,2024-06-30,0,True
2582,788,AS,2024-07-01,0,True
2583,788,D,2024-07-05,1,False
2584,789,P,2024-06-28,0,True
2585,789,AS,2024-07-01,1,True
2587,790,P,2024-06-16,0,True
2588,790,BA,2024-06-21,0,True
2589,790,AS,2024-06-23,0,True
2590,790,D,2024-07-04,1,False
2591,791,P,2024-06-10,0,True
2592,791,AS,2024-06-14,0,True
2593,791,D,2024-06-25,1,False
2594,792,P,2024-06-06,0,True
2595,792,AS,2024-06-09,0,True
2596,792,D,2024-06-13,1,False
2597,793,P,2024-06-29,0,True
2598,793,BB,2024-07-03,1,True
2602,794,P,2024-06-13,0,True
2603,794,AS,2024-06-18,0,True
2604,794,D,2024-06-30,1,False
2605,795,P,2024-06-06,0,True
2606,795,BB,2024-06-07,0,True
2607,795,AS,2024-07-03,1,True
2609,796,P,2024-06-12,0,True
2610,796,AS,2024-06-14,0,True
2611,796,D,2024-06-27,1,False
2612,797,P,2024-07-01,0,True
2613,797,AS,2024-07-05,1,True
2615,798,P,2024-07-02,1,True
2618,799,P,2024-06-06,0,True
2619,799,AS,2024-06-10,0,True
2620,799,BR,2024-06-18,1,False
2621,800,P,2024-06-17,0,True
2622,800,AS,2024-06-21,1,True
2624,801,P,2024-06-07,0,True
2625,801,BB,2024-06-12,0,True
2626,801,AS,2024-07-02,1,True
2628,802,P,2024-06-05,0,True
2629,802,AS,2024-06-07,0,True
2630,802,D,2024-06-22,1,False
2631,803,P,2024-06-26,0,True
2632,803,BB,2024-07-01,1,True
2635,804,P,2024-06-12,0,True
2636,804,AS,2024-06-16,0,True
2637,804,D,2024-06-20,1,False
2638,805,P,2024-07-03,0,True
2639,805,BA,2024-07-04,1,True
2642,806,P,2024-06-20,0,True
2643,806,BA,2024-06-25,0,True
2644,806,AS,2024-06-28,1,True
2646,807,P,2024-06-14,0,True
2647,807,AS,2024-06-18,0,True
2648,807,D,2024-06-25,1,False
2649,808,P,2024-06-20,0,True
2650,808,BA,2024-06-22,0,True
2651,808,AS,2024-06-24,1,True
2653,809,P,2024-06-17,0,True
2654,809,AS,2024-06-22,0,True
2655,809,D,2024-07-03,1,False
2656,810,P,2024-06-08,0,True
2657,810,BZ,2024-06-11,0,True
2658,810,BV,2024-06-20,1,True
2660,811,P,2024-06-07,0,True
2661,811,BA,2024-06-13,0,True
2662,811,AS,2024-06-16,0,True
2663,811,D,2024-06-27,1,False
2664,812,P,2024-06-18,0,True
2665,812,AS,2024-06-25,0,True
2666,812,D,2024-06-30,1,False
2667,813,P,2024-06-22,0,True
2668,813,BB,2024-06-24,1,True
2670,814,P,2024-06-29,0,True
2671,814,AS,2024-07-04,1,True
2673,815,P,2024-06-29,0,True
2674,815,BB,2024-07-02,1,True
2677,816,P,2024-06-29,0,True
2678,816,AS,2024-07-01,0,True
2679,816,D,2024-07-02,1,False
2680,817,P,2024-07-03,1,True
2684,818,P,2024-06-16,0,True
2685,818,AS,2024-06-24,0,True
2686,818,D,2024-06-27,1,False
2687,819,P,2024-06-28,0,True
2688,819,BA,2024-07-03,1,True
2691,820,P,2024-06-24,0,True
2692,820,AS,2024-06-27,0,True
2693,820,D,2024-07-05,1,False
2694,821,P,2024-06-13,0,True
2695,821,BZ,2024-06-15,0,True
2696,821,BV,2024-06-26,1,True
2698,822,P,2024-06-24,0,True
2699,822,BA,2024-06-27,0,True
2700,822,AS,2024-06-28,1,True
2702,823,P,2024-06-30,1,True
2706,824,P,2024-07-02,1,True
2710,825,P,2024-06-23,0,True
2711,825,BA,2024-06-27,0,True
2712,825,D,2024-06-29,1,False
2713,826,P,2024-06-16,0,True
2714,826,AS,2024-06-19,0,True
2715,826,D,2024-07-01,1,False
2716,827,P,2024-06-26,0,True
2717,827,BA,2024-06-30,0,True
2718,827,AS,2024-07-04,1,True
2720,828,P,2024-07-03,1,True
2723,829,P,2024-06-18,0,True
2724,829,AS,2024-06-22,0,True
2725,829,BR,2024-07-01,1,False
2726,830,P,2024-06-24,0,True
2727,830,BZ,2024-06-28,1,True
2730,831,P,2024-06-25,0,True
2731,831,AS,2024-06-28,1,True
2733,832,P,2024-07-03,1,True
2736,833,P,2024-06-30,0,True
2737,833,BR,2024-07-04,1,False
2738,834,P,2024-06-09,0,True
2739,834,AS,2024-06-12,0,True
2740,834,D,2024-06-21,1,False
2741,835,P,2024-06-17,0,True
2742,835,BV,2024-06-20,1,True
2745,836,P,2024-06-14,0,True
2746,836,BD,2024-06-20,0,True
2747,836,BZ,2024-06-29,1,True
2751,837,P,2024-06-12,0,True
2752,837,AS,2024-06-15,0,True
2753,837,BR,2024-06-27,1,False
2754,838,P,2024-07-01,0,True
2755,838,BA,2024-07-03,0,True
2756,838,AS,2024-07-04,1,True
2758,839,P,2024-07-01,0,True
2759,839,AS,2024-07-05,1,True
2761,840,P,2024-07-04,1,True
2764,841,P,2024-06-11,0,True
2765,841,AS,2024-06-14,0,True
2766,841,D,2024-06-15,1,False
2767,842,P,2024-06-08,0,True
2768,842,BA,2024-06-13,0,True
2769,842,AS,2024-06-15,0,True
2770,842,D,2024-06-25,1,False
2771,843,P,2024-06-24,0,True
2772,843,BA,2024-06-27,0,True
2773,843,AS,2024-06-30,1,True
2775,844,P,2024-06-12,0,True
2776,844,BR,2024-06-13,1,False
2777,845,P,2024-06-26,0,True
2778,845,BZ,2024-06-27,1,True
2781,846,P,2024-06-15,0,True
2782,846,BA,2024-06-18,0,True
2783,846,AS,2024-06-19,0,True
2784,846,D,2024-06-24,1,False
2785,847,P,2024-06-25,0,True
2786,847,AS,2024-06-26,1,True
2788,848,P,2024-06-16,0,True
2789,848,AS,2024-06-22,0,True
2790,848,D,2024-06-26,1,False
2791,849,P,2024-06-05,0,True
2792,849,BR,2024-06-08,1,False
2793,850,P,2024-06-27,0,True
2794,850,AS,2024-07-03,1,True
2796,851,P,2024-06-12,0,True
2797,851,AS,2024-06-15,0,True
2798,851,D,2024-06-24,1,False
2799,852,P,2024-06-09,0,True
2800,852,BB,2024-06-14,0,True
2801,852,AS,2024-06-24,1,True
2803,853,P,2024-07-02,0,True
2804,853,BV,2024-07-04,1,True
2807,854,P,2024-06-07,0,True
2808,854,BV,2024-06-08,0,True
2809,854,AS,2024-06-21,0,True
2810,854,BR,2024-07-04,1,False
2811,855,P,2024-06-23,0,True
2812,855,BA,2024-06-27,0,True
2813,855,AS,2024-06-29,0,True
2814,855,D,2024-07-02,1,False
2815,856,P,2024-06-19,0,True
2816,856,AS,2024-06-21,0,True
2817,856,D,2024-06-27,1,False
2818,857,P,2024-06-05,0,True
2819,857,AS,2024-06-09,0,True
2820,857,D,2024-06-20,1,False
2821,858,P,2024-06-30,1,True
2824,859,P,2024-06-20,0,True
2825,859,BA,2024-06-25,0,True
2826,859,D,2024-06-28,1,False
2827,860,P,2024-06-19,0,True
2828,860,AS,2024-06-22,1,True
2830,861,P,2024-07-03,1,True
2833,862,P,2024-06-21,0,True
2834,862,BA,2024-06-25,0,True
2835,862,AS,2024-06-28,0,True
2836,862,BR,2024-07-01,1,False
2837,863,P,2024-06-26,0,True
2838,863,AS,2024-07-01,1,True
2840,864,P,2024-06-22,0,True
2841,864,BA,2024-06-27,0,True
2842,864,AS,2024-06-29,1,True
2844,865,P,2024-06-11,0,True
2845,865,BA,2024-06-15,0,True
2846,865,AS,2024-06-17,0,True
2847,865,D,2024-06-25,1,False
2848,866,P,2024-07-01,0,True
2849,866,BA,2024-07-04,1,True
2851,867,P,2024-07-01,1,True
2854,868,P,2024-06-23,0,True
2855,868,AS,2024-06-27,1,True
2857,869,P,2024-06-16,0,True
2858,869,BA,2024-06-18,0,True
2859,869,AS,2024-06-21,0,True
2860,869,D,2024-06-28,1,False
2861,870,P,2024-06-24,0,True
2862,870,AS,2024-07-01,0,True
2863,870,D,2024-07-02,1,False
2864,871,P,2024-06-29,0,True
2865,871,BA,2024-07-03,0,True
2866,871,AS,2024-07-05,1,True
2868,872,P,2024-07-03,1,True
2871,873,P,2024-06-19,0,True
2872,873,BA,2024-06-23,0,True
2873,873,AS,2024-06-25,0,True
2874,873,D,2024-06-26,1,False
2875,874,P,2024-06-30,0,True
2876,874,AS,2024-07-02,1,True
2878,875,P,2024-06-20,0,True
2879,875,AS,2024-06-25,0,True
2880,875,D,2024-07-03,1,False
2881,876,P,2024-06-08,0,True
2882,876,BD,2024-06-11,0,True
2883,876,BR,2024-06-16,1,False
2884,877,P,2024-06-11,0,True
2885,877,BB,2024-06-18,1,True
2888,878,P,2024-06-14,0,True
2889,878,AS,2024-06-15,0,True
2890,878,D,2024-06-16,1,False
2891,879,P,2024-06-16,0,True
2892,879,BD,2024-06-18,0,True
2893,879,BB,2024-06-24,0,True
2894,879,AS,2024-07-03,1,True
2896,880,P,2024-06-16,0,True
2897,880,AS,2024-06-21,0,True
2898,880,D,2024-07-02,1,False
2899,881,P,2024-07-04,1,True
2902,882,P,2024-06-27,0,True
2903,882,AS,2024-06-30,1,True
2905,883,P,2024-06-13,0,True
2906,883,AS,2024-06-19,0,True
2907,883,D,2024-06-21,1,False
2908,884,P,2024-06-09,0,True
2909,884,BR,2024-06-10,1,False
2910,885,P,2024-06-08,0,True
2911,885,BA,2024-06-14,0,True
2912,885,AS,2024-06-17,0,True
2913,885,D,2024-06-19,1,False
2914,886,P,2024-06-18,0,True
2915,886,AS,2024-06-24,0,True
2916,886,D,2024-07-03,1,False
2917,887,P,2024-06-10,0,True
2918,887,AS,2024-06-14,0,True
2919,887,D,2024-06-20,1,False
2920,888,P,2024-06-07,0,True
2921,888,AS,2024-06-10,0,True
2922,888,D,2024-06-24,1,False
2923,889,P,2024-06-09,0,True
2924,889,BB,2024-06-15,0,True
2925,889,AS,2024-06-27,0,True
2926,889,D,2024-07-03,1,False
2927,890,P,2024-06-11,0,True
2928,890,AS,2024-06-15,0,True
2929,890,D,2024-06-25,1,False
2930,891,P,2024-06-20,0,True
2931,891,BZ,2024-06-23,1,True
2935,892,P,2024-06-21,0,True
2936,892,AS,2024-06-24,0,True
2937,892,D,2024-06-28,1,False
2938,893,P,2024-06-12,0,True
2939,893,AS,2024-06-16,0,True
2940,893,D,2024-06-25,1,False
2941,894,P,2024-06-05,0,True
2942,894,BB,2024-06-11,0,True
2943,894,BA,2024-06-25,0,True
2944,894,D,2024-06-28,1,False
2945,895,P,2024-06-08,0,True
2946,895,BA,2024-06-11,0,True
2947,895,AS,2024-06-14,0,True
2948,895,D,2024-06-29,1,False
2949,896,P,2024-06-05,0,True
2950,896,BB,2024-06-09,0,True
2951,896,AS,2024-06-18,0,True
2952,896,D,2024-06-30,1,False
2953,897,P,2024-06-27,0,True
2954,897,AS,2024-07-03,1,True
2956,898,P,2024-06-06,0,True
2957,898,AS,2024-06-10,0,True
2958,898,D,2024-06-18,1,False
2959,899,P,2024-06-06,0,True
2960,899,BA,2024-06-10,0,True
2961,899,AS,2024-06-11,0,True
2962,899,D,2024-06-21,1,False
2963,900,P,2024-06-21,0,True
2964,900,BR,2024-06-26,1,False
2965,901,P,2024-06-15,0,True
2966,901,AS,2024-06-21,0,True
2967,901,D,2024-07-01,1,False
2968,902,P,2024-06-05,0,True
2969,902,BD,2024-06-09,0,True
2970,902,BZ,2024-06-22,1,True
2973,903,P,2024-07-04,1,True
2976,904,P,2024-06-07,0,True
2977,904,BA,2024-06-09,0,True
2978,904,AS,2024-06-10,0,True
2979,904,D,2024-06-15,1,False
2980,905,P,2024-06-14,0,True
2981,905,BA,2024-06-16,0,True
2982,905,AS,2024-06-19,0,True
2983,905,BR,2024-06-29,1,False
2984,906,P,2024-06-25,0,True
2985,906,BA,2024-06-28,0,True
2986,906,D,2024-07-02,1,False
2987,907,P,2024-06-05,0,True
2988,907,BV,2024-06-07,0,True
2989,907,AS,2024-06-26,0,True
2990,907,D,2024-07-04,1,False
2991,908,P,2024-06-25,0,True
2992,908,BA,2024-06-29,0,True
2993,908,AS,2024-07-02,1,True
2995,909,P,2024-06-11,0,True
2996,909,AS,2024-06-15,0,True
2997,909,D,2024-06-28,1,False
2998,910,P,2024-06-29,0,True
2999,910,BA,2024-06-30,0,True
3000,910,BR,2024-07-04,1,False
3001,911,P,2024-06-07,0,True
3002,911,AS,2024-06-11,0,True
3003,911,D,2024-06-23,1,False
3004,912,P,2024-06-17,0,True
3005,912,BA,2024-06-21,0,True
3006,912,AS,2024-06-22,0,True
3007,912,D,2024-07-02,1,False
3008,913,P,2024-06-29,0,True
3009,913,BR,2024-07-01,1,False
3010,914,P,2024-06-08,0,True
3011,914,BA,2024-06-11,0,True
3012,914,AS,2024-06-13,0,True
3013,914,D,2024-06-21,1,False
3014,915,P,2024-06-19,0,True
3015,915,AS,2024-06-26,1,True
3017,916,P,2024-07-03,1,True
3020,917,P,2024-06-23,0,True
3021,917,AS,2024-06-28,1,True
3023,918,P,2024-06-06,0,True
3024,918,BA,2024-06-08,0,True
3025,918,D,2024-06-10,1,False
3026,919,P,2024-06-12,0,True
3027,919,BV,2024-06-18,0,True
3028,919,D,2024-06-19,1,False
3029,920,P,2024-06-10,0,True
3030,920,AS,2024-06-14,0,True
3031,920,D,2024-06-23,1,False
3032,921,P,2024-06-11,0,True
3033,921,BR,2024-06-17,1,False
3034,922,P,2024-06-19,0,True
3035,922,AS,2024-06-23,0,True
3036,922,D,2024-07-02,1,False
3037,923,P,2024-06-08,0,True
3038,923,AS,2024-06-11,0,True
3039,923,D,2024-06-15,1,False
3040,924,P,2024-06-25,0,True
3041,924,AS,2024-06-28,1,True
3043,925,P,2024-06-08,0,True
3044,925,BB,2024-06-11,1,True
3048,926,P,2024-06-23,0,True
3049,926,AS,2024-06-26,0,True
3050,926,D,2024-07-04,1,False
3051,927,P,2024-06-22,0,True
3052,927,BA,2024-06-27,0,True
3053,927,AS,2024-06-29,1,True
3055,928,P,2024-06-09,0,True
3056,928,BA,2024-06-12,0,True
3057,928,AS,2024-06-14,0,True
3058,928,D,2024-06-23,1,False
3059,929,P,2024-06-11,0,True
3060,929,AS,2024-06-13,0,True
3061,929,D,2024-06-24,1,False
3062,930,P,2024-06-28,0,True
3063,930,BA,2024-07-02,0,True
3064,930,AS,2024-07-05,1,True
3066,931,P,2024-06-05,0,True
3067,931,BA,2024-06-07,0,True
3068,931,AS,2024-06-09,0,True
3069,931,D,2024-06-23,1,False
3070,932,P,2024-06-11,0,True
3071,932,BR,2024-06-14,1,False
3072,933,P,2024-07-01,0,True
3073,933,AS,2024-07-05,1,True
3075,934,P,2024-06-18,0,True
3076,934,AS,2024-06-21,0,True
3077,934,D,2024-06-25,1,False
3078,935,P,2024-06-15,0,True
3079,935,BB,2024-06-18,1,True
3082,936,P,2024-06-20,0,True
3083,936,BA,2024-06-24,0,True
3084,936,AS,2024-06-25,0,True
3085,936,D,2024-07-01,1,False
3086,937,P,2024-06-20,0,True
3087,937,BZ,2024-06-25,1,True
3089,938,P,2024-06-18,0,True
3090,938,BB,2024-06-23,1,True
3093,939,P,2024-07-04,0,True
3094,939,AS,2024-07-05,1,True
3096,940,P,2024-06-29,0,True
3097,940,BA,2024-06-30,0,True
3098,940,D,2024-07-03,1,False
3099,941,P,2024-07-01,0,True
3100,941,AS,2024-07-05,1,True
3102,942,P,2024-07-01,0,True
3103,942,BB,2024-07-03,1,True
3106,943,P,2024-07-04,1,True
3109,944,P,2024-06-07,0,True
3110,944,BA,2024-06-10,0,True
3111,944,AS,2024-06-11,0,True
3112,944,D,2024-06-19,1,False
3113,945,P,2024-06-27,0,True
3114,945,AS,2024-06-29,0,True
3115,945,D,2024-07-05,1,False
3116,946,P,2024-06-12,0,True
3117,946,AS,2024-06-15,0,True
3118,946,D,2024-06-24,1,False
3119,947,P,2024-06-20,0,True
3120,947,BR,2024-06-22,1,False
3121,948,P,2024-06-18,0,True
3122,948,BB,2024-06-22,0,True
3123,948,BA,2024-06-29,0,True
3124,948,AS,2024-07-01,0,True
3125,948,D,2024-07-02,1,False
3126,949,P,2024-06-24,0,True
3127,949,AS,2024-06-27,1,True
3129,950,P,2024-06-26,0,True
3130,950,BR,2024-06-30,1,False
3131,951,P,2024-06-17,0,True
3132,951,BA,2024-06-20,0,True
3133,951,AS,2024-06-22,0,True
3134,951,D,2024-07-01,1,False
3135,952,P,2024-06-17,0,True
3136,952,AS,2024-06-20,0,True
3137,952,D,2024-06-24,1,False
3138,953,P,2024-06-24,0,True
3139,953,AS,2024-06-28,1,True
3141,954,P,2024-06-29,0,True
3142,954,AS,2024-07-02,1,True
3144,955,P,2024-06-07,0,True
3145,955,AS,2024-06-10,0,True
3146,955,D,2024-06-24,1,False
3147,956,P,2024-06-06,0,True
3148,956,AS,2024-06-10,0,True
3149,956,D,2024-06-17,1,False
3150,957,P,2024-06-14,0,True
3151,957,BR,2024-06-19,1,False
3152,958,P,2024-06-07,0,True
3153,958,AS,2024-06-12,0,True
3154,958,D,2024-06-20,1,False
3155,959,P,2024-06-19,0,True
3156,959,AS,2024-06-26,1,True
3158,960,P,2024-06-05,0,True
3159,960,BV,2024-06-10,0,True
3160,960,D,2024-06-20,1,False
3161,961,P,2024-06-12,0,True
3162,961,AS,2024-06-14,0,True
3163,961,D,2024-06-22,1,False
3164,962,P,2024-06-11,0,True
3165,962,AS,2024-06-13,0,True
3166,962,D,2024-06-29,1,False
3167,963,P,2024-06-22,0,True
3168,963,BB,2024-06-23,0,True
3169,963,BA,2024-07-04,1,True
3172,964,P,2024-06-05,0,True
3173,964,BV,2024-06-09,0,True
3174,964,D,2024-06-17,1,False
3175,965,P,2024-06-25,0,True
3176,965,AS,2024-07-01,1,True
3178,966,P,2024-07-02,0,True
3179,966,AS,2024-07-05,1,True
3181,967,P,2024-06-28,0,True
3182,967,AS,2024-07-04,1,True
3184,968,P,2024-06-18,0,True
3185,968,BD,2024-06-23,0,True
3186,968,AS,2024-07-04,1,True
3188,969,P,2024-07-01,0,True
3189,969,BR,2024-07-05,1,False
3190,970,P,2024-06-19,0,True
3191,970,BA,2024-06-25,0,True
3192,970,AS,2024-06-28,1,True
3194,971,P,2024-06-06,0,True
3195,971,BA,2024-06-10,0,True
3196,971,AS,2024-06-14,0,True
3197,971,D,2024-06-22,1,False
3198,972,P,2024-06-29,0,True
3199,972,AS,2024-07-01,1,True
3201,973,P,2024-06-05,0,True
3202,973,AS,2024-06-10,0,True
3203,973,D,2024-06-17,1,False
3204,974,P,2024-06-05,0,True
3205,974,AS,2024-06-08,0,True
3206,974,D,2024-06-16,1,False
3207,975,P,2024-06-07,0,True
3208,975,BB,2024-06-12,0,True
3209,975,AS,2024-06-24,0,True
3210,975,D,2024-07-04,1,False
3211,976,P,2024-06-21,0,True
3212,976,AS,2024-06-24,0,True
3213,976,D,2024-06-30,1,False
3214,977,P,2024-06-05,0,True
3215,977,BA,2024-06-07,0,True
3216,977,AS,2024-06-10,0,True
3217,977,D,2024-06-20,1,False
3218,978,P,2024-06-05,0,True
3219,978,BB,2024-06-10,0,True
3220,978,BZ,2024-06-21,1,True
3222,979,P,2024-06-24,0,True
3223,979,AS,2024-06-28,0,True
3224,979,D,2024-07-02,1,False
3225,980,P,2024-06-27,0,True
3226,980,BA,2024-07-01,0,True
3227,980,AS,2024-07-04,1,True
3229,981,P,2024-07-01,0,True
3230,981,BA,2024-07-04,1,True
3233,982,P,2024-06-14,0,True
3234,982,BA,2024-06-17,0,True
3235,982,AS,2024-06-19,0,True
3236,982,D,2024-06-30,1,False
3237,983,P,2024-06-11,0,True
3238,983,AS,2024-06-15,0,True
3239,983,D,2024-06-24,1,False
3240,984,P,2024-06-08,0,True
3241,984,BA,2024-06-09,0,True
3242,984,AS,2024-06-11,0,True
3243,984,D,2024-06-27,1,False
3244,985,P,2024-06-11,0,True
3245,985,AS,2024-06-14,0,True
3246,985,D,2024-06-24,1,False
3247,986,P,2024-06-12,0,True
3248,986,BA,2024-06-15,0,True
3249,986,AS,2024-06-17,0,True
3250,986,BR,2024-07-04,1,False
3251,987,P,2024-06-11,0,True
3252,987,AS,2024-06-15,0,True
3253,987,D,2024-06-25,1,False
3254,988,P,2024-06-11,0,True
3255,988,AS,2024-06-16,0,True
3256,988,D,2024-06-24,1,False
3257,989,P,2024-06-23,0,True
3258,989,BB,2024-06-26,1,True
3261,990,P,2024-06-17,0,True
3262,990,AS,2024-06-18,0,True
3263,990,D,2024-06-24,1,False
3264,991,P,2024-06-06,0,True
3265,991,AS,2024-06-09,0,True
3266,991,D,2024-06-20,1,False
3267,992,P,2024-06-22,0,True
3268,992,BA,2024-06-25,0,True
3269,992,AS,2024-06-26,1,True
3271,993,P,2024-06-25,0,True
3272,993,BA,2024-06-29,0,True
3273,993,AS,2024-07-01,1,True
3275,994,P,2024-06-18,0,True
3276,994,BA,2024-06-20,0,True
3277,994,AS,2024-06-22,0,True
3278,994,D,2024-06-30,1,False
3279,995,P,2024-06-05,0,True
3280,995,BA,2024-06-10,0,True
3281,995,AS,2024-06-13,0,True
3282,995,D,2024-06-24,1,False
3283,996,P,2024-06-13,0,True
3284,996,BA,2024-06-15,0,True
3285,996,AS,2024-06-17,0,True
3286,996,BR,2024-06-24,1,False
3287,997,P,2024-06-29,0,True
3288,997,BR,2024-07-02,1,False
3289,998,P,2024-07-04,1,True
3292,999,P,2024-06-22,0,True
3293,999,AS,2024-06-25,0,True
3294,999,D,2024-07-02,1,False
3295,1000,P,2024-06-22,0,True
3296,1000,BV,2024-06-25,0,True
3297,1000,D,2024-06-28,1,False
3298,1001,P,2024-07-04,1,True
3301,1002,P,2024-06-21,0,True
3302,1002,AS,2024-06-23,0,True
3303,1002,D,2024-06-29,1,False
3304,1003,P,2024-06-10,0,True
3305,1003,BA,2024-06-14,0,True
3306,1003,AS,2024-06-16,0,True
3307,1003,D,2024-06-28,1,False
3308,1004,P,2024-06-23,0,True
3309,1004,AS,2024-06-24,0,True
3310,1004,D,2024-06-26,1,False
3311,1005,P,2024-07-04,1,True
3314,1006,P,2024-06-19,0,True
3315,1006,BA,2024-06-25,0,True
3316,1006,AS,2024-06-27,1,True
3318,1007,P,2024-06-13,0,True
3319,1007,BR,2024-06-15,1,False
3320,1008,P,2024-06-17,0,True
3321,1008,AS,2024-06-18,0,True
3322,1008,D,2024-06-20,1,False
3323,1009,P,2024-06-11,0,True
3324,1009,BB,2024-06-14,0,True
3325,1009,AS,2024-06-15,0,True
3326,1009,D,2024-06-22,1,False
3327,1010,P,2024-06-11,0,True
3328,1010,BA,2024-06-14,0,True
3329,1010,AS,2024-06-15,0,True
3330,1010,D,2024-06-20,1,False
3331,1011,P,2024-06-19,0,True
3332,1011,AS,2024-06-24,0,True
3333,1011,D,2024-07-02,1,False
3334,1012,P,2024-06-10,0,True
3335,1012,BA,2024-06-15,0,True
3336,1012,AS,2024-06-18,0,True
3337,1012,D,2024-06-29,1,False
3338,1013,P,2024-06-09,0,True
3339,1013,BA,2024-06-13,0,True
3340,1013,D,2024-06-15,1,False
3341,1014,P,2024-06-06,0,True
3342,1014,AS,2024-06-11,0,True
3343,1014,BR,2024-06-16,1,False
3344,1015,P,2024-06-20,0,True
3345,1015,BR,2024-06-22,1,False
3346,1016,P,2024-07-04,0,True
3347,1016,BR,2024-07-05,1,False
3348,1017,P,2024-06-30,0,True
3349,1017,AS,2024-07-04,1,True
3351,1018,P,2024-06-07,0,True
3352,1018,BA,2024-06-08,0,True
3353,1018,AS,2024-06-11,0,True
3354,1018,D,2024-06-20,1,False
3355,1019,P,2024-06-25,0,True
3356,1019,AS,2024-06-30,1,True
3358,1020,P,2024-06-29,0,True
3359,1020,AS,2024-07-02,0,True
3360,1020,D,2024-07-05,1,False
3361,1021,P,2024-06-07,0,True
3362,1021,AS,2024-06-10,0,True
3363,1021,D,2024-06-20,1,False
3364,1022,P,2024-06-17,0,True
3365,1022,AS,2024-06-21,0,True
3366,1022,D,2024-07-02,1,False
3367,1023,P,2024-07-04,1,True
3370,1024,P,2024-07-01,1,True
3373,1025,P,2024-06-21,0,True
3374,1025,AS,2024-06-26,1,True
3376,1026,P,2024-06-09,0,True
3377,1026,AS,2024-06-14,0,True
3378,1026,D,2024-06-27,1,False
3379,1027,P,2024-06-21,0,True
3380,1027,AS,2024-06-25,0,True
3381,1027,D,2024-06-28,1,False
3382,1028,P,2024-06-26,0,True
3383,1028,AS,2024-06-29,1,True
3385,1029,P,2024-06-15,0,True
3386,1029,AS,2024-06-22,0,True
3387,1029,D,2024-07-01,1,False
3388,1030,P,2024-06-18,0,True
3389,1030,AS,2024-06-22,0,True
3390,1030,D,2024-06-24,1,False
3391,1031,P,2024-06-29,0,True
3392,1031,AS,2024-07-04,1,True
3394,1032,P,2024-06-15,0,True
3395,1032,BV,2024-06-18,0,True
3396,1032,AS,2024-07-04,1,True
3398,1033,P,2024-06-25,0,True
3399,1033,AS,2024-06-26,0,True
3400,1033,D,2024-07-05,1,False
3401,1034,P,2024-06-28,0,True
3402,1034,BA,2024-07-01,0,True
3403,1034,AS,2024-07-04,0,True
3404,1034,D,2024-07-05,1,False
3405,1035,P,2024-06-21,0,True
3406,1035,AS,2024-06-26,0,True
3407,1035,D,2024-06-27,1,False
3408,1036,P,2024-06-11,0,True
3409,1036,AS,2024-06-15,0,True
3410,1036,D,2024-06-26,1,False
3411,1037,P,2024-06-24,0,True
3412,1037,AS,2024-06-26,1,True
3414,1038,P,2024-06-21,0,True
3415,1038,AS,2024-06-23,0,True
3416,1038,D,2024-07-03,1,False
3417,1039,P,2024-06-17,0,True
3418,1039,BA,2024-06-20,0,True
3419,1039,D,2024-06-23,1,False
3420,1040,P,2024-06-12,0,True
3421,1040,BR,2024-06-15,1,False
3422,1041,P,2024-06-10,0,True
3423,1041,BB,2024-06-11,0,True
3424,1041,AS,2024-06-30,0,True
3425,1041,D,2024-07-04,1,False
3426,1042,P,2024-06-14,0,True
3427,1042,AS,2024-06-17,0,True
3428,1042,D,2024-06-18,1,False
3429,1043,P,2024-06-13,0,True
3430,1043,AS,2024-06-15,0,True
3431,1043,D,2024-06-26,1,False
3432,1044,P,2024-06-30,0,True
3433,1044,BA,2024-07-05,1,True
3436,1045,P,2024-07-04,1,True
3439,1046,P,2024-06-16,0,True
3440,1046,AS,2024-06-23,0,True
3441,1046,D,2024-06-28,1,False
3442,1047,P,2024-06-09,0,True
3443,1047,BD,2024-06-13,0,True
3444,1047,BV,2024-06-21,0,True
3445,1047,D,2024-07-01,1,False
3446,1048,P,2024-06-28,0,True
3447,1048,AS,2024-07-01,1,True
3449,1049,P,2024-06-28,0,True
3450,1049,BA,2024-07-02,1,True
3453,1050,P,2024-06-23,0,True
3454,1050,BA,2024-06-26,0,True
3455,1050,AS,2024-06-29,0,True
3456,1050,D,2024-07-04,1,False
3457,1051,P,2024-06-21,0,True
3458,1051,BB,2024-06-25,1,True
3461,1052,P,2024-06-10,0,True
3462,1052,AS,2024-06-14,0,True
3463,1052,D,2024-06-20,1,False
3464,1053,P,2024-06-21,0,True
3465,1053,BA,2024-06-25,0,True
3466,1053,AS,2024-06-28,0,True
3467,1053,D,2024-07-04,1,False
3468,1054,P,2024-06-18,0,True
3469,1054,AS,2024-06-21,0,True
3470,1054,D,2024-06-30,1,False
3471,1055,P,2024-06-25,0,True
3472,1055,BV,2024-06-26,1,True
3474,1056,P,2024-06-21,0,True
3475,1056,BA,2024-06-22,0,True
3476,1056,AS,2024-06-25,1,True
3478,1057,P,2024-06-05,0,True
3479,1057,AS,2024-06-08,0,True
3480,1057,D,2024-06-21,1,False
3481,1058,P,2024-06-28,0,True
3482,1058,AS,2024-07-04,1,True
3484,1059,P,2024-06-24,0,True
3485,1059,BA,2024-06-29,0,True
3486,1059,AS,2024-07-01,1,True
3488,1060,P,2024-06-11,0,True
3489,1060,AS,2024-06-15,0,True
3490,1060,D,2024-07-01,1,False
3491,1061,P,2024-07-03,1,True
3495,1062,P,2024-06-25,0,True
3496,1062,BA,2024-06-28,0,True
3497,1062,AS,2024-06-29,0,True
3498,1062,D,2024-07-03,1,False
3499,1063,P,2024-06-25,0,True
3500,1063,AS,2024-06-30,1,True
3502,1064,P,2024-06-08,0,True
3503,1064,AS,2024-06-11,0,True
3504,1064,D,2024-06-18,1,False
3505,1065,P,2024-07-03,1,True
3509,1066,P,2024-06-06,0,True
3510,1066,AS,2024-06-09,0,True
3511,1066,D,2024-06-23,1,False
3512,1067,P,2024-06-08,0,True
3513,1067,BA,2024-06-11,0,True
3514,1067,AS,2024-06-14,0,True
3515,1067,D,2024-06-16,1,False
3516,1068,P,2024-06-14,0,True
3517,1068,BA,2024-06-16,0,True
3518,1068,AS,2024-06-17,0,True
3519,1068,D,2024-06-28,1,False
3520,1069,P,2024-06-06,0,True
3521,1069,BA,2024-06-10,0,True
3522,1069,AS,2024-06-15,0,True
3523,1069,D,2024-06-19,1,False
3524,1070,P,2024-06-14,0,True
3525,1070,AS,2024-06-17,0,True
3526,1070,D,2024-06-24,1,False
3527,1071,P,2024-06-26,0,True
3528,1071,AS,2024-06-28,1,True
3530,1072,P,2024-06-19,0,True
3531,1072,AS,2024-06-20,0,True
3532,1072,D,2024-06-27,1,False
3533,1073,P,2024-06-22,0,True
3534,1073,BA,2024-06-25,0,True
3535,1073,AS,2024-06-28,0,True
3536,1073,D,2024-07-04,1,False
3537,1074,P,2024-06-26,0,True
3538,1074,BA,2024-06-28,0,True
3539,1074,AS,2024-07-01,1,True
3541,1075,P,2024-06-25,0,True
3542,1075,AS,2024-06-29,0,True
3543,1075,D,2024-07-02,1,False
3544,1076,P,2024-06-05,0,True
3545,1076,AS,2024-06-10,0,True
3546,1076,D,2024-06-22,1,False
3547,1077,P,2024-06-17,0,True
3548,1077,BA,2024-06-19,0,True
3549,1077,AS,2024-06-22,0,True
3550,1077,D,2024-07-01,1,False
3551,1078,P,2024-06-11,0,True
3552,1078,BB,2024-06-13,0,True
3553,1078,BA,2024-06-21,0,True
3554,1078,AS,2024-06-23,0,True
3555,1078,D,2024-07-04,1,False
3556,1079,P,2024-07-04,1,True
3560,1080,P,2024-06-19,0,True
3561,1080,AS,2024-06-25,0,True
3562,1080,D,2024-07-01,1,False
3563,1081,P,2024-06-05,0,True
3564,1081,BA,2024-06-06,0,True
3565,1081,AS,2024-06-09,0,True
3566,1081,D,2024-06-11,1,False
3567,1082,P,2024-06-15,0,True
3568,1082,BA,2024-06-19,0,True
3569,1082,AS,2024-06-23,0,True
3570,1082,D,2024-06-25,1,False
3571,1083,P,2024-06-18,0,True
3572,1083,AS,2024-06-22,0,True
3573,1083,D,2024-06-25,1,False
3574,1084,P,2024-06-18,0,True
3575,1084,AS,2024-06-20,0,True
3576,1084,D,2024-06-30,1,False
3577,1085,P,2024-07-02,0,True
3578,1085,AS,2024-07-03,1,True
3580,1086,P,2024-06-15,0,True
3581,1086,BR,2024-06-17,1,False
3582,1087,P,2024-07-02,0,True
3583,1087,AS,2024-07-04,1,True
3585,1088,P,2024-06-05,0,True
3586,1088,BR,2024-06-08,1,False
3587,1089,P,2024-06-28,0,True
3588,1089,AS,2024-07-02,1,True
3590,1090,P,2024-06-30,0,True
3591,1090,BA,2024-07-02,1,True
3594,1091,P,2024-06-08,0,True
3595,1091,AS,2024-06-10,0,True
3596,1091,D,2024-06-18,1,False
3597,1092,P,2024-06-20,0,True
3598,1092,BB,2024-06-23,1,True
3601,1093,P,2024-06-14,0,True
3602,1093,AS,2024-06-15,0,True
3603,1093,D,2024-06-25,1,False
3604,1094,P,2024-07-01,1,True
3609,1095,P,2024-06-08,0,True
3610,1095,AS,2024-06-13,0,True
3611,1095,D,2024-06-27,1,False
3612,1096,P,2024-06-08,0,True
3613,1096,AS,2024-06-11,0,True
3614,1096,D,2024-06-18,1,False
3615,1097,P,2024-06-27,0,True
3616,1097,BB,2024-07-01,1,True
3619,1098,P,2024-06-20,0,True
3620,1098,BD,2024-06-21,0,True
3621,1098,BA,2024-07-02,0,True
3622,1098,D,2024-07-03,1,False
3623,1099,P,2024-07-01,0,True
3624,1099,AS,2024-07-02,1,True
3626,1100,P,2024-06-06,0,True
3627,1100,AS,2024-06-09,0,True
3628,1100,BR,2024-06-19,1,False
3629,1101,P,2024-06-07,0,True
3630,1101,AS,2024-06-11,0,True
3631,1101,D,2024-06-20,1,False
3632,1102,P,2024-07-01,0,True
3633,1102,AS,2024-07-02,1,True
3635,1103,P,2024-06-08,0,True
3636,1103,BA,2024-06-09,0,True
3637,1103,AS,2024-06-10,0,True
3638,1103,D,2024-06-22,1,False
3639,1104,P,2024-06-26,0,True
3640,1104,BA,2024-06-28,0,True
3641,1104,AS,2024-07-01,1,True
3643,1105,P,2024-06-07,0,True
3644,1105,AS,2024-06-09,0,True
3645,1105,D,2024-06-15,1,False
3646,1106,P,2024-06-21,0,True
3647,1106,AS,2024-06-26,0,True
3648,1106,D,2024-06-30,1,False
3649,1107,P,2024-07-02,0,True
3650,1107,BD,2024-07-03,1,True
3654,1108,P,2024-06-27,0,True
3655,1108,AS,2024-06-29,1,True
3657,1109,P,2024-06-17,0,True
3658,1109,AS,2024-06-20,1,True
3660,1110,P,2024-06-26,0,True
3661,1110,BA,2024-07-03,1,True
3664,1111,P,2024-06-10,0,True
3665,1111,AS,2024-06-15,0,True
3666,1111,D,2024-06-21,1,False
3667,1112,P,2024-06-20,0,True
3668,1112,AS,2024-06-25,1,True
3670,1113,P,2024-06-30,0,True
3671,1113,AS,2024-07-05,1,True
3673,1114,P,2024-06-08,0,True
3674,1114,BA,2024-06-13,0,True
3675,1114,BR,2024-06-15,1,False
3676,1115,P,2024-07-03,1,True
3680,1116,P,2024-06-13,0,True
3681,1116,BA,2024-06-17,0,True
3682,1116,AS,2024-06-21,0,True
3683,1116,D,2024-06-29,1,False
3684,1117,P,2024-06-27,0,True
3685,1117,AS,2024-07-01,1,True
3687,1118,P,2024-06-21,0,True
3688,1118,BA,2024-06-26,0,True
3689,1118,AS,2024-06-28,0,True
3690,1118,D,2024-06-29,1,False
3691,1119,P,2024-06-17,0,True
3692,1119,BR,2024-06-19,1,False
3693,1120,P,2024-06-30,0,True
3694,1120,BR,2024-07-03,1,False
3695,1121,P,2024-06-09,0,True
3696,1121,BA,2024-06-12,0,True
3697,1121,AS,2024-06-14,0,True
3698,1121,D,2024-06-18,1,False
3699,1122,P,2024-06-09,0,True
3700,1122,BB,2024-06-14,0,True
3701,1122,AS,2024-07-04,1,True
3703,1123,P,2024-06-16,0,True
3704,1123,BZ,2024-06-21,0,True
3705,1123,BV,2024-07-01,1,True
3708,1124,P,2024-06-15,0,True
3709,1124,BA,2024-06-20,0,True
3710,1124,AS,2024-06-22,0,True
3711,1124,D,2024-07-04,1,False
3712,1125,P,2024-06-27,0,True
3713,1125,BD,2024-07-02,1,True
3716,1126,P,2024-06-29,0,True
3717,1126,BA,2024-07-05,1,True
3720,1127,P,2024-06-26,0,True
3721,1127,AS,2024-06-29,0,True
3722,1127,D,2024-07-04,1,False
3723,1128,P,2024-06-10,0,True
3724,1128,AS,2024-06-12,0,True
3725,1128,D,2024-06-26,1,False
3726,1129,P,2024-06-26,0,True
3727,1129,AS,2024-06-30,1,True
3729,1130,P,2024-06-16,0,True
3730,1130,BA,2024-06-19,0,True
3731,1130,D,2024-06-21,1,False
3732,1131,P,2024-06-05,0,True
3733,1131,BA,2024-06-06,0,True
3734,1131,AS,2024-06-09,0,True
3735,1131,D,2024-06-16,1,False
3736,1132,P,2024-06-16,0,True
3737,1132,AS,2024-06-18,0,True
3738,1132,D,2024-06-24,1,False
3739,1133,P,2024-06-17,0,True
3740,1133,AS,2024-06-20,0,True
3741,1133,D,2024-06-25,1,False
3742,1134,P,2024-06-09,0,True
3743,1134,BA,2024-06-12,0,True
3744,1134,AS,2024-06-15,0,True
3745,1134,D,2024-06-22,1,False
3746,1135,P,2024-07-01,0,True
3747,1135,BB,2024-07-04,1,True
3750,1136,P,2024-06-11,0,True
3751,1136,AS,2024-06-14,0,True
3752,1136,D,2024-06-22,1,False
3753,1137,P,2024-06-21,0,True
3754,1137,AS,2024-06-22,0,True
3755,1137,D,2024-06-29,1,False
3756,1138,P,2024-06-12,0,True
3757,1138,BA,2024-06-18,0,True
3758,1138,D,2024-06-20,1,False
3759,1139,P,2024-06-24,0,True
3760,1139,BD,2024-06-28,1,True
3763,1140,P,2024-06-29,0,True
3764,1140,AS,2024-07-01,1,True
3766,1141,P,2024-06-17,0,True
3767,1141,AS,2024-06-21,0,True
3768,1141,D,2024-07-01,1,False
3769,1142,P,2024-06-30,0,True
3770,1142,AS,2024-07-04,1,True
3772,1143,P,2024-06-14,0,True
3773,1143,BR,2024-06-19,1,False
3774,1144,P,2024-06-19,0,True
3775,1144,AS,2024-06-24,0,True
3776,1144,D,2024-07-04,1,False
3777,1145,P,2024-07-04,1,True
3781,1146,P,2024-06-17,0,True
3782,1146,BZ,2024-06-20,1,True
3786,1147,P,2024-06-05,0,True
3787,1147,AS,2024-06-09,0,True
3788,1147,D,2024-06-22,1,False
3789,1148,P,2024-06-05,0,True
3790,1148,BR,2024-06-09,1,False
3791,1149,P,2024-06-24,0,True
3792,1149,BA,2024-06-28,0,True
3793,1149,AS,2024-07-01,1,True
3795,1150,P,2024-06-23,0,True
3796,1150,BR,2024-06-27,1,False
3797,1151,P,2024-06-29,0,True
3798,1151,BV,2024-07-01,1,True
3801,1152,P,2024-06-14,0,True
3802,1152,AS,2024-06-23,1,True
3804,1153,P,2024-06-13,0,True
3805,1153,BA,2024-06-17,0,True
3806,1153,AS,2024-06-22,0,True
3807,1153,D,2024-07-04,1,False
3808,1154,P,2024-07-02,0,True
3809,1154,AS,2024-07-03,1,True
3811,1155,P,2024-06-22,0,True
3812,1155,BA,2024-06-27,0,True
3813,1155,AS,2024-06-29,1,True
3815,1156,P,2024-07-02,1,True
3818,1157,P,2024-06-09,0,True
3819,1157,AS,2024-06-13,0,True
3820,1157,D,2024-06-20,1,False
3821,1158,P,2024-07-04,1,True
3824,1159,P,2024-06-25,0,True
3825,1159,BB,2024-06-26,1,True
3828,1160,P,2024-06-14,0,True
3829,1160,AS,2024-06-15,0,True
3830,1160,D,2024-06-19,1,False
3831,1161,P,2024-06-18,0,True
3832,1161,AS,2024-06-19,0,True
3833,1161,D,2024-06-21,1,False
3834,1162,P,2024-06-12,0,True
3835,1162,BR,2024-06-15,1,False
3836,1163,P,2024-06-05,0,True
3837,1163,AS,2024-06-11,0,True
3838,1163,D,2024-06-16,1,False
3839,1164,P,2024-06-20,0,True
3840,1164,AS,2024-06-22,0,True
3841,1164,D,2024-07-04,1,False
3842,1165,P,2024-06-26,0,True
3843,1165,AS,2024-06-28,1,True
3845,1166,P,2024-06-19,0,True
3846,1166,AS,2024-06-23,0,True
3847,1166,D,2024-07-01,1,False
3848,1167,P,2024-06-22,0,True
3849,1167,AS,2024-06-25,1,True
3851,1168,P,2024-06-07,0,True
3852,1168,AS,2024-06-11,0,True
3853,1168,D,2024-06-25,1,False
3854,1169,P,2024-06-13,0,True
3855,1169,BB,2024-06-18,1,True
3858,1170,P,2024-07-03,1,True
3862,1171,P,2024-06-11,0,True
3863,1171,AS,2024-06-13,0,True
3864,1171,D,2024-06-21,1,False
3865,1172,P,2024-07-03,1,True
3869,1173,P,2024-06-10,0,True
3870,1173,BB,2024-06-14,0,True
3871,1173,BA,2024-07-01,0,True
3872,1173,AS,2024-07-04,1,True
3874,1174,P,2024-06-10,0,True
3875,1174,AS,2024-06-12,0,True
3876,1174,D,2024-06-20,1,False
3877,1175,P,2024-06-14,0,True
3878,1175,BA,2024-06-15,0,True
3879,1175,AS,2024-06-18,0,True
3880,1175,D,2024-06-20,1,False
3881,1176,P,2024-06-07,0,True
3882,1176,BB,2024-06-16,0,True
3883,1176,AS,2024-06-18,0,True
3884,1176,BR,2024-06-27,1,False
3885,1177,P,2024-06-15,0,True
3886,1177,BA,2024-06-17,0,True
3887,1177,AS,2024-06-19,0,True
3888,1177,D,2024-07-01,1,False
3889,1178,P,2024-06-29,0,True
3890,1178,BA,2024-06-30,0,True
3891,1178,AS,2024-07-02,1,True
3893,1179,P,2024-06-18,0,True
3894,1179,AS,2024-06-20,0,True
3895,1179,D,2024-06-23,1,False
3896,1180,P,2024-06-30,0,True
3897,1180,BA,2024-07-04,0,True
3898,1180,AS,2024-07-05,1,True
3900,1181,P,2024-06-16,0,True
3901,1181,AS,2024-06-18,1,True
3903,1182,P,2024-06-20,0,True
3904,1182,BV,2024-06-21,0,True
3905,1182,AS,2024-07-02,1,True
3907,1183,P,2024-06-16,0,True
3908,1183,AS,2024-06-18,0,True
3909,1183,D,2024-06-24,1,False
3910,1184,P,2024-06-26,0,True
3911,1184,AS,2024-06-28,1,True
3913,1185,P,2024-06-26,0,True
3914,1185,AS,2024-06-30,0,True
3915,1185,D,2024-07-03,1,False
3916,1186,P,2024-06-13,0,True
3917,1186,AS,2024-06-14,0,True
3918,1186,D,2024-06-24,1,False
3919,1187,P,2024-06-30,1,True
3922,1188,P,2024-06-07,0,True
3923,1188,AS,2024-06-12,0,True
3924,1188,D,2024-06-18,1,False
3925,1189,P,2024-07-04,1,True
3928,1190,P,2024-07-01,0,True
3929,1190,AS,2024-07-05,1,True
3931,1191,P,2024-06-25,0,True
3932,1191,BA,2024-06-26,0,True
3933,1191,D,2024-06-29,1,False
3934,1192,P,2024-06-10,0,True
3935,1192,AS,2024-06-14,0,True
3936,1192,D,2024-06-19,1,False
3937,1193,P,2024-06-05,0,True
3938,1193,AS,2024-06-10,0,True
3939,1193,D,2024-06-11,1,False
3940,1194,P,2024-06-21,0,True
3941,1194,BA,2024-06-28,0,True
3942,1194,AS,2024-07-01,1,True
3944,1195,P,2024-06-10,0,True
3945,1195,BD,2024-06-14,0,True
3946,1195,BV,2024-06-19,0,True
3947,1195,D,2024-07-02,1,False
3948,1196,P,2024-07-02,0,True
3949,1196,AS,2024-07-04,1,True
3951,1197,P,2024-06-26,0,True
3952,1197,AS,2024-06-29,1,True
3954,1198,P,2024-06-10,0,True
3955,1198,AS,2024-06-15,0,True
3956,1198,D,2024-06-23,1,False
3957,1199,P,2024-06-22,0,True
3958,1199,BA,2024-06-28,0,True
3959,1199,AS,2024-07-01,0,True
3960,1199,D,2024-07-05,1,False
3961,1200,P,2024-06-05,0,True
3962,1200,AS,2024-06-09,0,True
3963,1200,D,2024-06-19,1,False
3964,1201,P,2024-06-14,0,True
3965,1201,BR,2024-06-16,1,False
3966,1202,P,2024-06-09,0,True
3967,1202,BR,2024-06-14,1,False
3968,1203,P,2024-06-10,0,True
3969,1203,BA,2024-06-11,0,True
3970,1203,AS,2024-06-16,0,True
3971,1203,D,2024-06-23,1,False
3972,1204,P,2024-06-28,0,True
3973,1204,AS,2024-07-03,1,True
3975,1205,P,2024-06-28,0,True
3976,1205,BA,2024-07-01,0,True
3977,1205,AS,2024-07-05,1,True
3979,1206,P,2024-06-24,0,True
3980,1206,AS,2024-06-29,1,True
3982,1207,P,2024-06-07,0,True
3983,1207,AS,2024-06-14,0,True
3984,1207,D,2024-06-19,1,False
3985,1208,P,2024-06-26,0,True
3986,1208,BA,2024-06-30,0,True
3987,1208,AS,2024-07-05,1,True
3989,1209,P,2024-06-21,0,True
3990,1209,AS,2024-06-23,0,True
3991,1209,D,2024-07-03,1,False
3992,1210,P,2024-06-30,0,True
3993,1210,AS,2024-07-01,1,True
3995,1211,P,2024-06-20,0,True
3996,1211,AS,2024-06-22,0,True
3997,1211,D,2024-06-28,1,False
3998,1212,P,2024-07-01,0,True
3999,1212,AS,2024-07-02,1,True
4001,1213,P,2024-06-17,0,True
4002,1213,BV,2024-06-19,0,True
4003,1213,BR,2024-07-03,1,False
4004,1214,P,2024-06-11,0,True
4005,1214,BA,2024-06-14,0,True
4006,1214,AS,2024-06-16,0,True
4007,1214,BR,2024-06-22,1,False
4008,1215,P,2024-07-04,1,True
4011,1216,P,2024-06-14,0,True
4012,1216,AS,2024-06-18,0,True
4013,1216,D,2024-07-02,1,False
4014,1217,P,2024-06-15,0,True
4015,1217,AS,2024-06-20,0,True
4016,1217,D,2024-06-28,1,False
4017,1218,P,2024-06-18,0,True
4018,1218,BA,2024-06-21,0,True
4019,1218,AS,2024-06-23,0,True
4020,1218,D,2024-07-03,1,False
4021,1219,P,2024-06-10,0,True
4022,1219,AS,2024-06-14,0,True
4023,1219,D,2024-06-26,1,False
4024,1220,P,2024-06-17,0,True
4025,1220,AS,2024-06-21,0,True
4026,1220,D,2024-06-27,1,False
4027,1221,P,2024-06-14,0,True
4028,1221,AS,2024-06-16,0,True
4029,1221,D,2024-06-22,1,False
4030,1222,P,2024-06-27,0,True
4031,1222,BA,2024-06-28,0,True
4032,1222,AS,2024-06-30,1,True
4034,1223,P,2024-06-05,0,True
4035,1223,AS,2024-06-07,0,True
4036,1223,D,2024-06-17,1,False
4037,1224,P,2024-06-27,0,True
4038,1224,BA,2024-06-30,0,True
4039,1224,AS,2024-07-03,1,True
4041,1225,P,2024-06-18,0,True
4042,1225,BZ,2024-06-23,0,True
4043,1225,BV,2024-06-24,0,True
4044,1225,D,2024-06-30,1,False
4045,1226,P,2024-06-06,0,True
4046,1226,AS,2024-06-08,0,True
4047,1226,D,2024-06-13,1,False
4048,1227,P,2024-06-26,0,True
4049,1227,BA,2024-06-29,0,True
4050,1227,D,2024-06-30,1,False
4051,1228,P,2024-06-30,0,True
4052,1228,BA,2024-07-03,1,True
4055,1229,P,2024-06-30,0,True
4056,1229,AS,2024-07-03,1,True
4058,1230,P,2024-06-06,0,True
4059,1230,BV,2024-06-12,0,True
4060,1230,D,2024-06-29,1,False
4061,1231,P,2024-07-03,1,True
4064,1232,P,2024-06-21,0,True
4065,1232,AS,2024-06-24,0,True
4066,1232,D,2024-07-05,1,False
4067,1233,P,2024-06-05,0,True
4068,1233,BZ,2024-06-07,0,True
4069,1233,BV,2024-06-19,0,True
4070,1233,D,2024-07-04,1,False
4071,1234,P,2024-06-06,0,True
4072,1234,BA,2024-06-08,0,True
4073,1234,AS,2024-06-11,0,True
4074,1234,D,2024-06-12,1,False
4075,1235,P,2024-07-01,0,True
4076,1235,BA,2024-07-04,1,True
4079,1236,P,2024-06-07,0,True
4080,1236,BA,2024-06-11,0,True
4081,1236,AS,2024-06-14,0,True
4082,1236,D,2024-06-15,1,False
4083,1237,P,2024-06-10,0,True
4084,1237,BA,2024-06-15,0,True
4085,1237,AS,2024-06-19,0,True
4086,1237,D,2024-07-01,1,False
4087,1238,P,2024-06-21,0,True
4088,1238,BV,2024-06-26,1,True
4091,1239,P,2024-06-29,0,True
4092,1239,BA,2024-07-03,0,True
4093,1239,D,2024-07-05,1,False
4094,1240,P,2024-06-19,0,True
4095,1240,AS,2024-06-23,0,True
4096,1240,D,2024-07-03,1,False
4097,1241,P,2024-06-07,0,True
4098,1241,AS,2024-06-12,0,True
4099,1241,D,2024-06-18,1,False
4100,1242,P,2024-06-16,0,True
4101,1242,BR,2024-06-19,1,False
4102,1243,P,2024-06-13,0,True
4103,1243,BA,2024-06-14,0,True
4104,1243,AS,2024-06-17,0,True
4105,1243,D,2024-06-23,1,False
4106,1244,P,2024-07-01,0,True
4107,1244,AS,2024-07-04,1,True
4109,1245,P,2024-06-18,0,True
4110,1245,AS,2024-06-23,0,True
4111,1245,D,2024-06-30,1,False
4112,1246,P,2024-06-19,0,True
4113,1246,BR,2024-06-25,1,False
4114,1247,P,2024-06-22,0,True
4115,1247,AS,2024-06-27,1,True
4117,1248,P,2024-06-20,0,True
4118,1248,BR,2024-06-23,1,False
4119,1249,P,2024-06-16,0,True
4120,1249,BV,2024-06-17,0,True
4121,1249,D,2024-06-27,1,False
4122,1250,P,2024-06-16,0,True
4123,1250,BA,2024-06-19,0,True
4124,1250,AS,2024-06-21,0,True
4125,1250,D,2024-06-26,1,False
4126,1251,P,2024-06-13,0,True
4127,1251,BB,2024-06-14,0,True
4128,1251,BR,2024-07-01,1,False
4129,1252,P,2024-06-26,0,True
4130,1252,BB,2024-06-29,1,True
4133,1253,P,2024-06-09,0,True
4134,1253,AS,2024-06-12,0,True
4135,1253,D,2024-06-16,1,False
4136,1254,P,2024-06-22,0,True
4137,1254,AS,2024-06-27,0,True
4138,1254,D,2024-07-03,1,False
4139,1255,P,2024-06-10,0,True
4140,1255,BA,2024-06-13,0,True
4141,1255,AS,2024-06-14,0,True
4142,1255,D,2024-06-21,1,False
4143,1256,P,2024-06-18,0,True
4144,1256,BD,2024-06-20,0,True
4145,1256,BR,2024-07-02,1,False
4146,1257,P,2024-06-16,0,True
4147,1257,BA,2024-06-19,0,True
4148,1257,AS,2024-06-23,0,True
4149,1257,D,2024-07-02,1,False
4150,1258,P,2024-06-15,0,True
4151,1258,AS,2024-06-20,0,True
4152,1258,D,2024-06-22,1,False
4153,1259,P,2024-06-11,0,True
4154,1259,AS,2024-06-13,0,True
4155,1259,D,2024-06-25,1,False
4156,1260,P,2024-06-11,0,True
4157,1260,BR,2024-06-17,1,False
4158,1261,P,2024-07-03,1,True
4161,1262,P,2024-06-26,0,True
4162,1262,AS,2024-06-29,1,True
4164,1263,P,2024-06-12,0,True
4165,1263,BD,2024-06-15,0,True
4166,1263,BV,2024-06-19,0,True
4167,1263,D,2024-07-03,1,False
4168,1264,P,2024-06-17,0,True
4169,1264,AS,2024-06-22,0,True
4170,1264,D,2024-06-30,1,False
4171,1265,P,2024-06-21,0,True
4172,1265,AS,2024-06-24,0,True
4173,1265,D,2024-07-02,1,False
4174,1266,P,2024-07-04,1,True
4178,1267,P,2024-06-22,0,True
4179,1267,AS,2024-06-25,1,True
4181,1268,P,2024-06-13,0,True
4182,1268,BR,2024-06-16,1,False
4183,1269,P,2024-06-18,0,True
4184,1269,BA,2024-06-23,0,True
4185,1269,AS,2024-06-27,1,True
4187,1270,P,2024-06-12,0,True
4188,1270,BA,2024-06-18,0,True
4189,1270,AS,2024-06-23,0,True
4190,1270,D,2024-06-30,1,False
4191,1271,P,2024-06-29,0,True
4192,1271,AS,2024-07-02,0,True
4193,1271,BR,2024-07-05,1,False
4194,1272,P,2024-06-08,0,True
4195,1272,BB,2024-06-13,0,True
4196,1272,BA,2024-07-01,0,True
4197,1272,AS,2024-07-04,1,True
4199,1273,P,2024-06-25,0,True
4200,1273,BR,2024-06-26,1,False
4201,1274,P,2024-06-13,0,True
4202,1274,BB,2024-06-14,0,True
4203,1274,AS,2024-06-22,0,True
4204,1274,D,2024-06-26,1,False
4205,1275,P,2024-06-13,0,True
4206,1275,AS,2024-06-16,0,True
4207,1275,D,2024-06-23,1,False
4208,1276,P,2024-06-16,0,True
4209,1276,BB,2024-06-19,0,True
4210,1276,BR,2024-06-29,1,False
4211,1277,P,2024-06-24,0,True
4212,1277,BA,2024-06-28,0,True
4213,1277,AS,2024-07-01,1,True
4215,1278,P,2024-06-19,0,True
4216,1278,AS,2024-06-23,0,True
4217,1278,D,2024-06-30,1,False
4218,1279,P,2024-06-24,0,True
4219,1279,BA,2024-06-27,0,True
4220,1279,AS,2024-06-30,0,True
4221,1279,D,2024-07-01,1,False
4222,1280,P,2024-06-27,0,True
4223,1280,AS,2024-06-29,0,True
4224,1280,D,2024-07-05,1,False
4225,1281,P,2024-06-13,0,True
4226,1281,AS,2024-06-14,0,True
4227,1281,D,2024-06-20,1,False
4228,1282,P,2024-06-19,0,True
4229,1282,AS,2024-06-22,0,True
4230,1282,D,2024-06-27,1,False
4231,1283,P,2024-06-25,0,True
4232,1283,AS,2024-06-30,1,True
4234,1284,P,2024-06-24,0,True
4235,1284,AS,2024-06-28,0,True
4236,1284,D,2024-06-29,1,False
4237,1285,P,2024-06-23,0,True
4238,1285,AS,2024-06-27,0,True
4239,1285,D,2024-07-04,1,False
4240,1286,P,2024-06-20,0,True
4241,1286,AS,2024-06-23,0,True
4242,1286,D,2024-07-03,1,False
4243,1287,P,2024-07-04,1,True
4247,1288,P,2024-06-07,0,True
4248,1288,AS,2024-06-11,0,True
4249,1288,D,2024-06-25,1,False
4250,1289,P,2024-06-17,0,True
4251,1289,AS,2024-06-18,0,True
4252,1289,BR,2024-06-27,1,False
4253,1290,P,2024-06-25,0,True
4254,1290,BA,2024-06-28,0,True
4255,1290,AS,2024-06-29,0,True
4256,1290,D,2024-06-30,1,False
4257,1291,P,2024-06-21,0,True
4258,1291,AS,2024-06-24,1,True
4260,1292,P,2024-06-12,0,True
4261,1292,AS,2024-06-15,0,True
4262,1292,D,2024-06-24,1,False
4263,1293,P,2024-06-14,0,True
4264,1293,BA,2024-06-18,0,True
4265,1293,AS,2024-06-23,1,True
4267,1294,P,2024-06-21,0,True
4268,1294,AS,2024-06-26,1,True
4270,1295,P,2024-06-30,0,True
4271,1295,AS,2024-07-02,1,True
4273,1296,P,2024-06-14,0,True
4274,1296,AS,2024-06-17,0,True
4275,1296,D,2024-06-25,1,False
4276,1297,P,2024-06-15,0,True
4277,1297,AS,2024-06-19,0,True
4278,1297,D,2024-06-28,1,False
4279,1298,P,2024-06-28,0,True
4280,1298,AS,2024-07-02,1,True
4282,1299,P,2024-06-14,0,True
4283,1299,BB,2024-06-16,0,True
4284,1299,AS,2024-06-26,0,True
4285,1299,D,2024-07-03,1,False
4286,1300,P,2024-06-30,0,True
4287,1300,BB,2024-07-03,1,True
4291,1301,P,2024-06-12,0,True
4292,1301,AS,2024-06-17,0,True
4293,1301,D,2024-06-26,1,False
4294,1302,P,2024-06-09,0,True
4295,1302,AS,2024-06-11,0,True
4296,1302,D,2024-06-18,1,False
4297,1303,P,2024-06-27,0,True
4298,1303,BA,2024-06-30,0,True
4299,1303,AS,2024-07-02,1,True
4301,1304,P,2024-06-27,0,True
4302,1304,AS,2024-06-30,1,True
4304,1305,P,2024-07-03,1,True
4307,1306,P,2024-06-09,0,True
4308,1306,AS,2024-06-14,0,True
4309,1306,D,2024-06-28,1,False
4310,1307,P,2024-06-25,0,True
4311,1307,AS,2024-06-26,1,True
4313,1308,P,2024-06-29,0,True
4314,1308,AS,2024-07-02,1,True
4316,1309,P,2024-06-05,0,True
4317,1309,AS,2024-06-08,0,True
4318,1309,D,2024-06-17,1,False
4319,1310,P,2024-06-09,0,True
4320,1310,BR,2024-06-13,1,False
4321,1311,P,2024-06-16,0,True
4322,1311,BB,2024-06-18,1,True
4325,1312,P,2024-06-29,0,True
4326,1312,BR,2024-06-30,1,False
4327,1313,P,2024-06-17,0,True
4328,1313,AS,2024-06-22,0,True
4329,1313,D,2024-06-28,1,False
4330,1314,P,2024-06-22,0,True
4331,1314,AS,2024-06-23,0,True
4332,1314,D,2024-06-25,1,False
4333,1315,P,2024-06-30,0,True
4334,1315,AS,2024-07-04,1,True
4336,1316,P,2024-06-16,0,True
4337,1316,BA,2024-06-17,0,True
4338,1316,D,2024-06-18,1,False
4339,1317,P,2024-06-26,0,True
4340,1317,AS,2024-06-30,1,True
4342,1318,P,2024-07-01,0,True
4343,1318,AS,2024-07-04,1,True
4345,1319,P,2024-06-20,0,True
4346,1319,BA,2024-06-25,0,True
4347,1319,AS,2024-06-27,0,True
4348,1319,D,2024-07-05,1,False
4349,1320,P,2024-06-09,0,True
4350,1320,AS,2024-06-12,0,True
4351,1320,D,2024-06-25,1,False
4352,1321,P,2024-06-15,0,True
4353,1321,AS,2024-06-19,0,True
4354,1321,D,2024-07-02,1,False
4355,1322,P,2024-06-27,0,True
4356,1322,BV,2024-06-28,0,True
4357,1322,D,2024-07-05,1,False
4358,1323,P,2024-06-25,0,True
4359,1323,BA,2024-06-28,0,True
4360,1323,AS,2024-07-02,0,True
4361,1323,D,2024-07-03,1,False
4362,1324,P,2024-06-22,0,True
4363,1324,BA,2024-06-25,0,True
4364,1324,AS,2024-06-27,0,True
4365,1324,D,2024-07-05,1,False
4366,1325,P,2024-06-19,0,True
4367,1325,AS,2024-06-24,0,True
4368,1325,D,2024-06-28,1,False
4369,1326,P,2024-06-05,0,True
4370,1326,AS,2024-06-08,0,True
4371,1326,D,2024-06-12,1,False
4372,1327,P,2024-06-29,0,True
4373,1327,BA,2024-07-01,0,True
4374,1327,AS,2024-07-03,1,True
4376,1328,P,2024-06-21,0,True
4377,1328,AS,2024-06-24,1,True
4379,1329,P,2024-06-24,0,True
4380,1329,BA,2024-06-29,0,True
4381,1329,AS,2024-07-02,1,True
4383,1330,P,2024-06-09,0,True
4384,1330,BB,2024-06-12,1,True
4388,1331,P,2024-06-20,0,True
4389,1331,AS,2024-06-25,0,True
4390,1331,D,2024-07-03,1,False
4391,1332,P,2024-06-06,0,True
4392,1332,AS,2024-06-08,0,True
4393,1332,D,2024-06-13,1,False
4394,1333,P,2024-06-06,0,True
4395,1333,BA,2024-06-08,0,True
4396,1333,AS,2024-06-11,0,True
4397,1333,BR,2024-06-24,1,False
4398,1334,P,2024-06-18,0,True
4399,1334,BV,2024-06-24,0,True
4400,1334,BR,2024-06-27,1,False
4401,1335,P,2024-06-13,0,True
4402,1335,AS,2024-06-14,0,True
4403,1335,D,2024-06-28,1,False
4404,1336,P,2024-06-24,0,True
4405,1336,AS,2024-06-25,0,True
4406,1336,D,2024-06-26,1,False
4407,1337,P,2024-06-10,0,True
4408,1337,AS,2024-06-14,0,True
4409,1337,D,2024-06-18,1,False
4410,1338,P,2024-06-21,0,True
4411,1338,AS,2024-06-25,0,True
4412,1338,D,2024-07-01,1,False
4413,1339,P,2024-06-27,0,True
4414,1339,AS,2024-07-01,1,True
4416,1340,P,2024-06-29,0,True
4417,1340,AS,2024-07-01,1,True
4419,1341,P,2024-06-27,0,True
4420,1341,BA,2024-07-02,0,True
4421,1341,AS,2024-07-05,1,True
4423,1342,P,2024-06-07,0,True
4424,1342,AS,2024-06-08,0,True
4425,1342,D,2024-06-16,1,False
4426,1343,P,2024-06-08,0,True
4427,1343,AS,2024-06-12,0,True
4428,1343,BR,2024-06-19,1,False
4429,1344,P,2024-06-19,0,True
4430,1344,AS,2024-06-25,1,True
4432,1345,P,2024-06-16,0,True
4433,1345,AS,2024-06-22,0,True
4434,1345,D,2024-07-04,1,False
4435,1346,P,2024-06-19,0,True
4436,1346,AS,2024-06-24,0,True
4437,1346,D,2024-07-05,1,False
4438,1347,P,2024-06-27,0,True
4439,1347,BA,2024-07-02,0,True
4440,1347,AS,2024-07-03,1,True
4442,1348,P,2024-06-06,0,True
4443,1348,BA,2024-06-08,0,True
4444,1348,AS,2024-06-12,0,True
4445,1348,D,2024-06-14,1,False
4446,1349,P,2024-06-10,0,True
4447,1349,AS,2024-06-15,0,True
4448,1349,D,2024-06-16,1,False
4449,1350,P,2024-06-15,0,True
4450,1350,BB,2024-06-22,1,True
4453,1351,P,2024-06-12,0,True
4454,1351,BA,2024-06-19,0,True
4455,1351,AS,2024-06-22,0,True
4456,1351,D,2024-07-03,1,False
4457,1352,P,2024-06-06,0,True
4458,1352,AS,2024-06-10,0,True
4459,1352,D,2024-06-23,1,False
4460,1353,P,2024-06-09,0,True
4461,1353,BZ,2024-06-12,0,True
4462,1353,BV,2024-06-17,0,True
4463,1353,D,2024-06-24,1,False
4464,1354,P,2024-06-17,0,True
4465,1354,BR,2024-06-21,1,False
4466,1355,P,2024-06-29,0,True
4467,1355,BA,2024-07-01,0,True
4468,1355,AS,2024-07-03,1,True
4470,1356,P,2024-06-05,0,True
4471,1356,AS,2024-06-07,0,True
4472,1356,D,2024-06-13,1,False
4473,1357,P,2024-06-15,0,True
4474,1357,AS,2024-06-17,0,True
4475,1357,D,2024-06-26,1,False
4476,1358,P,2024-06-06,0,True
4477,1358,AS,2024-06-08,0,True
4478,1358,D,2024-06-14,1,False
4479,1359,P,2024-06-20,0,True
4480,1359,AS,2024-06-25,1,True
4482,1360,P,2024-06-23,0,True
4483,1360,BA,2024-06-28,0,True
4484,1360,AS,2024-06-30,1,True
4486,1361,P,2024-06-21,0,True
4487,1361,BB,2024-06-23,0,True
4488,1361,BR,2024-06-29,1,False
4489,1362,P,2024-06-27,0,True
4490,1362,BR,2024-06-30,1,False
4491,1363,P,2024-06-10,0,True
4492,1363,AS,2024-06-11,0,True
4493,1363,D,2024-06-16,1,False
4494,1364,P,2024-06-08,0,True
4495,1364,AS,2024-06-11,0,True
4496,1364,D,2024-06-22,1,False
4497,1365,P,2024-06-10,0,True
4498,1365,AS,2024-06-13,0,True
4499,1365,D,2024-06-27,1,False
4500,1366,P,2024-06-29,0,True
4501,1366,AS,2024-07-01,1,True
4503,1367,P,2024-06-24,0,True
4504,1367,AS,2024-06-29,1,True
4506,1368,P,2024-06-15,0,True
4507,1368,AS,2024-06-19,0,True
4508,1368,D,2024-06-29,1,False
4509,1369,P,2024-06-23,0,True
4510,1369,AS,2024-06-24,1,True
4512,1370,P,2024-06-26,0,True
4513,1370,BB,2024-06-27,1,True
4516,1371,P,2024-06-15,0,True
4517,1371,AS,2024-06-20,0,True
4518,1371,D,2024-06-28,1,False
4519,1372,P,2024-06-18,0,True
4520,1372,BA,2024-06-24,0,True
4521,1372,AS,2024-06-25,0,True
4522,1372,D,2024-07-03,1,False
4523,1373,P,2024-06-25,0,True
4524,1373,AS,2024-06-29,1,True
4526,1374,P,2024-06-27,0,True
4527,1374,AS,2024-06-29,1,True
4529,1375,P,2024-06-24,0,True
4530,1375,BA,2024-06-26,0,True
4531,1375,AS,2024-06-28,0,True
4532,1375,D,2024-07-04,1,False
4533,1376,P,2024-06-09,0,True
4534,1376,AS,2024-06-12,0,True
4535,1376,D,2024-06-22,1,False
4536,1377,P,2024-06-29,0,True
4537,1377,AS,2024-06-30,1,True
4539,1378,P,2024-06-25,0,True
4540,1378,AS,2024-06-30,1,True
4542,1379,P,2024-06-13,0,True
4543,1379,BA,2024-06-14,0,True
4544,1379,AS,2024-06-17,0,True
4545,1379,D,2024-07-03,1,False
4546,1380,P,2024-06-09,0,True
4547,1380,AS,2024-06-12,0,True
4548,1380,D,2024-06-23,1,False
4549,1381,P,2024-06-07,0,True
4550,1381,AS,2024-06-09,0,True
4551,1381,D,2024-06-27,1,False
4552,1382,P,2024-06-11,0,True
4553,1382,AS,2024-06-14,0,True
4554,1382,D,2024-06-19,1,False
4555,1383,P,2024-06-20,0,True
4556,1383,BD,2024-06-22,0,True
4557,1383,BB,2024-06-29,1,True
4560,1384,P,2024-06-10,0,True
4561,1384,AS,2024-06-14,0,True
4562,1384,D,2024-06-22,1,False
4563,1385,P,2024-06-05,0,True
4564,1385,AS,2024-06-07,0,True
4565,1385,D,2024-06-19,1,False
4566,1386,P,2024-06-22,0,True
4567,1386,AS,2024-06-25,1,True
4569,1387,P,2024-06-28,0,True
4570,1387,AS,2024-07-02,0,True
4571,1387,D,2024-07-03,1,False
4572,1388,P,2024-06-12,0,True
4573,1388,AS,2024-06-17,0,True
4574,1388,BR,2024-07-02,1,False
4575,1389,P,2024-06-30,0,True
4576,1389,BA,2024-07-05,1,True
4579,1390,P,2024-06-12,0,True
4580,1390,AS,2024-06-14,0,True
4581,1390,BR,2024-06-20,1,False
4582,1391,P,2024-07-04,1,True
4586,1392,P,2024-07-01,0,True
4587,1392,AS,2024-07-03,1,True
4589,1393,P,2024-06-27,0,True
4590,1393,AS,2024-06-30,1,True
4592,1394,P,2024-06-24,0,True
4593,1394,BA,2024-06-28,0,True
4594,1394,AS,2024-06-30,0,True
4595,1394,D,2024-07-05,1,False
4596,1395,P,2024-07-01,1,True
4599,1396,P,2024-06-23,0,True
4600,1396,AS,2024-06-24,0,True
4601,1396,D,2024-07-05,1,False
4602,1397,P,2024-06-28,0,True
4603,1397,AS,2024-07-04,1,True
4605,1398,P,2024-06-23,0,True
4606,1398,BA,2024-06-28,0,True
4607,1398,AS,2024-07-01,0,True
4608,1398,D,2024-07-02,1,False
4609,1399,P,2024-06-25,0,True
4610,1399,AS,2024-06-27,1,True
4612,1400,P,2024-06-08,0,True
4613,1400,BA,2024-06-11,0,True
4614,1400,AS,2024-06-16,0,True
4615,1400,D,2024-06-29,1,False
4616,1401,P,2024-06-17,0,True
4617,1401,AS,2024-06-19,0,True
4618,1401,D,2024-06-21,1,False
4619,1402,P,2024-06-22,0,True
4620,1402,AS,2024-06-28,1,True
4622,1403,P,2024-06-06,0,True
4623,1403,AS,2024-06-08,0,True
4624,1403,D,2024-06-15,1,False
4625,1404,P,2024-06-20,0,True
4626,1404,AS,2024-06-22,0,True
4627,1404,D,2024-06-30,1,False
4628,1405,P,2024-06-06,0,True
4629,1405,AS,2024-06-08,0,True
4630,1405,D,2024-06-15,1,False
4631,1406,P,2024-06-28,0,True
4632,1406,AS,2024-07-04,1,True
4634,1407,P,2024-06-07,0,True
4635,1407,BB,2024-06-08,0,True
4636,1407,AS,2024-06-13,0,True
4637,1407,D,2024-06-22,1,False
4638,1408,P,2024-06-29,0,True
4639,1408,AS,2024-07-02,1,True
4641,1409,P,2024-06-11,0,True
4642,1409,BB,2024-06-16,0,True
4643,1409,AS,2024-07-03,1,True
4645,1410,P,2024-06-08,0,True
4646,1410,AS,2024-06-14,0,True
4647,1410,D,2024-06-20,1,False
4648,1411,P,2024-07-03,1,True
4651,1412,P,2024-07-02,0,True
4652,1412,AS,2024-07-05,1,True
4654,1413,P,2024-06-22,0,True
4655,1413,AS,2024-06-26,0,True
4656,1413,D,2024-07-02,1,False
4657,1414,P,2024-06-22,0,True
4658,1414,BA,2024-06-28,0,True
4659,1414,D,2024-06-30,1,False
4660,1415,P,2024-06-18,0,True
4661,1415,BB,2024-06-22,1,True
4664,1416,P,2024-06-14,0,True
4665,1416,BD,2024-06-17,0,True
4666,1416,BB,2024-06-24,1,True
4669,1417,P,2024-06-07,0,True
4670,1417,AS,2024-06-10,0,True
4671,1417,D,2024-06-23,1,False
4672,1418,P,2024-06-23,0,True
4673,1418,BA,2024-06-26,0,True
4674,1418,AS,2024-06-28,1,True
4676,1419,P,2024-06-14,0,True
4677,1419,BB,2024-06-18,1,True
4681,1420,P,2024-06-11,0,True
4682,1420,BA,2024-06-16,0,True
4683,1420,AS,2024-06-18,0,True
4684,1420,D,2024-06-22,1,False
4685,1421,P,2024-06-07,0,True
4686,1421,BA,2024-06-09,0,True
4687,1421,AS,2024-06-12,0,True
4688,1421,D,2024-06-23,1,False
4689,1422,P,2024-06-17,0,True
4690,1422,AS,2024-06-24,0,True
4691,1422,D,2024-07-04,1,False
4692,1423,P,2024-06-13,0,True
4693,1423,BV,2024-06-15,0,True
4694,1423,BR,2024-06-27,1,False
4695,1424,P,2024-06-29,0,True
4696,1424,BA,2024-06-30,0,True
4697,1424,AS,2024-07-03,1,True
4699,1425,P,2024-06-08,0,True
4700,1425,AS,2024-06-10,0,True
4701,1425,D,2024-06-12,1,False
4702,1426,P,2024-06-26,0,True
4703,1426,AS,2024-06-29,1,True
4705,1427,P,2024-06-23,0,True
4706,1427,AS,2024-06-26,1,True
4708,1428,P,2024-06-19,0,True
4709,1428,AS,2024-06-23,0,True
4710,1428,D,2024-07-02,1,False
4711,1429,P,2024-06-16,0,True
4712,1429,BA,2024-06-19,0,True
4713,1429,AS,2024-06-20,0,True
4714,1429,D,2024-07-02,1,False
4715,1430,P,2024-06-21,0,True
4716,1430,BA,2024-06-23,0,True
4717,1430,AS,2024-06-26,0,True
4718,1430,D,2024-07-01,1,False
4719,1431,P,2024-06-30,0,True
4720,1431,AS,2024-07-03,1,True
4722,1432,P,2024-06-24,0,True
4723,1432,AS,2024-06-27,0,True
4724,1432,D,2024-06-28,1,False
4725,1433,P,2024-06-27,0,True
4726,1433,BA,2024-07-01,0,True
4727,1433,AS,2024-07-03,1,True
4729,1434,P,2024-06-11,0,True
4730,1434,AS,2024-06-17,0,True
4731,1434,D,2024-06-30,1,False
4732,1435,P,2024-06-27,0,True
4733,1435,BA,2024-06-29,0,True
4734,1435,BR,2024-07-02,1,False
4735,1436,P,2024-06-29,0,True
4736,1436,AS,2024-07-03,1,True
4738,1437,P,2024-07-02,1,True
4742,1438,P,2024-06-15,0,True
4743,1438,BA,2024-06-19,0,True
4744,1438,AS,2024-06-21,0,True
4745,1438,D,2024-07-03,1,False
4746,1439,P,2024-06-25,0,True
4747,1439,AS,2024-06-29,1,True
4749,1440,P,2024-06-09,0,True
4750,1440,BA,2024-06-12,0,True
4751,1440,AS,2024-06-13,0,True
4752,1440,D,2024-06-20,1,False
4753,1441,P,2024-06-20,0,True
4754,1441,AS,2024-06-24,0,True
4755,1441,D,2024-06-25,1,False
4756,1442,P,2024-06-06,0,True
4757,1442,AS,2024-06-08,0,True
4758,1442,D,2024-06-16,1,False
4759,1443,P,2024-06-26,0,True
4760,1443,BD,2024-07-01,1,True
4764,1444,P,2024-07-01,0,True
4765,1444,AS,2024-07-05,1,True
4767,1445,P,2024-07-02,0,True
4768,1445,BA,2024-07-04,1,True
4771,1446,P,2024-07-01,1,True
4774,1447,P,2024-06-05,0,True
4775,1447,AS,2024-06-08,0,True
4776,1447,D,2024-06-22,1,False
4777,1448,P,2024-06-10,0,True
4778,1448,AS,2024-06-14,0,True
4779,1448,D,2024-06-23,1,False
4780,1449,P,2024-06-09,0,True
4781,1449,BA,2024-06-14,0,True
4782,1449,AS,2024-06-17,0,True
4783,1449,D,2024-06-25,1,False
4784,1450,P,2024-06-12,0,True
4785,1450,BA,2024-06-16,0,True
4786,1450,AS,2024-06-18,0,True
4787,1450,D,2024-06-27,1,False
4788,1451,P,2024-06-09,0,True
4789,1451,AS,2024-06-15,0,True
4790,1451,D,2024-06-24,1,False
4791,1452,P,2024-06-09,0,True
4792,1452,AS,2024-06-12,0,True
4793,1452,D,2024-06-20,1,False
4794,1453,P,2024-06-15,0,True
4795,1453,AS,2024-06-17,0,True
4796,1453,D,2024-06-27,1,False
4797,1454,P,2024-06-22,0,True
4798,1454,BA,2024-06-26,0,True
4799,1454,AS,2024-06-29,1,True
4801,1455,P,2024-06-21,0,True
4802,1455,AS,2024-06-24,0,True
4803,1455,D,2024-06-25,1,False
4804,1456,P,2024-06-18,0,True
4805,1456,AS,2024-06-19,0,True
4806,1456,D,2024-06-28,1,False
4807,1457,P,2024-06-26,0,True
4808,1457,AS,2024-06-29,1,True
4810,1458,P,2024-06-12,0,True
4811,1458,AS,2024-06-15,0,True
4812,1458,D,2024-06-17,1,False
4813,1459,P,2024-07-02,0,True
4814,1459,AS,2024-07-03,0,True
4815,1459,D,2024-07-04,1,False
4816,1460,P,2024-06-06,0,True
4817,1460,AS,2024-06-10,0,True
4818,1460,BR,2024-06-19,1,False
4819,1461,P,2024-07-03,0,True
4820,1461,BV,2024-07-04,1,True
4823,1462,P,2024-06-07,0,True
4824,1462,AS,2024-06-10,0,True
4825,1462,D,2024-06-28,1,False
4826,1463,P,2024-06-28,0,True
4827,1463,AS,2024-06-29,1,True
4829,1464,P,2024-07-02,1,True
4832,1465,P,2024-06-25,0,True
4833,1465,BB,2024-07-01,1,True
4837,1466,P,2024-06-23,0,True
4838,1466,BA,2024-06-24,0,True
4839,1466,AS,2024-06-25,0,True
4840,1466,D,2024-07-03,1,False
4841,1467,P,2024-07-03,0,True
4842,1467,AS,2024-07-05,1,True
4844,1468,P,2024-06-09,0,True
4845,1468,AS,2024-06-13,0,True
4846,1468,D,2024-06-22,1,False
4847,1469,P,2024-07-03,0,True
4848,1469,BA,2024-07-05,1,True
4850,1470,P,2024-06-16,0,True
4851,1470,AS,2024-06-20,0,True
4852,1470,D,2024-06-25,1,False
4853,1471,P,2024-06-22,0,True
4854,1471,BA,2024-06-25,0,True
4855,1471,AS,2024-06-26,0,True
4856,1471,D,2024-06-27,1,False
4857,1472,P,2024-06-21,0,True
4858,1472,AS,2024-06-25,0,True
4859,1472,D,2024-06-30,1,False
4860,1473,P,2024-06-17,0,True
4861,1473,AS,2024-06-19,0,True
4862,1473,D,2024-06-30,1,False
4863,1474,P,2024-06-29,0,True
4864,1474,AS,2024-07-03,1,True
4866,1475,P,2024-07-02,0,True
4867,1475,AS,2024-07-04,1,True
4869,1476,P,2024-06-07,0,True
4870,1476,BA,2024-06-12,0,True
4871,1476,AS,2024-06-14,0,True
4872,1476,D,2024-06-19,1,False
4873,1477,P,2024-07-01,1,True
4876,1478,P,2024-06-20,0,True
4877,1478,BR,2024-06-22,1,False
4878,1479,P,2024-06-17,0,True
4879,1479,AS,2024-06-23,1,True
4881,1480,P,2024-06-13,0,True
4882,1480,BA,2024-06-19,0,True
4883,1480,AS,2024-06-21,0,True
4884,1480,D,2024-06-25,1,False
4885,1481,P,2024-06-23,0,True
4886,1481,BV,2024-06-26,0,True
4887,1481,D,2024-07-03,1,False
4888,1482,P,2024-06-15,0,True
4889,1482,AS,2024-06-18,0,True
4890,1482,D,2024-06-25,1,False
4891,1483,P,2024-06-16,0,True
4892,1483,AS,2024-06-22,0,True
4893,1483,D,2024-07-01,1,False
4894,1484,P,2024-06-12,0,True
4895,1484,BA,2024-06-17,0,True
4896,1484,AS,2024-06-20,0,True
4897,1484,D,2024-06-28,1,False
4898,1485,P,2024-06-26,0,True
4899,1485,BB,2024-06-30,1,True
4902,1486,P,2024-06-27,0,True
4903,1486,AS,2024-07-02,1,True
4905,1487,P,2024-06-17,0,True
4906,1487,BA,2024-06-20,0,True
4907,1487,AS,2024-06-22,0,True
4908,1487,D,2024-06-26,1,False
4909,1488,P,2024-07-02,0,True
4910,1488,AS,2024-07-05,1,True
4912,1489,P,2024-06-07,0,True
4913,1489,AS,2024-06-11,0,True
4914,1489,D,2024-06-21,1,False
4915,1490,P,2024-06-07,0,True
4916,1490,BA,2024-06-09,0,True
4917,1490,AS,2024-06-12,0,True
4918,1490,BR,2024-06-14,1,False
4919,1491,P,2024-06-07,0,True
4920,1491,BA,2024-06-12,0,True
4921,1491,AS,2024-06-15,0,True
4922,1491,D,2024-06-22,1,False
4923,1492,P,2024-06-27,0,True
4924,1492,AS,2024-06-29,1,True
4926,1493,P,2024-06-20,0,True
4927,1493,BA,2024-06-24,0,True
4928,1493,BR,2024-06-26,1,False
4929,1494,P,2024-06-29,0,True
4930,1494,AS,2024-07-03,1,True
4932,1495,P,2024-06-20,0,True
4933,1495,AS,2024-06-24,0,True
4934,1495,D,2024-07-04,1,False
4935,1496,P,2024-07-03,1,True
4937,1497,P,2024-07-04,1,True
4940,1498,P,2024-06-27,0,True
4941,1498,AS,2024-06-30,1,True
4943,1499,P,2024-06-29,0,True
4944,1499,AS,2024-07-01,1,True
4946,1500,P,2024-06-21,0,True
4947,1500,AS,2024-06-24,0,True
4948,1500,D,2024-07-01,1,False
4949,1501,P,2024-06-20,0,True
4950,1501,AS,2024-06-24,0,True
4951,1501,D,2024-06-28,1,False
4952,1502,P,2024-06-14,0,True
4953,1502,AS,2024-06-17,0,True
4954,1502,D,2024-06-21,1,False
4955,1503,P,2024-06-27,0,True
4956,1503,AS,2024-07-02,0,True
4957,1503,D,2024-07-05,1,False
4958,1504,P,2024-06-09,0,True
4959,1504,AS,2024-06-14,0,True
4960,1504,D,2024-06-21,1,False
4961,1505,P,2024-06-20,0,True
4962,1505,AS,2024-06-22,0,True
4963,1505,D,2024-06-23,1,False
4964,1506,P,2024-06-14,0,True
4965,1506,BA,2024-06-20,0,True
4966,1506,AS,2024-06-22,0,True
4967,1506,D,2024-07-01,1,False
4968,1507,P,2024-06-22,0,True
4969,1507,BA,2024-06-26,0,True
4970,1507,AS,2024-06-28,0,True
4971,1507,D,2024-07-04,1,False
4972,1508,P,2024-06-07,0,True
4973,1508,BB,2024-06-10,0,True
4974,1508,AS,2024-06-17,0,True
4975,1508,BR,2024-06-27,1,False
4976,1509,P,2024-06-09,0,True
4977,1509,AS,2024-06-11,0,True
4978,1509,D,2024-06-25,1,False
4979,1510,P,2024-06-05,0,True
4980,1510,AS,2024-06-08,0,True
4981,1510,D,2024-06-17,1,False
4982,1511,P,2024-06-22,0,True
4983,1511,BR,2024-06-26,1,False
4984,1512,P,2024-06-15,0,True
4985,1512,AS,2024-06-18,0,True
4986,1512,D,2024-06-20,1,False
4987,1513,P,2024-06-17,0,True
4988,1513,BA,2024-06-18,0,True
4989,1513,AS,2024-06-20,0,True
4990,1513,D,2024-07-01,1,False
4991,1514,P,2024-06-28,0,True
4992,1514,BB,2024-07-02,1,True
4996,1515,P,2024-07-02,0,True
4997,1515,AS,2024-07-03,1,True
4999,1516,P,2024-06-25,0,True
5000,1516,BB,2024-06-29,1,True
5004,1517,P,2024-06-05,0,True
5005,1517,AS,2024-06-08,0,True
5006,1517,D,2024-06-23,1,False
5007,1518,P,2024-06-12,0,True
5008,1518,AS,2024-06-15,0,True
5009,1518,D,2024-06-26,1,False
5010,1519,P,2024-06-24,0,True
5011,1519,BR,2024-06-30,1,False
5012,1520,P,2024-06-08,0,True
5013,1520,BV,2024-06-12,0,True
5014,1520,D,2024-06-22,1,False
5015,1521,P,2024-07-03,0,True
5016,1521,AS,2024-07-05,1,True
5018,1522,P,2024-06-18,0,True
5019,1522,BA,2024-06-22,0,True
5020,1522,AS,2024-06-26,0,True
5021,1522,D,2024-07-05,1,False
5022,1523,P,2024-06-17,0,True
5023,1523,BA,2024-06-20,0,True
5024,1523,AS,2024-06-23,0,True
5025,1523,D,2024-07-03,1,False
5026,1524,P,2024-06-22,0,True
5027,1524,BA,2024-06-26,0,True
5028,1524,AS,2024-06-30,0,True
5029,1524,D,2024-07-03,1,False
5030,1525,P,2024-06-13,0,True
5031,1525,BA,2024-06-17,0,True
5032,1525,AS,2024-06-22,0,True
5033,1525,D,2024-06-30,1,False
5034,1526,P,2024-06-29,0,True
5035,1526,AS,2024-07-02,1,True
5037,1527,P,2024-06-09,0,True
5038,1527,BB,2024-06-13,0,True
5039,1527,AS,2024-07-05,1,True
5041,1528,P,2024-06-15,0,True
5042,1528,BB,2024-06-20,1,True
5046,1529,P,2024-06-16,0,True
5047,1529,AS,2024-06-21,0,True
5048,1529,D,2024-06-25,1,False
5049,1530,P,2024-06-19,0,True
5050,1530,AS,2024-06-22,0,True
5051,1530,D,2024-06-26,1,False
5052,1531,P,2024-06-27,0,True
5053,1531,BA,2024-07-01,0,True
5054,1531,AS,2024-07-03,1,True
5056,1532,P,2024-07-04,1,True
5060,1533,P,2024-06-23,0,True
5061,1533,AS,2024-06-27,1,True
5063,1534,P,2024-07-02,1,True
5067,1535,P,2024-06-27,0,True
5068,1535,BA,2024-06-30,0,True
5069,1535,AS,2024-07-02,1,True
5071,1536,P,2024-06-08,0,True
5072,1536,AS,2024-06-11,0,True
5073,1536,D,2024-06-21,1,False
5074,1537,P,2024-06-05,0,True
5075,1537,BA,2024-06-12,0,True
5076,1537,D,2024-06-13,1,False
5077,1538,P,2024-06-14,0,True
5078,1538,BA,2024-06-15,0,True
5079,1538,AS,2024-06-16,0,True
5080,1538,D,2024-06-29,1,False
5081,1539,P,2024-06-28,0,True
5082,1539,AS,2024-06-29,1,True
5084,1540,P,2024-07-01,0,True
5085,1540,BA,2024-07-03,0,True
5086,1540,AS,2024-07-05,1,True
5088,1541,P,2024-07-04,1,True
5091,1542,P,2024-06-30,0,True
5092,1542,AS,2024-07-05,1,True
5094,1543,P,2024-06-28,0,True
5095,1543,BA,2024-07-03,1,True
5098,1544,P,2024-06-14,0,True
5099,1544,BR,2024-06-17,1,False
5100,1545,P,2024-06-09,0,True
5101,1545,BZ,2024-06-13,0,True
5102,1545,BV,2024-06-21,0,True
5103,1545,AS,2024-06-28,1,True
5105,1546,P,2024-06-26,0,True
5106,1546,AS,2024-06-28,1,True
5108,1547,P,2024-06-25,0,True
5109,1547,BA,2024-06-28,0,True
5110,1547,D,2024-06-30,1,False
5111,1548,P,2024-06-16,0,True
5112,1548,BR,2024-06-24,1,False
5113,1549,P,2024-06-22,0,True
5114,1549,AS,2024-06-23,0,True
5115,1549,BR,2024-07-05,1,False
5116,1550,P,2024-06-23,0,True
5117,1550,AS,2024-06-25,1,True
5119,1551,P,2024-06-19,0,True
5120,1551,BA,2024-06-23,0,True
5121,1551,AS,2024-06-26,0,True
5122,1551,D,2024-07-04,1,False
5123,1552,P,2024-06-07,0,True
5124,1552,BV,2024-06-12,0,True
5125,1552,D,2024-06-25,1,False
5126,1553,P,2024-06-29,0,True
5127,1553,AS,2024-07-03,1,True
5129,1554,P,2024-06-17,0,True
5130,1554,BA,2024-06-21,0,True
5131,1554,AS,2024-06-23,0,True
5132,1554,D,2024-07-04,1,False
5133,1555,P,2024-06-22,0,True
5134,1555,AS,2024-06-25,0,True
5135,1555,D,2024-07-03,1,False
5136,1556,P,2024-06-12,0,True
5137,1556,BR,2024-06-17,1,False
5138,1557,P,2024-06-07,0,True
5139,1557,BA,2024-06-12,0,True
5140,1557,AS,2024-06-13,0,True
5141,1557,D,2024-06-23,1,False
5142,1558,P,2024-06-14,0,True
5143,1558,BA,2024-06-20,0,True
5144,1558,AS,2024-06-24,1,True
5146,1559,P,2024-06-24,0,True
5147,1559,BA,2024-06-27,0,True
5148,1559,AS,2024-06-30,1,True
5150,1560,P,2024-06-05,0,True
5151,1560,BA,2024-06-10,0,True
5152,1560,AS,2024-06-14,0,True
5153,1560,D,2024-06-21,1,False
5154,1561,P,2024-06-28,0,True
5155,1561,AS,2024-07-02,1,True
5157,1562,P,2024-06-06,0,True
5158,1562,AS,2024-06-11,0,True
5159,1562,D,2024-06-18,1,False
5160,1563,P,2024-06-30,0,True
5161,1563,AS,2024-07-04,1,True
5163,1564,P,2024-06-27,0,True
5164,1564,AS,2024-07-03,1,True
5166,1565,P,2024-06-15,0,True
5167,1565,BA,2024-06-19,0,True
5168,1565,AS,2024-06-22,0,True
5169,1565,D,2024-06-30,1,False
5170,1566,P,2024-06-21,0,True
5171,1566,AS,2024-06-28,0,True
5172,1566,D,2024-07-04,1,False
5173,1567,P,2024-06-07,0,True
5174,1567,BR,2024-06-10,1,False
5175,1568,P,2024-06-07,0,True
5176,1568,BA,2024-06-10,0,True
5177,1568,AS,2024-06-13,0,True
5178,1568,D,2024-06-25,1,False
5179,1569,P,2024-07-01,0,True
5180,1569,AS,2024-07-03,1,True
5182,1570,P,2024-06-27,0,True
5183,1570,AS,2024-06-30,1,True
5185,1571,P,2024-06-05,0,True
5186,1571,BB,2024-06-06,0,True
5187,1571,AS,2024-06-20,1,True
5189,1572,P,2024-06-30,1,True
5193,1573,P,2024-06-06,0,True
5194,1573,AS,2024-06-07,0,True
5195,1573,D,2024-06-19,1,False
5196,1574,P,2024-06-08,0,True
5197,1574,AS,2024-06-13,0,True
5198,1574,D,2024-06-18,1,False
5199,1575,P,2024-06-23,0,True
5200,1575,BA,2024-06-26,0,True
5201,1575,D,2024-06-28,1,False
5202,1576,P,2024-06-07,0,True
5203,1576,BA,2024-06-12,0,True
5204,1576,AS,2024-06-15,0,True
5205,1576,D,2024-06-19,1,False
5206,1577,P,2024-07-02,1,True
5209,1578,P,2024-06-05,0,True
5210,1578,AS,2024-06-08,0,True
5211,1578,BR,2024-06-16,1,False
5212,1579,P,2024-06-18,0,True
5213,1579,BA,2024-06-23,0,True
5214,1579,AS,2024-06-27,0,True
5215,1579,D,2024-07-04,1,False
5216,1580,P,2024-07-01,0,True
5217,1580,AS,2024-07-04,1,True
5219,1581,P,2024-06-26,0,True
5220,1581,BA,2024-06-30,0,True
5221,1581,AS,2024-07-02,1,True
5223,1582,P,2024-06-24,0,True
5224,1582,AS,2024-06-27,0,True
5225,1582,D,2024-06-29,1,False
5226,1583,P,2024-06-20,0,True
5227,1583,AS,2024-06-24,0,True
5228,1583,D,2024-07-05,1,False
5229,1584,P,2024-06-17,0,True
5230,1584,AS,2024-06-20,0,True
5231,1584,D,2024-06-28,1,False
5232,1585,P,2024-06-23,0,True
5233,1585,BZ,2024-06-24,0,True
5234,1585,BV,2024-07-01,1,True
5236,1586,P,2024-06-30,0,True
5237,1586,AS,2024-07-04,1,True
5239,1587,P,2024-06-15,0,True
5240,1587,BA,2024-06-19,0,True
5241,1587,AS,2024-06-23,1,True
5243,1588,P,2024-06-26,0,True
5244,1588,BD,2024-07-02,1,True
5247,1589,P,2024-06-15,0,True
5248,1589,BB,2024-06-17,0,True
5249,1589,AS,2024-06-30,1,True
5251,1590,P,2024-06-20,0,True
5252,1590,AS,2024-06-24,1,True
5254,1591,P,2024-07-03,1,True
5258,1592,P,2024-06-29,0,True
5259,1592,BA,2024-07-01,0,True
5260,1592,AS,2024-07-04,1,True
5262,1593,P,2024-06-19,0,True
5263,1593,BA,2024-06-24,0,True
5264,1593,AS,2024-06-25,0,True
5265,1593,D,2024-07-03,1,False
5266,1594,P,2024-06-15,0,True
5267,1594,BA,2024-06-18,0,True
5268,1594,BR,2024-06-21,1,False
5269,1595,P,2024-06-05,0,True
5270,1595,AS,2024-06-09,0,True
5271,1595,D,2024-06-14,1,False
5272,1596,P,2024-06-05,0,True
5273,1596,BB,2024-06-10,0,True
5274,1596,AS,2024-06-27,1,True
5276,1597,P,2024-06-15,0,True
5277,1597,AS,2024-06-20,0,True
5278,1597,D,2024-06-30,1,False
5279,1598,P,2024-06-21,0,True
5280,1598,BZ,2024-06-26,1,True
5283,1599,P,2024-06-27,0,True
5284,1599,AS,2024-06-29,0,True
5285,1599,D,2024-07-04,1,False
5286,1600,P,2024-06-23,0,True
5287,1600,BV,2024-06-26,1,True
5289,1601,P,2024-06-25,0,True
5290,1601,AS,2024-06-28,0,True
5291,1601,D,2024-07-04,1,False
5292,1602,P,2024-06-22,0,True
5293,1602,AS,2024-06-25,0,True
5294,1602,D,2024-07-02,1,False
5295,1603,P,2024-06-17,0,True
5296,1603,BB,2024-06-21,0,True
5297,1603,BR,2024-07-03,1,False
5298,1604,P,2024-06-13,0,True
5299,1604,AS,2024-06-15,0,True
5300,1604,D,2024-06-24,1,False
5301,1605,P,2024-06-13,0,True
5302,1605,AS,2024-06-15,0,True
5303,1605,D,2024-06-23,1,False
5304,1606,P,2024-06-27,0,True
5305,1606,AS,2024-06-28,0,True
5306,1606,BR,2024-07-05,1,False
5307,1607,P,2024-06-21,0,True
5308,1607,AS,2024-06-26,0,True
5309,1607,D,2024-07-03,1,False
5310,1608,P,2024-06-20,0,True
5311,1608,BB,2024-06-25,0,True
5312,1608,AS,2024-06-29,1,True
5314,1609,P,2024-06-22,0,True
5315,1609,AS,2024-06-25,1,True
5317,1610,P,2024-06-18,0,True
5318,1610,BA,2024-06-22,0,True
5319,1610,AS,2024-06-27,1,True
5321,1611,P,2024-06-18,0,True
5322,1611,BA,2024-06-21,0,True
5323,1611,AS,2024-06-24,0,True
5324,1611,D,2024-07-02,1,False
5325,1612,P,2024-06-09,0,True
5326,1612,AS,2024-06-14,0,True
5327,1612,BR,2024-06-16,1,False
5328,1613,P,2024-07-04,1,True
5331,1614,P,2024-06-27,0,True
5332,1614,BA,2024-07-01,0,True
5333,1614,AS,2024-07-03,1,True
5335,1615,P,2024-06-13,0,True
5336,1615,BA,2024-06-15,0,True
5337,1615,AS,2024-06-18,0,True
5338,1615,BR,2024-06-25,1,False
5339,1616,P,2024-06-23,0,True
5340,1616,AS,2024-06-27,1,True
5342,1617,P,2024-06-14,0,True
5343,1617,AS,2024-06-15,0,True
5344,1617,D,2024-06-23,1,False
5345,1618,P,2024-06-26,0,True
5346,1618,BV,2024-06-29,1,True
5348,1619,P,2024-06-09,0,True
5349,1619,BV,2024-06-10,0,True
5350,1619,D,2024-06-16,1,False
5351,1620,P,2024-07-03,0,True
5352,1620,AS,2024-07-04,1,True
5354,1621,P,2024-06-30,0,True
5355,1621,AS,2024-07-03,1,True
5357,1622,P,2024-06-23,0,True
5358,1622,BA,2024-06-26,0,True
5359,1622,AS,2024-06-30,1,True
5361,1623,P,2024-07-02,1,True
5365,1624,P,2024-06-09,0,True
5366,1624,BA,2024-06-17,0,True
5367,1624,AS,2024-06-18,0,True
5368,1624,D,2024-06-24,1,False
5369,1625,P,2024-06-12,0,True
5370,1625,BA,2024-06-15,0,True
5371,1625,AS,2024-06-18,0,True
5372,1625,D,2024-06-25,1,False
5373,1626,P,2024-06-23,0,True
5374,1626,AS,2024-06-28,0,True
5375,1626,D,2024-07-01,1,False
5376,1627,P,2024-06-27,0,True
5377,1627,AS,2024-07-02,1,True
5379,1628,P,2024-06-08,0,True
5380,1628,BB,2024-06-10,0,True
5381,1628,AS,2024-06-14,0,True
5382,1628,D,2024-06-21,1,False
5383,1629,P,2024-06-20,0,True
5384,1629,AS,2024-06-23,0,True
5385,1629,D,2024-07-03,1,False
5386,1630,P,2024-06-06,0,True
5387,1630,BZ,2024-06-09,0,True
5388,1630,BV,2024-06-17,0,True
5389,1630,AS,2024-06-28,1,True
5391,1631,P,2024-06-22,0,True
5392,1631,BA,2024-06-24,0,True
5393,1631,BR,2024-06-28,1,False
5394,1632,P,2024-06-17,0,True
5395,1632,AS,2024-06-21,0,True
5396,1632,D,2024-06-29,1,False
5397,1633,P,2024-06-09,0,True
5398,1633,BV,2024-06-13,0,True
5399,1633,D,2024-06-27,1,False
5400,1634,P,2024-06-08,0,True
5401,1634,AS,2024-06-14,0,True
5402,1634,D,2024-06-23,1,False
5403,1635,P,2024-06-10,0,True
5404,1635,AS,2024-06-14,0,True
5405,1635,D,2024-06-23,1,False
5406,1636,P,2024-06-09,0,True
5407,1636,AS,2024-06-11,0,True
5408,1636,D,2024-06-21,1,False
5409,1637,P,2024-06-24,0,True
5410,1637,BA,2024-06-28,0,True
5411,1637,AS,2024-07-01,1,True
5413,1638,P,2024-06-05,0,True
5414,1638,AS,2024-06-12,0,True
5415,1638,D,2024-06-15,1,False
5416,1639,P,2024-06-29,0,True
5417,1639,BB,2024-07-02,1,True
5420,1640,P,2024-06-27,0,True
5421,1640,AS,2024-07-01,1,True
5423,1641,P,2024-06-14,0,True
5424,1641,AS,2024-06-16,0,True
5425,1641,D,2024-07-05,1,False
5426,1642,P,2024-06-25,0,True
5427,1642,AS,2024-06-29,0,True
5428,1642,D,2024-07-03,1,False
5429,1643,P,2024-06-25,0,True
5430,1643,BA,2024-06-29,0,True
5431,1643,AS,2024-07-01,1,True
5433,1644,P,2024-06-29,0,True
5434,1644,AS,2024-07-03,1,True
5436,1645,P,2024-06-23,0,True
5437,1645,AS,2024-06-26,0,True
5438,1645,D,2024-07-03,1,False
5439,1646,P,2024-06-15,0,True
5440,1646,BR,2024-06-17,1,False
5441,1647,P,2024-07-01,0,True
5442,1647,BA,2024-07-03,1,True
5445,1648,P,2024-06-17,0,True
5446,1648,AS,2024-06-19,0,True
5447,1648,D,2024-06-27,1,False
5448,1649,P,2024-06-23,0,True
5449,1649,AS,2024-06-26,0,True
5450,1649,D,2024-07-04,1,False
5451,1650,P,2024-07-03,0,True
5452,1650,AS,2024-07-05,1,True
5454,1651,P,2024-06-12,0,True
5455,1651,AS,2024-06-18,0,True
5456,1651,D,2024-07-05,1,False
5457,1652,P,2024-06-24,0,True
5458,1652,AS,2024-06-26,1,True
5460,1653,P,2024-06-23,0,True
5461,1653,AS,2024-06-27,1,True
5463,1654,P,2024-07-04,1,True
5466,1655,P,2024-06-29,0,True
5467,1655,BA,2024-07-02,0,True
5468,1655,AS,2024-07-04,1,True
5470,1656,P,2024-06-25,0,True
5471,1656,BR,2024-07-01,1,False
5472,1657,P,2024-06-18,0,True
5473,1657,BZ,2024-06-23,0,True
5474,1657,BV,2024-07-04,1,True
5476,1658,P,2024-06-22,0,True
5477,1658,AS,2024-06-23,0,True
5478,1658,D,2024-07-05,1,False
5479,1659,P,2024-06-11,0,True
5480,1659,AS,2024-06-16,0,True
5481,1659,D,2024-06-29,1,False
5482,1660,P,2024-07-04,1,True
5485,1661,P,2024-06-11,0,True
5486,1661,BA,2024-06-14,0,True
5487,1661,D,2024-06-15,1,False
5488,1662,P,2024-06-29,0,True
5489,1662,AS,2024-07-03,1,True
5491,1663,P,2024-07-02,0,True
5492,1663,BB,2024-07-05,1,True
5495,1664,P,2024-06-25,0,True
5496,1664,AS,2024-06-28,1,True
5498,1665,P,2024-06-11,0,True
5499,1665,AS,2024-06-14,0,True
5500,1665,D,2024-06-21,1,False
5501,1666,P,2024-06-29,0,True
5502,1666,AS,2024-07-01,1,True
5504,1667,P,2024-06-06,0,True
5505,1667,BA,2024-06-11,0,True
5506,1667,AS,2024-06-14,0,True
5507,1667,D,2024-06-16,1,False
5508,1668,P,2024-06-20,0,True
5509,1668,BB,2024-06-22,0,True
5510,1668,AS,2024-07-03,1,True
5512,1669,P,2024-06-24,0,True
5513,1669,AS,2024-06-29,1,True
5515,1670,P,2024-06-22,0,True
5516,1670,BZ,2024-06-24,1,True
5520,1671,P,2024-06-18,0,True
5521,1671,AS,2024-06-19,0,True
5522,1671,D,2024-06-29,1,False
5523,1672,P,2024-06-05,0,True
5524,1672,AS,2024-06-09,0,True
5525,1672,D,2024-06-13,1,False
5526,1673,P,2024-06-17,0,True
5527,1673,BA,2024-06-20,0,True
5528,1673,AS,2024-06-24,0,True
5529,1673,D,2024-07-05,1,False
5530,1674,P,2024-06-29,0,True
5531,1674,BR,2024-07-02,1,False
5532,1675,P,2024-06-27,0,True
5533,1675,BB,2024-07-04,1,True
5535,1676,P,2024-06-19,0,True
5536,1676,BA,2024-06-22,0,True
5537,1676,AS,2024-06-24,0,True
5538,1676,D,2024-06-30,1,False
5539,1677,P,2024-06-19,0,True
5540,1677,BB,2024-06-25,1,True
5543,1678,P,2024-07-03,1,True
5546,1679,P,2024-06-18,0,True
5547,1679,AS,2024-06-22,0,True
5548,1679,D,2024-06-25,1,False
5549,1680,P,2024-06-11,0,True
5550,1680,BA,2024-06-15,0,True
5551,1680,AS,2024-06-18,0,True
5552,1680,D,2024-06-23,1,False
5553,1681,P,2024-06-23,0,True
5554,1681,AS,2024-06-27,1,True
5556,1682,P,2024-06-11,0,True
5557,1682,BA,2024-06-15,0,True
5558,1682,AS,2024-06-18,0,True
5559,1682,D,2024-06-27,1,False
5560,1683,P,2024-06-27,0,True
5561,1683,BA,2024-07-02,0,True
5562,1683,AS,2024-07-05,1,True
5564,1684,P,2024-06-07,0,True
5565,1684,AS,2024-06-12,0,True
5566,1684,D,2024-06-23,1,False
5567,1685,P,2024-06-06,0,True
5568,1685,AS,2024-06-08,0,True
5569,1685,D,2024-06-13,1,False
5570,1686,P,2024-06-13,0,True
5571,1686,BR,2024-06-16,1,False
5572,1687,P,2024-06-18,0,True
5573,1687,BA,2024-06-19,0,True
5574,1687,AS,2024-06-22,0,True
5575,1687,D,2024-07-02,1,False
5576,1688,P,2024-06-29,0,True
5577,1688,BR,2024-06-30,1,False
5578,1689,P,2024-06-16,0,True
5579,1689,AS,2024-06-19,0,True
5580,1689,D,2024-06-27,1,False
5581,1690,P,2024-06-05,0,True
5582,1690,AS,2024-06-09,0,True
5583,1690,D,2024-06-14,1,False
5584,1691,P,2024-06-17,0,True
5585,1691,AS,2024-06-25,1,True
5587,1692,P,2024-06-29,0,True
5588,1692,BA,2024-07-03,0,True
5589,1692,AS,2024-07-04,1,True
5591,1693,P,2024-06-26,0,True
5592,1693,AS,2024-06-27,1,True
5594,1694,P,2024-06-25,0,True
5595,1694,AS,2024-06-27,1,True
5597,1695,P,2024-06-15,0,True
5598,1695,BR,2024-06-18,1,False
5599,1696,P,2024-06-09,0,True
5600,1696,AS,2024-06-12,0,True
5601,1696,D,2024-06-25,1,False
5602,1697,P,2024-06-12,0,True
5603,1697,AS,2024-06-13,0,True
5604,1697,D,2024-06-24,1,False
5605,1698,P,2024-07-04,1,True
5609,1699,P,2024-06-16,0,True
5610,1699,BA,2024-06-21,0,True
5611,1699,AS,2024-06-23,0,True
5612,1699,D,2024-06-30,1,False
5613,1700,P,2024-07-01,1,True
5617,1701,P,2024-06-11,0,True
5618,1701,BV,2024-06-16,0,True
5619,1701,D,2024-06-22,1,False
5620,1702,P,2024-06-06,0,True
5621,1702,AS,2024-06-07,0,True
5622,1702,D,2024-06-22,1,False
5623,1703,P,2024-06-12,0,True
5624,1703,AS,2024-06-15,0,True
5625,1703,D,2024-07-02,1,False
5626,1704,P,2024-06-24,0,True
5627,1704,BA,2024-06-29,0,True
5628,1704,AS,2024-07-01,1,True
5630,1705,P,2024-06-13,0,True
5631,1705,AS,2024-06-17,0,True
5632,1705,D,2024-06-29,1,False
5633,1706,P,2024-06-27,0,True
5634,1706,BA,2024-06-28,0,True
5635,1706,AS,2024-06-30,0,True
5636,1706,D,2024-07-05,1,False
5637,1707,P,2024-06-23,0,True
5638,1707,BR,2024-06-25,1,False
5639,1708,P,2024-06-14,0,True
5640,1708,BR,2024-06-17,1,False
5641,1709,P,2024-07-04,0,True
5642,1709,BA,2024-07-05,1,True
5645,1710,P,2024-06-28,0,True
5646,1710,BR,2024-07-02,1,False
5647,1711,P,2024-06-25,0,True
5648,1711,BR,2024-06-28,1,False
5649,1712,P,2024-06-11,0,True
5650,1712,BB,2024-06-13,0,True
5651,1712,AS,2024-07-03,1,True
5653,1713,P,2024-06-15,0,True
5654,1713,AS,2024-06-18,0,True
5655,1713,D,2024-06-29,1,False
5656,1714,P,2024-06-07,0,True
5657,1714,BA,2024-06-12,0,True
5658,1714,AS,2024-06-16,0,True
5659,1714,D,2024-06-25,1,False
5660,1715,P,2024-06-06,0,True
5661,1715,AS,2024-06-11,0,True
5662,1715,D,2024-06-14,1,False
5663,1716,P,2024-06-08,0,True
5664,1716,BA,2024-06-14,0,True
5665,1716,AS,2024-06-19,0,True
5666,1716,BR,2024-06-24,1,False
5667,1717,P,2024-06-22,0,True
5668,1717,BA,2024-06-23,0,True
5669,1717,AS,2024-06-25,1,True
5671,1718,P,2024-07-02,0,True
5672,1718,AS,2024-07-05,1,True
5674,1719,P,2024-06-17,0,True
5675,1719,BA,2024-06-21,0,True
5676,1719,AS,2024-06-24,0,True
5677,1719,D,2024-07-03,1,False
5678,1720,P,2024-07-03,1,True
5681,1721,P,2024-06-05,0,True
5682,1721,AS,2024-06-11,0,True
5683,1721,D,2024-06-18,1,False
5684,1722,P,2024-06-23,0,True
5685,1722,AS,2024-06-24,0,True
5686,1722,D,2024-07-02,1,False
5687,1723,P,2024-06-25,0,True
5688,1723,AS,2024-06-30,1,True
5690,1724,P,2024-06-11,0,True
5691,1724,BA,2024-06-16,0,True
5692,1724,D,2024-06-17,1,False
5693,1725,P,2024-06-07,0,True
5694,1725,BV,2024-06-13,0,True
5695,1725,AS,2024-06-14,0,True
5696,1725,D,2024-06-20,1,False
5697,1726,P,2024-06-19,0,True
5698,1726,AS,2024-06-22,0,True
5699,1726,D,2024-07-05,1,False
5700,1727,P,2024-06-15,0,True
5701,1727,BA,2024-06-20,0,True
5702,1727,D,2024-06-22,1,False
5703,1728,P,2024-06-18,0,True
5704,1728,BA,2024-06-20,0,True
5705,1728,AS,2024-06-22,0,True
5706,1728,D,2024-07-01,1,False
5707,1729,P,2024-06-10,0,True
5708,1729,BB,2024-06-12,0,True
5709,1729,AS,2024-06-18,0,True
5710,1729,D,2024-06-29,1,False
5711,1730,P,2024-06-07,0,True
5712,1730,BB,2024-06-12,0,True
5713,1730,AS,2024-06-26,0,True
5714,1730,D,2024-06-30,1,False
5715,1731,P,2024-06-08,0,True
5716,1731,AS,2024-06-11,0,True
5717,1731,D,2024-06-23,1,False
5718,1732,P,2024-06-21,0,True
5719,1732,BB,2024-06-25,1,True
5722,1733,P,2024-06-27,0,True
5723,1733,AS,2024-06-30,1,True
5725,1734,P,2024-06-12,0,True
5726,1734,AS,2024-06-13,0,True
5727,1734,D,2024-06-16,1,False
5728,1735,P,2024-06-16,0,True
5729,1735,BA,2024-06-19,0,True
5730,1735,AS,2024-06-23,0,True
5731,1735,D,2024-06-29,1,False
5732,1736,P,2024-06-24,0,True
5733,1736,AS,2024-06-28,1,True
5735,1737,P,2024-06-17,0,True
5736,1737,BA,2024-06-20,0,True
5737,1737,D,2024-06-23,1,False
5738,1738,P,2024-06-13,0,True
5739,1738,BA,2024-06-16,0,True
5740,1738,AS,2024-06-19,0,True
5741,1738,D,2024-06-25,1,False
5742,1739,P,2024-06-06,0,True
5743,1739,BB,2024-06-10,0,True
5744,1739,AS,2024-06-14,0,True
5745,1739,D,2024-06-17,1,False
5746,1740,P,2024-06-29,0,True
5747,1740,BA,2024-06-30,0,True
5748,1740,AS,2024-07-04,1,True
5750,1741,P,2024-06-29,0,True
5751,1741,BR,2024-07-04,1,False
5752,1742,P,2024-06-22,0,True
5753,1742,AS,2024-06-27,0,True
5754,1742,D,2024-06-29,1,False
5755,1743,P,2024-06-24,0,True
5756,1743,AS,2024-06-25,0,True
5757,1743,D,2024-07-03,1,False
5758,1744,P,2024-06-20,0,True
5759,1744,AS,2024-06-24,0,True
5760,1744,BR,2024-07-01,1,False
5761,1745,P,2024-06-17,0,True
5762,1745,AS,2024-06-22,0,True
5763,1745,D,2024-06-28,1,False
5764,1746,P,2024-06-13,0,True
5765,1746,AS,2024-06-15,0,True
5766,1746,D,2024-06-21,1,False
5767,1747,P,2024-07-03,1,True
5770,1748,P,2024-06-17,0,True
5771,1748,AS,2024-06-22,0,True
5772,1748,D,2024-07-01,1,False
5773,1749,P,2024-07-02,1,True
5776,1750,P,2024-06-21,0,True
5777,1750,BA,2024-06-22,0,True
5778,1750,AS,2024-06-26,0,True
5779,1750,D,2024-07-01,1,False
5780,1751,P,2024-06-28,0,True
5781,1751,AS,2024-06-30,1,True
5783,1752,P,2024-06-23,0,True
5784,1752,AS,2024-06-26,1,True
5786,1753,P,2024-06-23,0,True
5787,1753,AS,2024-06-29,1,True
5789,1754,P,2024-06-08,0,True
5790,1754,BA,2024-06-14,0,True
5791,1754,AS,2024-06-17,0,True
5792,1754,D,2024-06-23,1,False
5793,1755,P,2024-06-17,0,True
5794,1755,AS,2024-06-20,0,True
5795,1755,D,2024-06-27,1,False
5796,1756,P,2024-06-14,0,True
5797,1756,BB,2024-06-16,0,True
5798,1756,AS,2024-06-25,0,True
5799,1756,D,2024-06-30,1,False
5800,1757,P,2024-07-01,0,True
5801,1757,AS,2024-07-05,1,True
5803,1758,P,2024-06-12,0,True
5804,1758,AS,2024-06-17,0,True
5805,1758,D,2024-06-23,1,False
5806,1759,P,2024-06-28,0,True
5807,1759,AS,2024-07-02,1,True
5809,1760,P,2024-06-28,0,True
5810,1760,BA,2024-06-30,0,True
5811,1760,AS,2024-07-04,1,True
5813,1761,P,2024-06-17,0,True
5814,1761,AS,2024-06-21,0,True
5815,1761,D,2024-06-24,1,False
5816,1762,P,2024-06-30,0,True
5817,1762,AS,2024-07-01,1,True
5819,1763,P,2024-06-24,0,True
5820,1763,AS,2024-06-26,0,True
5821,1763,D,2024-07-03,1,False
5822,1764,P,2024-06-18,0,True
5823,1764,AS,2024-06-23,0,True
5824,1764,D,2024-07-03,1,False
5825,1765,P,2024-06-21,0,True
5826,1765,AS,2024-06-26,1,True
5828,1766,P,2024-06-23,0,True
5829,1766,AS,2024-06-29,1,True
5831,1767,P,2024-06-05,0,True
5832,1767,BA,2024-06-08,0,True
5833,1767,AS,2024-06-10,0,True
5834,1767,D,2024-06-23,1,False
5835,1768,P,2024-06-22,0,True
5836,1768,AS,2024-06-26,0,True
5837,1768,D,2024-07-02,1,False
5838,1769,P,2024-06-21,0,True
5839,1769,AS,2024-06-27,1,True
5841,1770,P,2024-07-01,0,True
5842,1770,BA,2024-07-05,1,True
5845,1771,P,2024-06-21,0,True
5846,1771,AS,2024-06-24,0,True
5847,1771,D,2024-07-04,1,False
5848,1772,P,2024-06-12,0,True
5849,1772,BV,2024-06-16,0,True
5850,1772,D,2024-06-24,1,False
5851,1773,P,2024-06-22,0,True
5852,1773,AS,2024-06-26,1,True
5854,1774,P,2024-07-04,1,True
5857,1775,P,2024-06-27,0,True
5858,1775,BR,2024-07-03,1,False
5859,1776,P,2024-06-11,0,True
5860,1776,AS,2024-06-14,0,True
5861,1776,D,2024-06-23,1,False
5862,1777,P,2024-06-11,0,True
5863,1777,AS,2024-06-17,0,True
5864,1777,D,2024-06-24,1,False
5865,1778,P,2024-07-03,1,True
5868,1779,P,2024-06-11,0,True
5869,1779,BR,2024-06-15,1,False
5870,1780,P,2024-06-10,0,True
5871,1780,AS,2024-06-15,0,True
5872,1780,D,2024-06-18,1,False
5873,1781,P,2024-06-28,0,True
5874,1781,AS,2024-06-29,1,True
5876,1782,P,2024-06-19,0,True
5877,1782,AS,2024-06-22,0,True
5878,1782,D,2024-07-03,1,False
5879,1783,P,2024-06-20,0,True
5880,1783,AS,2024-06-25,0,True
5881,1783,D,2024-06-30,1,False
5882,1784,P,2024-06-15,0,True
5883,1784,AS,2024-06-16,0,True
5884,1784,D,2024-06-22,1,False
5885,1785,P,2024-06-14,0,True
5886,1785,AS,2024-06-16,0,True
5887,1785,D,2024-06-17,1,False
5888,1786,P,2024-06-07,0,True
5889,1786,BA,2024-06-11,0,True
5890,1786,AS,2024-06-14,0,True
5891,1786,D,2024-06-19,1,False
5892,1787,P,2024-06-24,0,True
5893,1787,AS,2024-06-27,1,True
5895,1788,P,2024-06-17,0,True
5896,1788,AS,2024-06-23,0,True
5897,1788,D,2024-06-29,1,False
5898,1789,P,2024-06-25,0,True
5899,1789,AS,2024-06-27,0,True
5900,1789,D,2024-07-01,1,False
5901,1790,P,2024-06-10,0,True
5902,1790,AS,2024-06-13,0,True
5903,1790,D,2024-06-18,1,False
5904,1791,P,2024-06-26,0,True
5905,1791,BA,2024-06-29,0,True
5906,1791,AS,2024-07-02,1,True
5908,1792,P,2024-06-20,0,True
5909,1792,AS,2024-06-22,0,True
5910,1792,D,2024-07-04,1,False
5911,1793,P,2024-07-02,1,True
5914,1794,P,2024-07-04,1,True
5918,1795,P,2024-07-04,1,True
5921,1796,P,2024-07-03,1,True
5924,1797,P,2024-06-14,0,True
5925,1797,AS,2024-06-20,0,True
5926,1797,D,2024-06-30,1,False
5927,1798,P,2024-06-18,0,True
5928,1798,BA,2024-06-21,0,True
5929,1798,AS,2024-06-26,0,True
5930,1798,D,2024-06-28,1,False
5931,1799,P,2024-06-11,0,True
5932,1799,AS,2024-06-16,0,True
5933,1799,D,2024-07-02,1,False
5934,1800,P,2024-06-12,0,True
5935,1800,AS,2024-06-16,0,True
5936,1800,D,2024-06-24,1,False
5937,1801,P,2024-06-18,0,True
5938,1801,BA,2024-06-21,0,True
5939,1801,D,2024-06-24,1,False
5940,1802,P,2024-06-21,0,True
5941,1802,AS,2024-06-25,0,True
5942,1802,D,2024-07-05,1,False
5943,1803,P,2024-06-15,0,True
5944,1803,BA,2024-06-20,0,True
5945,1803,AS,2024-06-22,0,True
5946,1803,D,2024-07-03,1,False
5947,1804,P,2024-06-28,0,True
5948,1804,BB,2024-07-01,1,True
5952,1805,P,2024-06-25,0,True
5953,1805,AS,2024-06-29,1,True
5955,1806,P,2024-06-22,0,True
5956,1806,BA,2024-06-28,0,True
5957,1806,BR,2024-07-01,1,False
5958,1807,P,2024-06-25,0,True
5959,1807,BB,2024-06-30,1,True
5963,1808,P,2024-06-09,0,True
5964,1808,AS,2024-06-11,0,True
5965,1808,D,2024-06-16,1,False
5966,1809,P,2024-06-17,0,True
5967,1809,BA,2024-06-22,0,True
5968,1809,AS,2024-06-24,0,True
5969,1809,D,2024-07-01,1,False
5970,1810,P,2024-06-28,0,True
5971,1810,AS,2024-07-03,1,True
5973,1811,P,2024-06-20,0,True
5974,1811,BB,2024-06-24,1,True
5976,1812,P,2024-06-28,0,True
5977,1812,AS,2024-07-02,1,True
5979,1813,P,2024-06-30,0,True
5980,1813,AS,2024-07-02,1,True
5982,1814,P,2024-06-26,0,True
5983,1814,BB,2024-06-29,1,True
5986,1815,P,2024-06-24,0,True
5987,1815,AS,2024-06-27,1,True
5989,1816,P,2024-06-15,0,True
5990,1816,BD,2024-06-20,0,True
5991,1816,BB,2024-06-25,1,True
5994,1817,P,2024-06-12,0,True
5995,1817,BA,2024-06-18,0,True
5996,1817,AS,2024-06-19,0,True
5997,1817,D,2024-06-26,1,False
5998,1818,P,2024-06-25,0,True
5999,1818,BB,2024-06-28,1,True
6001,1819,P,2024-06-14,0,True
6002,1819,AS,2024-06-19,0,True
6003,1819,D,2024-07-04,1,False
6004,1820,P,2024-07-03,1,True
6007,1821,P,2024-06-05,0,True
6008,1821,AS,2024-06-07,0,True
6009,1821,D,2024-06-12,1,False
6010,1822,P,2024-06-29,0,True
6011,1822,AS,2024-07-03,1,True
6013,1823,P,2024-07-04,1,True
6017,1824,P,2024-06-28,0,True
6018,1824,AS,2024-07-01,1,True
6020,1825,P,2024-06-17,0,True
6021,1825,BB,2024-06-20,1,True
6024,1826,P,2024-06-11,0,True
6025,1826,AS,2024-06-13,0,True
6026,1826,D,2024-06-24,1,False
6027,1827,P,2024-06-26,0,True
6028,1827,BA,2024-07-02,0,True
6029,1827,AS,2024-07-05,1,True
6031,1828,P,2024-06-17,0,True
6032,1828,AS,2024-06-22,1,True
6034,1829,P,2024-06-18,0,True
6035,1829,BA,2024-06-22,0,True
6036,1829,AS,2024-06-23,0,True
6037,1829,D,2024-07-01,1,False
6038,1830,P,2024-06-23,0,True
6039,1830,BV,2024-06-27,1,True
6042,1831,P,2024-06-16,0,True
6043,1831,BA,2024-06-20,0,True
6044,1831,AS,2024-06-23,0,True
6045,1831,D,2024-06-28,1,False
6046,1832,P,2024-06-16,0,True
6047,1832,AS,2024-06-21,0,True
6048,1832,D,2024-06-28,1,False
6049,1833,P,2024-06-19,0,True
6050,1833,AS,2024-06-20,0,True
6051,1833,D,2024-06-25,1,False
6052,1834,P,2024-07-01,0,True
6053,1834,AS,2024-07-03,1,True
6055,1835,P,2024-06-24,0,True
6056,1835,BA,2024-06-27,0,True
6057,1835,AS,2024-06-29,1,True
6059,1836,P,2024-06-17,0,True
6060,1836,BA,2024-06-21,0,True
6061,1836,AS,2024-06-23,0,True
6062,1836,D,2024-07-05,1,False
6063,1837,P,2024-07-02,1,True
6066,1838,P,2024-06-26,0,True
6067,1838,AS,2024-07-01,1,True
6069,1839,P,2024-06-29,0,True
6070,1839,AS,2024-07-02,1,True
6072,1840,P,2024-06-15,0,True
6073,1840,BA,2024-06-18,0,True
6074,1840,AS,2024-06-21,0,True
6075,1840,D,2024-06-29,1,False
6076,1841,P,2024-06-16,0,True
6077,1841,BV,2024-06-19,0,True
6078,1841,AS,2024-06-24,0,True
6079,1841,D,2024-07-05,1,False
6080,1842,P,2024-06-19,0,True
6081,1842,BA,2024-06-23,0,True
6082,1842,AS,2024-06-26,0,True
6083,1842,D,2024-07-03,1,False
6084,1843,P,2024-07-04,1,True
6087,1844,P,2024-07-02,1,True
6090,1845,P,2024-06-11,0,True
6091,1845,AS,2024-06-13,0,True
6092,1845,D,2024-06-23,1,False
6093,1846,P,2024-06-11,0,True
6094,1846,AS,2024-06-13,0,True
6095,1846,D,2024-06-16,1,False
6096,1847,P,2024-06-20,0,True
6097,1847,BA,2024-06-21,0,True
6098,1847,AS,2024-06-23,0,True
6099,1847,D,2024-07-03,1,False
6100,1848,P,2024-06-21,0,True
6101,1848,AS,2024-06-24,0,True
6102,1848,D,2024-06-28,1,False
6103,1849,P,2024-07-03,1,True
6105,1850,P,2024-06-30,0,True
6106,1850,AS,2024-07-03,1,True
6108,1851,P,2024-07-03,1,True
6112,1852,P,2024-06-24,0,True
6113,1852,AS,2024-06-28,0,True
6114,1852,D,2024-07-05,1,False
6115,1853,P,2024-07-01,1,True
6118,1854,P,2024-07-03,1,True
6122,1855,P,2024-06-07,0,True
6123,1855,BA,2024-06-11,0,True
6124,1855,AS,2024-06-12,0,True
6125,1855,D,2024-06-19,1,False
6126,1856,P,2024-07-04,1,True
6129,1857,P,2024-06-15,0,True
6130,1857,BA,2024-06-17,0,True
6131,1857,AS,2024-06-20,0,True
6132,1857,D,2024-07-02,1,False
6133,1858,P,2024-06-20,0,True
6134,1858,AS,2024-06-22,0,True
6135,1858,D,2024-07-02,1,False
6136,1859,P,2024-06-06,0,True
6137,1859,AS,2024-06-07,0,True
6138,1859,D,2024-06-12,1,False
6139,1860,P,2024-06-26,0,True
6140,1860,AS,2024-06-29,1,True
6142,1861,P,2024-07-02,0,True
6143,1861,BA,2024-07-05,1,True
6146,1862,P,2024-06-11,0,True
6147,1862,AS,2024-06-16,0,True
6148,1862,D,2024-07-02,1,False
6149,1863,P,2024-06-05,0,True
6150,1863,AS,2024-06-09,0,True
6151,1863,D,2024-06-17,1,False
6152,1864,P,2024-06-29,0,True
6153,1864,AS,2024-07-04,1,True
6155,1865,P,2024-06-22,0,True
6156,1865,BA,2024-06-23,0,True
6157,1865,AS,2024-06-26,0,True
6158,1865,D,2024-06-29,1,False
6159,1866,P,2024-06-07,0,True
6160,1866,BB,2024-06-13,1,True
6163,1867,P,2024-06-21,0,True
6164,1867,BA,2024-06-25,0,True
6165,1867,AS,2024-06-27,0,True
6166,1867,D,2024-06-29,1,False
6167,1868,P,2024-06-12,0,True
6168,1868,AS,2024-06-15,0,True
6169,1868,D,2024-06-18,1,False
6170,1869,P,2024-06-12,0,True
6171,1869,AS,2024-06-14,0,True
6172,1869,D,2024-06-26,1,False
6173,1870,P,2024-06-07,0,True
6174,1870,BA,2024-06-10,0,True
6175,1870,AS,2024-06-12,0,True
6176,1870,D,2024-06-23,1,False
6177,1871,P,2024-06-11,0,True
6178,1871,BZ,2024-06-13,1,True
6181,1872,P,2024-06-21,0,True
6182,1872,BR,2024-06-25,1,False
6183,1873,P,2024-06-29,0,True
6184,1873,AS,2024-07-02,1,True
6186,1874,P,2024-06-27,0,True
6187,1874,AS,2024-06-30,1,True
6189,1875,P,2024-06-26,0,True
6190,1875,AS,2024-06-28,1,True
6192,1876,P,2024-06-08,0,True
6193,1876,AS,2024-06-11,0,True
6194,1876,D,2024-06-21,1,False
6195,1877,P,2024-06-17,0,True
6196,1877,AS,2024-06-19,0,True
6197,1877,D,2024-07-04,1,False
6198,1878,P,2024-06-14,0,True
6199,1878,BB,2024-06-18,0,True
6200,1878,AS,2024-06-28,0,True
6201,1878,D,2024-07-05,1,False
6202,1879,P,2024-06-13,0,True
6203,1879,AS,2024-06-17,0,True
6204,1879,BR,2024-07-01,1,False
6205,1880,P,2024-06-28,0,True
6206,1880,AS,2024-07-01,0,True
6207,1880,D,2024-07-04,1,False
6208,1881,P,2024-06-24,0,True
6209,1881,BA,2024-06-29,0,True
6210,1881,AS,2024-07-01,0,True
6211,1881,D,2024-07-03,1,False
6212,1882,P,2024-06-15,0,True
6213,1882,BB,2024-06-18,0,True
6214,1882,AS,2024-07-03,1,True
6216,1883,P,2024-06-11,0,True
6217,1883,BA,2024-06-14,0,True
6218,1883,AS,2024-06-15,0,True
6219,1883,D,2024-06-20,1,False
6220,1884,P,2024-06-29,0,True
6221,1884,AS,2024-07-04,1,True
6223,1885,P,2024-07-04,1,True
6226,1886,P,2024-06-14,0,True
6227,1886,BV,2024-06-18,0,True
6228,1886,D,2024-06-28,1,False
6229,1887,P,2024-06-14,0,True
6230,1887,BA,2024-06-15,0,True
6231,1887,AS,2024-06-18,0,True
6232,1887,D,2024-06-28,1,False
6233,1888,P,2024-06-05,0,True
6234,1888,BA,2024-06-09,0,True
6235,1888,BR,2024-06-11,1,False
6236,1889,P,2024-06-19,0,True
6237,1889,AS,2024-06-23,0,True
6238,1889,D,2024-06-30,1,False
6239,1890,P,2024-06-27,0,True
6240,1890,BR,2024-06-30,1,False
6241,1891,P,2024-07-04,1,True
6244,1892,P,2024-06-13,0,True
6245,1892,AS,2024-06-16,0,True
6246,1892,D,2024-07-02,1,False
6247,1893,P,2024-06-07,0,True
6248,1893,AS,2024-06-11,0,True
6249,1893,D,2024-06-17,1,False
6250,1894,P,2024-06-14,0,True
6251,1894,BA,2024-06-17,0,True
6252,1894,AS,2024-06-21,0,True
6253,1894,D,2024-07-01,1,False
6254,1895,P,2024-07-04,1,True
6257,1896,P,2024-06-08,0,True
6258,1896,AS,2024-06-10,0,True
6259,1896,D,2024-06-13,1,False
6260,1897,P,2024-06-15,0,True
6261,1897,BR,2024-06-18,1,False
6262,1898,P,2024-06-18,0,True
6263,1898,AS,2024-06-21,0,True
6264,1898,D,2024-06-26,1,False
6265,1899,P,2024-06-05,0,True
6266,1899,BD,2024-06-08,0,True
6267,1899,BB,2024-06-11,0,True
6268,1899,AS,2024-06-27,0,True
6269,1899,D,2024-07-04,1,False
6270,1900,P,2024-06-06,0,True
6271,1900,BA,2024-06-10,0,True
6272,1900,AS,2024-06-13,0,True
6273,1900,D,2024-06-14,1,False
6274,1901,P,2024-06-25,0,True
6275,1901,BA,2024-06-30,0,True
6276,1901,AS,2024-07-03,1,True
6278,1902,P,2024-06-26,0,True
6279,1902,AS,2024-06-28,1,True
6281,1903,P,2024-06-13,0,True
6282,1903,AS,2024-06-16,0,True
6283,1903,D,2024-06-26,1,False
6284,1904,P,2024-06-26,0,True
6285,1904,AS,2024-06-30,0,True
6286,1904,D,2024-07-05,1,False
6287,1905,P,2024-06-22,0,True
6288,1905,BZ,2024-06-23,1,True
6290,1906,P,2024-06-12,0,True
6291,1906,BZ,2024-06-15,0,True
6292,1906,BV,2024-06-29,0,True
6293,1906,AS,2024-07-05,1,True
6295,1907,P,2024-06-12,0,True
6296,1907,BD,2024-06-17,0,True
6297,1907,BV,2024-06-22,0,True
6298,1907,AS,2024-06-27,1,True
6300,1908,P,2024-06-24,0,True
6301,1908,AS,2024-06-29,1,True
6303,1909,P,2024-07-04,1,True
6305,1910,P,2024-06-14,0,True
6306,1910,AS,2024-06-17,0,True
6307,1910,D,2024-06-25,1,False
6308,1911,P,2024-06-22,0,True
6309,1911,AS,2024-06-26,1,True
6311,1912,P,2024-06-30,0,True
6312,1912,BA,2024-07-05,1,True
6315,1913,P,2024-06-06,0,True
6316,1913,AS,2024-06-11,0,True
6317,1913,BR,2024-06-20,1,False
6318,1914,P,2024-06-21,0,True
6319,1914,BB,2024-06-23,1,True
6322,1915,P,2024-07-04,1,True
6325,1916,P,2024-06-28,0,True
6326,1916,AS,2024-07-03,1,True
6328,1917,P,2024-06-23,0,True
6329,1917,BA,2024-06-26,0,True
6330,1917,AS,2024-06-28,0,True
6331,1917,D,2024-07-04,1,False
6332,1918,P,2024-06-28,0,True
6333,1918,AS,2024-07-03,1,True
6335,1919,P,2024-06-08,0,True
6336,1919,BA,2024-06-13,0,True
6337,1919,AS,2024-06-17,0,True
6338,1919,D,2024-06-20,1,False
6339,1920,P,2024-06-10,0,True
6340,1920,BA,2024-06-16,0,True
6341,1920,AS,2024-06-19,0,True
6342,1920,D,2024-06-30,1,False
6343,1921,P,2024-06-24,0,True
6344,1921,AS,2024-06-26,1,True
6346,1922,P,2024-06-15,0,True
6347,1922,BA,2024-06-18,0,True
6348,1922,AS,2024-06-20,0,True
6349,1922,D,2024-06-30,1,False
6350,1923,P,2024-06-20,0,True
6351,1923,AS,2024-06-26,1,True
6353,1924,P,2024-06-29,0,True
6354,1924,AS,2024-07-04,1,True
6356,1925,P,2024-06-15,0,True
6357,1925,AS,2024-06-21,0,True
6358,1925,BR,2024-06-27,1,False
6359,1926,P,2024-06-20,0,True
6360,1926,BA,2024-06-21,0,True
6361,1926,AS,2024-06-22,0,True
6362,1926,D,2024-06-25,1,False
6363,1927,P,2024-06-10,0,True
6364,1927,BB,2024-06-13,0,True
6365,1927,BA,2024-06-14,0,True
6366,1927,AS,2024-06-17,0,True
6367,1927,D,2024-06-21,1,False
6368,1928,P,2024-06-12,0,True
6369,1928,BB,2024-06-15,0,True
6370,1928,BA,2024-06-20,0,True
6371,1928,D,2024-06-21,1,False
6372,1929,P,2024-06-05,0,True
6373,1929,AS,2024-06-10,0,True
6374,1929,D,2024-06-12,1,False
6375,1930,P,2024-07-03,1,True
6378,1931,P,2024-06-17,0,True
6379,1931,BA,2024-06-21,0,True
6380,1931,AS,2024-06-24,0,True
6381,1931,D,2024-07-02,1,False
6382,1932,P,2024-06-25,0,True
6383,1932,AS,2024-07-01,1,True
6385,1933,P,2024-06-09,0,True
6386,1933,BA,2024-06-11,0,True
6387,1933,AS,2024-06-14,0,True
6388,1933,D,2024-06-22,1,False
6389,1934,P,2024-06-15,0,True
6390,1934,BA,2024-06-17,0,True
6391,1934,D,2024-06-20,1,False
6392,1935,P,2024-06-07,0,True
6393,1935,BA,2024-06-10,0,True
6394,1935,AS,2024-06-12,0,True
6395,1935,D,2024-06-17,1,False
6396,1936,P,2024-06-21,0,True
6397,1936,BR,2024-06-25,1,False
6398,1937,P,2024-06-17,0,True
6399,1937,AS,2024-06-21,0,True
6400,1937,D,2024-06-29,1,False
6401,1938,P,2024-06-27,0,True
6402,1938,AS,2024-06-30,0,True
6403,1938,D,2024-07-03,1,False
6404,1939,P,2024-06-11,0,True
6405,1939,AS,2024-06-13,0,True
6406,1939,D,2024-06-15,1,False
6407,1940,P,2024-06-07,0,True
6408,1940,BA,2024-06-12,0,True
6409,1940,AS,2024-06-14,0,True
6410,1940,D,2024-06-26,1,False
6411,1941,P,2024-06-08,0,True
6412,1941,AS,2024-06-10,0,True
6413,1941,D,2024-06-23,1,False
6414,1942,P,2024-06-22,0,True
6415,1942,AS,2024-06-25,1,True
6417,1943,P,2024-06-14,0,True
6418,1943,AS,2024-06-20,0,True
6419,1943,D,2024-07-03,1,False
6420,1944,P,2024-06-07,0,True
6421,1944,AS,2024-06-11,0,True
6422,1944,D,2024-06-18,1,False
6423,1945,P,2024-07-01,1,True
6427,1946,P,2024-06-25,0,True
6428,1946,BV,2024-06-28,1,True
6431,1947,P,2024-06-26,0,True
6432,1947,AS,2024-06-27,0,True
6433,1947,D,2024-06-29,1,False
6434,1948,P,2024-06-10,0,True
6435,1948,BA,2024-06-11,0,True
6436,1948,AS,2024-06-14,0,True
6437,1948,D,2024-06-27,1,False
6438,1949,P,2024-06-23,0,True
6439,1949,BA,2024-06-27,0,True
6440,1949,AS,2024-06-30,0,True
6441,1949,D,2024-07-05,1,False
6442,1950,P,2024-06-10,0,True
6443,1950,BA,2024-06-15,0,True
6444,1950,AS,2024-06-18,0,True
6445,1950,D,2024-07-01,1,False
6446,1951,P,2024-06-16,0,True
6447,1951,BA,2024-06-20,0,True
6448,1951,AS,2024-06-23,0,True
6449,1951,D,2024-07-01,1,False
6450,1952,P,2024-06-17,0,True
6451,1952,BZ,2024-06-22,0,True
6452,1952,AS,2024-06-30,1,True
6454,1953,P,2024-06-20,0,True
6455,1953,AS,2024-06-24,1,True
6457,1954,P,2024-06-21,0,True
6458,1954,BA,2024-06-24,0,True
6459,1954,AS,2024-06-26,0,True
6460,1954,D,2024-06-27,1,False
6461,1955,P,2024-06-18,0,True
6462,1955,AS,2024-06-22,0,True
6463,1955,D,2024-06-27,1,False
6464,1956,P,2024-07-03,1,True
6466,1957,P,2024-06-24,0,True
6467,1957,AS,2024-06-28,1,True
6469,1958,P,2024-06-14,0,True
6470,1958,BD,2024-06-15,0,True
6471,1958,BV,2024-06-18,1,True
6473,1959,P,2024-06-15,0,True
6474,1959,BR,2024-06-18,1,False
6475,1960,P,2024-06-30,0,True
6476,1960,BB,2024-07-02,1,True
6479,1961,P,2024-06-14,0,True
6480,1961,BB,2024-06-18,0,True
6481,1961,AS,2024-06-21,0,True
6482,1961,D,2024-07-05,1,False
6483,1962,P,2024-06-25,0,True
6484,1962,AS,2024-06-28,0,True
6485,1962,D,2024-07-02,1,False
6486,1963,P,2024-06-14,0,True
6487,1963,AS,2024-06-17,0,True
6488,1963,D,2024-06-24,1,False
6489,1964,P,2024-06-16,0,True
6490,1964,AS,2024-06-20,0,True
6491,1964,D,2024-07-04,1,False
6492,1965,P,2024-06-29,0,True
6493,1965,AS,2024-07-03,1,True
6495,1966,P,2024-06-09,0,True
6496,1966,BA,2024-06-12,0,True
6497,1966,AS,2024-06-15,0,True
6498,1966,D,2024-06-23,1,False
6499,1967,P,2024-06-21,0,True
6500,1967,AS,2024-06-25,0,True
6501,1967,D,2024-07-01,1,False
6502,1968,P,2024-07-03,0,True
6503,1968,AS,2024-07-05,1,True
6505,1969,P,2024-06-28,0,True
6506,1969,AS,2024-07-01,1,True
6508,1970,P,2024-06-18,0,True
6509,1970,AS,2024-06-19,0,True
6510,1970,D,2024-06-29,1,False
6511,1971,P,2024-07-01,0,True
6512,1971,AS,2024-07-02,1,True
6514,1972,P,2024-06-26,0,True
6515,1972,AS,2024-06-29,1,True
6517,1973,P,2024-06-18,0,True
6518,1973,BA,2024-06-22,0,True
6519,1973,AS,2024-06-23,1,True
6521,1974,P,2024-06-25,0,True
6522,1974,AS,2024-06-30,1,True
6524,1975,P,2024-06-07,0,True
6525,1975,AS,2024-06-14,0,True
6526,1975,D,2024-06-22,1,False
6527,1976,P,2024-06-08,0,True
6528,1976,BB,2024-06-10,0,True
6529,1976,BZ,2024-06-24,0,True
6530,1976,BV,2024-06-25,0,True
6531,1976,AS,2024-06-29,0,True
6532,1976,D,2024-07-03,1,False
6533,1977,P,2024-06-23,0,True
6534,1977,AS,2024-06-28,1,True
6536,1978,P,2024-07-02,0,True
6537,1978,BV,2024-07-05,1,True
6539,1979,P,2024-06-07,0,True
6540,1979,AS,2024-06-12,0,True
6541,1979,D,2024-06-20,1,False
6542,1980,P,2024-06-07,0,True
6543,1980,BR,2024-06-12,1,False
6544,1981,P,2024-06-25,0,True
6545,1981,AS,2024-06-29,0,True
6546,1981,D,2024-07-01,1,False
6547,1982,P,2024-06-23,0,True
6548,1982,AS,2024-06-25,0,True
6549,1982,D,2024-07-05,1,False
6550,1983,P,2024-06-30,0,True
6551,1983,AS,2024-07-01,1,True
6553,1984,P,2024-06-25,0,True
6554,1984,AS,2024-06-29,1,True
6556,1985,P,2024-06-29,0,True
6557,1985,AS,2024-07-03,1,True
6559,1986,P,2024-06-29,0,True
6560,1986,BB,2024-07-03,1,True
6563,1987,P,2024-06-17,0,True
6564,1987,BB,2024-06-19,0,True
6565,1987,AS,2024-07-05,1,True
6567,1988,P,2024-06-29,0,True
6568,1988,BB,2024-07-01,1,True
6571,1989,P,2024-06-17,0,True
6572,1989,AS,2024-06-21,0,True
6573,1989,D,2024-06-28,1,False
6574,1990,P,2024-06-09,0,True
6575,1990,AS,2024-06-16,0,True
6576,1990,D,2024-06-25,1,False
6577,1991,P,2024-06-13,0,True
6578,1991,BV,2024-06-19,0,True
6579,1991,AS,2024-07-05,1,True
6581,1992,P,2024-06-06,0,True
6582,1992,BB,2024-06-08,0,True
6583,1992,BA,2024-06-27,0,True
6584,1992,AS,2024-06-30,0,True
6585,1992,D,2024-07-03,1,False
6586,1993,P,2024-06-11,0,True
6587,1993,AS,2024-06-15,0,True
6588,1993,D,2024-06-24,1,False
6589,1994,P,2024-07-03,1,True
6592,1995,P,2024-06-27,0,True
6593,1995,AS,2024-06-29,0,True
6594,1995,D,2024-07-02,1,False
6595,1996,P,2024-06-16,0,True
6596,1996,AS,2024-06-22,0,True
6597,1996,D,2024-07-04,1,False
6598,1997,P,2024-07-03,1,True
6602,1998,P,2024-06-14,0,True
6603,1998,AS,2024-06-16,0,True
6604,1998,D,2024-06-22,1,False
6605,1999,P,2024-06-26,0,True
6606,1999,AS,2024-06-29,0,True
6607,1999,D,2024-07-04,1,False
6608,2000,P,2024-06-28,0,True
6609,2000,AS,2024-07-02,1,True
6611,2001,P,2024-06-17,0,True
6612,2001,AS,2024-06-21,0,True
6613,2001,D,2024-07-01,1,False
6614,2002,P,2024-06-12,0,True
6615,2002,AS,2024-06-15,0,True
6616,2002,D,2024-06-21,1,False
6617,2003,P,2024-06-30,0,True
6618,2003,AS,2024-07-02,1,True
6620,2004,P,2024-06-22,0,True
6621,2004,AS,2024-06-25,0,True
6622,2004,D,2024-07-04,1,False
6623,2005,P,2024-06-19,0,True
6624,2005,BA,2024-06-24,0,True
6625,2005,D,2024-06-25,1,False
6626,2006,P,2024-06-23,0,True
6627,2006,BV,2024-06-27,1,True
6629,2007,P,2024-06-13,0,True
6630,2007,BD,2024-06-15,0,True
6631,2007,BR,2024-06-26,1,False
6632,2008,P,2024-06-13,0,True
6633,2008,BA,2024-06-15,0,True
6634,2008,AS,2024-06-19,0,True
6635,2008,D,2024-06-25,1,False
6636,2009,P,2024-06-15,0,True
6637,2009,AS,2024-06-20,0,True
6638,2009,D,2024-07-02,1,False
6639,2010,P,2024-06-07,0,True
6640,2010,AS,2024-06-08,0,True
6641,2010,D,2024-06-18,1,False
6642,2011,P,2024-07-03,1,True
6645,2012,P,2024-06-11,0,True
6646,2012,BR,2024-06-18,1,False
6647,2013,P,2024-06-10,0,True
6648,2013,BA,2024-06-17,0,True
6649,2013,BR,2024-06-19,1,False
6650,2014,P,2024-06-26,0,True
6651,2014,BA,2024-07-01,0,True
6652,2014,AS,2024-07-05,1,True
6654,2015,P,2024-06-19,0,True
6655,2015,BB,2024-06-24,0,True
6656,2015,AS,2024-07-03,1,True
6658,2016,P,2024-06-05,0,True
6659,2016,AS,2024-06-09,0,True
6660,2016,D,2024-06-21,1,False
6661,2017,P,2024-06-18,0,True
6662,2017,BA,2024-06-23,0,True
6663,2017,D,2024-06-28,1,False
6664,2018,P,2024-06-18,0,True
6665,2018,AS,2024-06-20,0,True
6666,2018,D,2024-06-22,1,False
6667,2019,P,2024-06-08,0,True
6668,2019,AS,2024-06-11,0,True
6669,2019,D,2024-06-21,1,False
6670,2020,P,2024-06-24,0,True
6671,2020,BA,2024-06-28,0,True
6672,2020,AS,2024-07-01,1,True
6674,2021,P,2024-06-05,0,True
6675,2021,BA,2024-06-10,0,True
6676,2021,D,2024-06-12,1,False
6677,2022,P,2024-06-18,0,True
6678,2022,BA,2024-06-23,0,True
6679,2022,D,2024-06-27,1,False
6680,2023,P,2024-06-11,0,True
6681,2023,AS,2024-06-15,0,True
6682,2023,D,2024-06-22,1,False
6683,2024,P,2024-07-01,0,True
6684,2024,BV,2024-07-04,1,True
6687,2025,P,2024-06-09,0,True
6688,2025,AS,2024-06-13,0,True
6689,2025,D,2024-06-14,1,False
6690,2026,P,2024-06-06,0,True
6691,2026,AS,2024-06-09,0,True
6692,2026,D,2024-06-18,1,False
6693,2027,P,2024-06-26,0,True
6694,2027,AS,2024-07-03,1,True
6696,2028,P,2024-06-22,0,True
6697,2028,BA,2024-06-29,0,True
6698,2028,D,2024-07-02,1,False
6699,2029,P,2024-06-10,0,True
6700,2029,AS,2024-06-14,0,True
6701,2029,D,2024-06-19,1,False
6702,2030,P,2024-06-24,0,True
6703,2030,BA,2024-06-27,0,True
6704,2030,AS,2024-06-29,1,True
6706,2031,P,2024-06-30,0,True
6707,2031,BA,2024-07-04,1,True
6710,2032,P,2024-06-27,0,True
6711,2032,AS,2024-06-30,1,True
6713,2033,P,2024-06-19,0,True
6714,2033,BA,2024-06-24,0,True
6715,2033,AS,2024-06-26,1,True
6717,2034,P,2024-06-23,0,True
6718,2034,BD,2024-06-25,0,True
6719,2034,BV,2024-06-30,1,True
6721,2035,P,2024-06-24,0,True
6722,2035,BR,2024-06-27,1,False
6723,2036,P,2024-06-17,0,True
6724,2036,BB,2024-06-20,0,True
6725,2036,BA,2024-07-02,0,True
6726,2036,AS,2024-07-05,1,True
6728,2037,P,2024-06-24,0,True
6729,2037,BR,2024-06-29,1,False
6730,2038,P,2024-06-17,0,True
6731,2038,AS,2024-06-22,0,True
6732,2038,D,2024-07-02,1,False
6733,2039,P,2024-07-01,0,True
6734,2039,AS,2024-07-02,1,True
6736,2040,P,2024-06-27,0,True
6737,2040,BD,2024-06-29,1,True
6741,2041,P,2024-06-30,0,True
6742,2041,BZ,2024-07-05,1,True
6745,2042,P,2024-06-18,0,True
6746,2042,BA,2024-06-22,0,True
6747,2042,AS,2024-06-25,0,True
6748,2042,D,2024-07-05,1,False
6749,2043,P,2024-06-15,0,True
6750,2043,BD,2024-06-19,0,True
6751,2043,AS,2024-07-01,1,True
6753,2044,P,2024-06-28,0,True
6754,2044,AS,2024-06-30,0,True
6755,2044,D,2024-07-02,1,False
6756,2045,P,2024-06-11,0,True
6757,2045,AS,2024-06-14,0,True
6758,2045,D,2024-06-19,1,False
6759,2046,P,2024-06-30,0,True
6760,2046,AS,2024-07-03,1,True
6762,2047,P,2024-06-29,0,True
6763,2047,BA,2024-07-02,0,True
6764,2047,AS,2024-07-05,1,True
6766,2048,P,2024-06-09,0,True
6767,2048,AS,2024-06-12,0,True
6768,2048,D,2024-06-14,1,False
6769,2049,P,2024-06-05,0,True
6770,2049,BB,2024-06-07,0,True
6771,2049,BR,2024-06-26,1,False
6772,2050,P,2024-06-27,0,True
6773,2050,AS,2024-07-02,1,True
6775,2051,P,2024-06-18,0,True
6776,2051,AS,2024-06-21,0,True
6777,2051,D,2024-06-29,1,False
6778,2052,P,2024-06-27,0,True
6779,2052,AS,2024-07-01,1,True
6781,2053,P,2024-06-14,0,True
6782,2053,AS,2024-06-17,0,True
6783,2053,D,2024-06-25,1,False
6784,2054,P,2024-06-29,0,True
6785,2054,AS,2024-07-04,1,True
6787,2055,P,2024-06-06,0,True
6788,2055,AS,2024-06-10,0,True
6789,2055,D,2024-06-17,1,False
6790,2056,P,2024-06-12,0,True
6791,2056,BA,2024-06-16,0,True
6792,2056,AS,2024-06-18,0,True
6793,2056,D,2024-06-29,1,False
6794,2057,P,2024-07-03,0,True
6795,2057,BA,2024-07-04,1,True
6798,2058,P,2024-07-02,0,True
6799,2058,AS,2024-07-05,1,True
6801,2059,P,2024-07-02,0,True
6802,2059,BA,2024-07-04,1,True
6805,2060,P,2024-06-11,0,True
6806,2060,BR,2024-06-12,1,False
6807,2061,P,2024-06-10,0,True
6808,2061,AS,2024-06-12,0,True
6809,2061,D,2024-06-23,1,False
6810,2062,P,2024-07-01,0,True
6811,2062,BA,2024-07-05,1,True
6814,2063,P,2024-06-10,0,True
6815,2063,AS,2024-06-13,0,True
6816,2063,D,2024-06-16,1,False
6817,2064,P,2024-06-21,0,True
6818,2064,AS,2024-06-24,0,True
6819,2064,D,2024-06-27,1,False
6820,2065,P,2024-06-27,0,True
6821,2065,BR,2024-06-30,1,False
6822,2066,P,2024-06-30,0,True
6823,2066,BA,2024-07-05,1,True
6826,2067,P,2024-06-07,0,True
6827,2067,BR,2024-06-14,1,False
6828,2068,P,2024-06-17,0,True
6829,2068,AS,2024-06-23,1,True
6831,2069,P,2024-06-16,0,True
6832,2069,AS,2024-06-23,0,True
6833,2069,D,2024-07-04,1,False
6834,2070,P,2024-06-20,0,True
6835,2070,AS,2024-06-24,0,True
6836,2070,D,2024-06-30,1,False
6837,2071,P,2024-06-07,0,True
6838,2071,BA,2024-06-08,0,True
6839,2071,D,2024-06-10,1,False
6840,2072,P,2024-07-02,0,True
6841,2072,AS,2024-07-03,1,True
6843,2073,P,2024-06-12,0,True
6844,2073,AS,2024-06-13,0,True
6845,2073,D,2024-06-22,1,False
6846,2074,P,2024-06-05,0,True
6847,2074,BA,2024-06-08,0,True
6848,2074,AS,2024-06-10,0,True
6849,2074,D,2024-06-15,1,False
6850,2075,P,2024-06-10,0,True
6851,2075,AS,2024-06-13,0,True
6852,2075,D,2024-06-25,1,False
6853,2076,P,2024-06-12,0,True
6854,2076,AS,2024-06-16,0,True
6855,2076,D,2024-06-24,1,False
6856,2077,P,2024-06-21,0,True
6857,2077,BB,2024-06-24,1,True
6860,2078,P,2024-06-19,0,True
6861,2078,AS,2024-06-23,0,True
6862,2078,D,2024-07-02,1,False
6863,2079,P,2024-06-27,0,True
6864,2079,BV,2024-07-01,1,True
6867,2080,P,2024-06-05,0,True
6868,2080,BV,2024-06-09,0,True
6869,2080,AS,2024-06-24,1,True
6871,2081,P,2024-07-04,1,True
6875,2082,P,2024-07-01,0,True
6876,2082,BR,2024-07-04,1,False
6877,2083,P,2024-06-15,0,True
6878,2083,BA,2024-06-16,0,True
6879,2083,AS,2024-06-20,0,True
6880,2083,D,2024-06-29,1,False
6881,2084,P,2024-06-06,0,True
6882,2084,BA,2024-06-09,0,True
6883,2084,D,2024-06-13,1,False
6884,2085,P,2024-06-15,0,True
6885,2085,BB,2024-06-19,0,True
6886,2085,AS,2024-07-03,1,True
6888,2086,P,2024-07-03,0,True
6889,2086,AS,2024-07-04,1,True
6891,2087,P,2024-06-29,0,True
6892,2087,BA,2024-06-30,0,True
6893,2087,AS,2024-07-02,1,True
6895,2088,P,2024-06-07,0,True
6896,2088,AS,2024-06-13,0,True
6897,2088,D,2024-06-22,1,False
6898,2089,P,2024-07-01,0,True
6899,2089,AS,2024-07-05,1,True
6901,2090,P,2024-06-22,0,True
6902,2090,AS,2024-06-26,1,True
6904,2091,P,2024-06-27,0,True
6905,2091,AS,2024-07-03,1,True
6907,2092,P,2024-06-14,0,True
6908,2092,AS,2024-06-18,0,True
6909,2092,D,2024-06-23,1,False
6910,2093,P,2024-06-16,0,True
6911,2093,AS,2024-06-18,0,True
6912,2093,D,2024-06-25,1,False
6913,2094,P,2024-06-06,0,True
6914,2094,BA,2024-06-10,0,True
6915,2094,AS,2024-06-12,0,True
6916,2094,BR,2024-06-20,1,False
6917,2095,P,2024-06-17,0,True
6918,2095,AS,2024-06-19,0,True
6919,2095,D,2024-06-25,1,False
6920,2096,P,2024-06-06,0,True
6921,2096,BA,2024-06-09,0,True
6922,2096,AS,2024-06-11,0,True
6923,2096,D,2024-06-23,1,False
6924,2097,P,2024-06-08,0,True
6925,2097,BB,2024-06-13,0,True
6926,2097,BR,2024-07-03,1,False
6927,2098,P,2024-07-03,1,True
6930,2099,P,2024-07-01,0,True
6931,2099,AS,2024-07-04,1,True
6933,2100,P,2024-06-07,0,True
6934,2100,BA,2024-06-12,0,True
6935,2100,AS,2024-06-14,0,True
6936,2100,D,2024-06-27,1,False
6937,2101,P,2024-06-11,0,True
6938,2101,BA,2024-06-17,0,True
6939,2101,D,2024-06-18,1,False
6940,2102,P,2024-06-22,0,True
6941,2102,BA,2024-06-28,0,True
6942,2102,AS,2024-06-30,1,True
6944,2103,P,2024-07-03,1,True
6949,2104,P,2024-06-14,0,True
6950,2104,BD,2024-06-20,0,True
6951,2104,BV,2024-07-01,1,True
6953,2105,P,2024-06-22,0,True
6954,2105,BR,2024-06-25,1,False
6955,2106,P,2024-07-01,1,True
6959,2107,P,2024-06-19,0,True
6960,2107,BA,2024-06-24,0,True
6961,2107,D,2024-06-26,1,False
6962,2108,P,2024-06-28,0,True
6963,2108,AS,2024-06-29,0,True
6964,2108,D,2024-07-05,1,False
6965,2109,P,2024-06-07,0,True
6966,2109,BA,2024-06-12,0,True
6967,2109,AS,2024-06-15,0,True
6968,2109,D,2024-06-25,1,False
6969,2110,P,2024-06-17,0,True
6970,2110,AS,2024-06-21,0,True
6971,2110,D,2024-07-04,1,False
6972,2111,P,2024-06-16,0,True
6973,2111,AS,2024-06-24,0,True
6974,2111,BR,2024-06-27,1,False
6975,2112,P,2024-06-18,0,True
6976,2112,AS,2024-06-20,0,True
6977,2112,D,2024-07-02,1,False
6978,2113,P,2024-06-26,0,True
6979,2113,BA,2024-07-01,0,True
6980,2113,AS,2024-07-03,1,True
6982,2114,P,2024-06-14,0,True
6983,2114,BV,2024-06-19,0,True
6984,2114,D,2024-06-20,1,False
6985,2115,P,2024-06-16,0,True
6986,2115,BA,2024-06-19,0,True
6987,2115,AS,2024-06-21,0,True
6988,2115,D,2024-07-05,1,False
6989,2116,P,2024-06-27,0,True
6990,2116,AS,2024-07-01,1,True
6992,2117,P,2024-07-01,0,True
6993,2117,AS,2024-07-03,1,True
6995,2118,P,2024-06-09,0,True
6996,2118,AS,2024-06-10,0,True
6997,2118,D,2024-06-17,1,False
6998,2119,P,2024-06-15,0,True
6999,2119,AS,2024-06-16,0,True
7000,2119,D,2024-06-21,1,False
7001,2120,P,2024-07-04,1,True
7003,2121,P,2024-06-12,0,True
7004,2121,AS,2024-06-15,0,True
7005,2121,D,2024-06-21,1,False
7006,2122,P,2024-06-10,0,True
7007,2122,BV,2024-06-14,0,True
7008,2122,D,2024-06-25,1,False
7009,2123,P,2024-06-10,0,True
7010,2123,BA,2024-06-14,0,True
7011,2123,AS,2024-06-16,0,True
7012,2123,BR,2024-07-04,1,False
7013,2124,P,2024-06-08,0,True
7014,2124,AS,2024-06-14,0,True
7015,2124,D,2024-06-27,1,False
7016,2125,P,2024-06-15,0,True
7017,2125,AS,2024-06-20,0,True
7018,2125,BR,2024-06-27,1,False
7019,2126,P,2024-06-12,0,True
7020,2126,AS,2024-06-15,0,True
7021,2126,D,2024-06-21,1,False
7022,2127,P,2024-06-22,0,True
7023,2127,AS,2024-06-23,1,True
7025,2128,P,2024-06-28,0,True
7026,2128,AS,2024-06-30,1,True
7028,2129,P,2024-06-22,0,True
7029,2129,BB,2024-06-29,1,True
7032,2130,P,2024-06-06,0,True
7033,2130,AS,2024-06-08,0,True
7034,2130,D,2024-06-12,1,False
7035,2131,P,2024-06-17,0,True
7036,2131,AS,2024-06-21,1,True
7038,2132,P,2024-06-19,0,True
7039,2132,BA,2024-06-20,0,True
7040,2132,AS,2024-06-21,0,True
7041,2132,D,2024-06-27,1,False
7042,2133,P,2024-06-24,0,True
7043,2133,BA,2024-06-27,0,True
7044,2133,AS,2024-07-01,1,True
7046,2134,P,2024-07-01,1,True
7049,2135,P,2024-06-30,1,True
7052,2136,P,2024-07-02,1,True
7055,2137,P,2024-06-28,0,True
7056,2137,AS,2024-07-05,1,True
7058,2138,P,2024-06-10,0,True
7059,2138,AS,2024-06-14,0,True
7060,2138,D,2024-06-20,1,False
7061,2139,P,2024-06-13,0,True
7062,2139,BR,2024-06-15,1,False
7063,2140,P,2024-07-01,0,True
7064,2140,BV,2024-07-05,1,True
7067,2141,P,2024-07-04,1,True
7070,2142,P,2024-06-05,0,True
7071,2142,AS,2024-06-08,0,True
7072,2142,D,2024-06-14,1,False
7073,2143,P,2024-06-07,0,True
7074,2143,BA,2024-06-08,0,True
7075,2143,AS,2024-06-11,0,True
7076,2143,D,2024-06-23,1,False
7077,2144,P,2024-06-18,0,True
7078,2144,BA,2024-06-21,0,True
7079,2144,AS,2024-06-23,0,True
7080,2144,D,2024-06-24,1,False
7081,2145,P,2024-06-13,0,True
7082,2145,AS,2024-06-18,0,True
7083,2145,D,2024-06-23,1,False
7084,2146,P,2024-06-12,0,True
7085,2146,BA,2024-06-17,0,True
7086,2146,AS,2024-06-19,0,True
7087,2146,D,2024-06-27,1,False
7088,2147,P,2024-06-29,0,True
7089,2147,AS,2024-07-05,1,True
7091,2148,P,2024-07-04,1,True
7094,2149,P,2024-06-18,0,True
7095,2149,AS,2024-06-24,0,True
7096,2149,D,2024-06-30,1,False
7097,2150,P,2024-06-10,0,True
7098,2150,AS,2024-06-12,0,True
7099,2150,D,2024-06-16,1,False
7100,2151,P,2024-06-07,0,True
7101,2151,AS,2024-06-10,0,True
7102,2151,D,2024-06-13,1,False
7103,2152,P,2024-06-06,0,True
7104,2152,BB,2024-06-08,0,True
7105,2152,AS,2024-06-18,0,True
7106,2152,D,2024-06-26,1,False
7107,2153,P,2024-06-07,0,True
7108,2153,BB,2024-06-12,0,True
7109,2153,AS,2024-06-16,0,True
7110,2153,BR,2024-06-27,1,False
7111,2154,P,2024-07-04,1,True
7114,2155,P,2024-06-25,0,True
7115,2155,AS,2024-06-30,1,True
7117,2156,P,2024-06-30,0,True
7118,2156,BA,2024-07-05,1,True
7121,2157,P,2024-06-29,0,True
7122,2157,AS,2024-06-30,1,True
7124,2158,P,2024-06-09,0,True
7125,2158,AS,2024-06-12,0,True
7126,2158,D,2024-06-17,1,False
7127,2159,P,2024-07-02,1,True
7130,2160,P,2024-07-02,1,True
7132,2161,P,2024-06-09,0,True
7133,2161,AS,2024-06-13,0,True
7134,2161,D,2024-06-17,1,False
7135,2162,P,2024-06-26,0,True
7136,2162,AS,2024-06-29,0,True
7137,2162,D,2024-07-05,1,False
7138,2163,P,2024-06-30,0,True
7139,2163,AS,2024-07-03,1,True
7141,2164,P,2024-06-26,0,True
7142,2164,AS,2024-06-27,1,True
7144,2165,P,2024-06-11,0,True
7145,2165,AS,2024-06-12,0,True
7146,2165,D,2024-06-19,1,False
7147,2166,P,2024-06-16,0,True
7148,2166,AS,2024-06-20,0,True
7149,2166,D,2024-06-28,1,False
7150,2167,P,2024-06-20,0,True
7151,2167,BB,2024-06-23,1,True
7154,2168,P,2024-06-17,0,True
7155,2168,AS,2024-06-19,0,True
7156,2168,D,2024-06-29,1,False
7157,2169,P,2024-06-16,0,True
7158,2169,BA,2024-06-19,0,True
7159,2169,AS,2024-06-20,0,True
7160,2169,BR,2024-07-04,1,False
7161,2170,P,2024-06-16,0,True
7162,2170,BR,2024-06-19,1,False
7163,2171,P,2024-06-20,0,True
7164,2171,AS,2024-06-22,0,True
7165,2171,D,2024-06-27,1,False
7166,2172,P,2024-06-09,0,True
7167,2172,AS,2024-06-13,0,True
7168,2172,D,2024-06-26,1,False
7169,2173,P,2024-06-19,0,True
7170,2173,AS,2024-06-23,0,True
7171,2173,D,2024-07-02,1,False
7172,2174,P,2024-06-07,0,True
7173,2174,BZ,2024-06-11,0,True
7174,2174,BV,2024-06-20,0,True
7175,2174,D,2024-06-28,1,False
7176,2175,P,2024-06-07,0,True
7177,2175,AS,2024-06-08,0,True
7178,2175,D,2024-06-15,1,False
7179,2176,P,2024-06-18,0,True
7180,2176,BA,2024-06-22,0,True
7181,2176,AS,2024-06-23,1,True
7183,2177,P,2024-06-07,0,True
7184,2177,AS,2024-06-10,0,True
7185,2177,D,2024-06-17,1,False
7186,2178,P,2024-06-30,1,True
7190,2179,P,2024-06-20,0,True
7191,2179,AS,2024-06-21,0,True
7192,2179,D,2024-06-30,1,False
7193,2180,P,2024-06-26,0,True
7194,2180,BA,2024-06-28,0,True
7195,2180,AS,2024-07-01,1,True
7197,2181,P,2024-06-28,0,True
7198,2181,BB,2024-07-03,1,True
7201,2182,P,2024-06-28,0,True
7202,2182,BA,2024-07-01,0,True
7203,2182,AS,2024-07-04,1,True
7205,2183,P,2024-06-21,0,True
7206,2183,AS,2024-06-25,0,True
7207,2183,D,2024-06-27,1,False
7208,2184,P,2024-06-13,0,True
7209,2184,BA,2024-06-18,0,True
7210,2184,AS,2024-06-19,0,True
7211,2184,D,2024-07-04,1,False
7212,2185,P,2024-06-28,0,True
7213,2185,AS,2024-07-01,1,True
7215,2186,P,2024-06-22,0,True
7216,2186,BA,2024-06-28,0,True
7217,2186,AS,2024-06-29,1,True
7219,2187,P,2024-06-24,0,True
7220,2187,AS,2024-06-27,0,True
7221,2187,D,2024-07-04,1,False
7222,2188,P,2024-06-08,0,True
7223,2188,AS,2024-06-13,0,True
7224,2188,D,2024-06-26,1,False
7225,2189,P,2024-06-29,0,True
7226,2189,BR,2024-07-03,1,False
7227,2190,P,2024-06-26,0,True
7228,2190,BA,2024-06-27,0,True
7229,2190,D,2024-06-28,1,False
7230,2191,P,2024-06-08,0,True
7231,2191,BA,2024-06-12,0,True
7232,2191,AS,2024-06-14,0,True
7233,2191,D,2024-06-16,1,False
7234,2192,P,2024-06-29,0,True
7235,2192,AS,2024-07-05,1,True
7237,2193,P,2024-07-03,1,True
7240,2194,P,2024-06-07,0,True
7241,2194,AS,2024-06-11,0,True
7242,2194,D,2024-06-24,1,False
7243,2195,P,2024-06-22,0,True
7244,2195,BA,2024-06-25,0,True
7245,2195,AS,2024-06-28,1,True
7247,2196,P,2024-06-12,0,True
7248,2196,BA,2024-06-18,0,True
7249,2196,AS,2024-06-22,0,True
7250,2196,D,2024-06-27,1,False
7251,2197,P,2024-06-07,0,True
7252,2197,AS,2024-06-13,0,True
7253,2197,D,2024-06-16,1,False
7254,2198,P,2024-06-10,0,True
7255,2198,AS,2024-06-13,0,True
7256,2198,D,2024-06-22,1,False
7257,2199,P,2024-07-02,0,True
7258,2199,AS,2024-07-04,1,True
7260,2200,P,2024-07-01,0,True
7261,2200,BB,2024-07-04,1,True
7264,2201,P,2024-06-13,0,True
7265,2201,AS,2024-06-16,0,True
7266,2201,D,2024-06-27,1,False
7267,2202,P,2024-06-22,0,True
7268,2202,BA,2024-06-27,0,True
7269,2202,AS,2024-06-29,1,True
7271,2203,P,2024-06-05,0,True
7272,2203,BV,2024-06-09,0,True
7273,2203,AS,2024-06-19,0,True
7274,2203,D,2024-06-29,1,False
7275,2204,P,2024-06-27,0,True
7276,2204,AS,2024-07-01,0,True
7277,2204,D,2024-07-02,1,False
7278,2205,P,2024-07-01,0,True
7279,2205,BB,2024-07-02,1,True
7282,2206,P,2024-06-19,0,True
7283,2206,AS,2024-06-21,0,True
7284,2206,D,2024-07-03,1,False
7285,2207,P,2024-06-18,0,True
7286,2207,BA,2024-06-22,0,True
7287,2207,AS,2024-06-24,1,True
7289,2208,P,2024-06-20,0,True
7290,2208,BA,2024-06-25,0,True
7291,2208,AS,2024-06-26,1,True
7293,2209,P,2024-06-08,0,True
7294,2209,BA,2024-06-12,0,True
7295,2209,D,2024-06-13,1,False
7296,2210,P,2024-06-21,0,True
7297,2210,BZ,2024-06-23,0,True
7298,2210,BV,2024-07-05,1,True
7300,2211,P,2024-06-09,0,True
7301,2211,BZ,2024-06-14,0,True
7302,2211,BV,2024-06-21,0,True
7303,2211,D,2024-06-27,1,False
7304,2212,P,2024-06-14,0,True
7305,2212,BV,2024-06-17,0,True
7306,2212,D,2024-07-01,1,False
7307,2213,P,2024-06-06,0,True
7308,2213,AS,2024-06-09,0,True
7309,2213,D,2024-06-15,1,False
7310,2214,P,2024-06-09,0,True
7311,2214,BR,2024-06-12,1,False
7312,2215,P,2024-06-23,0,True
7313,2215,BA,2024-06-27,0,True
7314,2215,BR,2024-06-30,1,False
7315,2216,P,2024-06-26,0,True
7316,2216,BZ,2024-07-01,1,True
7319,2217,P,2024-06-10,0,True
7320,2217,AS,2024-06-12,0,True
7321,2217,D,2024-06-24,1,False
7322,2218,P,2024-06-26,0,True
7323,2218,AS,2024-06-28,0,True
7324,2218,BR,2024-07-03,1,False
7325,2219,P,2024-06-30,0,True
7326,2219,AS,2024-07-03,1,True
7328,2220,P,2024-06-22,0,True
7329,2220,BR,2024-06-25,1,False
7330,2221,P,2024-07-03,0,True
7331,2221,AS,2024-07-04,1,True
7333,2222,P,2024-06-10,0,True
7334,2222,AS,2024-06-12,0,True
7335,2222,D,2024-06-19,1,False
7336,2223,P,2024-06-18,0,True
7337,2223,AS,2024-06-21,0,True
7338,2223,D,2024-07-02,1,False
7339,2224,P,2024-06-08,0,True
7340,2224,AS,2024-06-10,0,True
7341,2224,D,2024-06-27,1,False
7342,2225,P,2024-06-23,0,True
7343,2225,AS,2024-06-30,1,True
7345,2226,P,2024-06-06,0,True
7346,2226,AS,2024-06-14,0,True
7347,2226,D,2024-06-19,1,False
7348,2227,P,2024-06-06,0,True
7349,2227,BA,2024-06-09,0,True
7350,2227,AS,2024-06-12,0,True
7351,2227,D,2024-06-16,1,False
7352,2228,P,2024-07-01,0,True
7353,2228,BD,2024-07-05,1,True
7358,2229,P,2024-06-10,0,True
7359,2229,AS,2024-06-12,0,True
7360,2229,D,2024-06-14,1,False
7361,2230,P,2024-06-21,0,True
7362,2230,BR,2024-06-22,1,False
7363,2231,P,2024-06-10,0,True
7364,2231,AS,2024-06-12,0,True
7365,2231,D,2024-06-25,1,False
7366,2232,P,2024-06-29,0,True
7367,2232,BR,2024-07-02,1,False
7368,2233,P,2024-06-10,0,True
7369,2233,AS,2024-06-12,0,True
7370,2233,D,2024-06-15,1,False
7371,2234,P,2024-06-06,0,True
7372,2234,BZ,2024-06-08,0,True
7373,2234,BV,2024-06-18,0,True
7374,2234,D,2024-07-01,1,False
7375,2235,P,2024-06-18,0,True
7376,2235,AS,2024-06-21,0,True
7377,2235,D,2024-06-28,1,False
7378,2236,P,2024-06-28,0,True
7379,2236,AS,2024-06-29,1,True
7381,2237,P,2024-06-26,0,True
7382,2237,BA,2024-06-27,0,True
7383,2237,AS,2024-06-29,0,True
7384,2237,D,2024-07-04,1,False
7385,2238,P,2024-06-15,0,True
7386,2238,AS,2024-06-19,0,True
7387,2238,D,2024-06-26,1,False
7388,2239,P,2024-07-03,1,True
7391,2240,P,2024-06-18,0,True
7392,2240,AS,2024-06-24,0,True
7393,2240,D,2024-07-03,1,False
7394,2241,P,2024-06-25,0,True
7395,2241,BA,2024-06-28,0,True
7396,2241,AS,2024-06-30,1,True
7398,2242,P,2024-06-13,0,True
7399,2242,BA,2024-06-16,0,True
7400,2242,AS,2024-06-21,0,True
7401,2242,D,2024-06-25,1,False
7402,2243,P,2024-06-23,0,True
7403,2243,BV,2024-06-24,1,True
7405,2244,P,2024-06-09,0,True
7406,2244,BR,2024-06-12,1,False
7407,2245,P,2024-06-30,0,True
7408,2245,BB,2024-07-01,1,True
7411,2246,P,2024-07-01,0,True
7412,2246,BA,2024-07-03,1,True
7415,2247,P,2024-06-18,0,True
7416,2247,AS,2024-06-22,0,True
7417,2247,D,2024-07-02,1,False
7418,2248,P,2024-07-01,0,True
7419,2248,AS,2024-07-04,1,True
7421,2249,P,2024-06-09,0,True
7422,2249,AS,2024-06-13,0,True
7423,2249,D,2024-06-29,1,False
7424,2250,P,2024-06-27,0,True
7425,2250,BD,2024-07-02,0,True
7426,2250,AS,2024-07-04,1,True
7428,2251,P,2024-07-04,1,True
7432,2252,P,2024-07-01,1,True
7435,2253,P,2024-06-15,0,True
7436,2253,AS,2024-06-20,0,True
7437,2253,D,2024-07-01,1,False
7438,2254,P,2024-06-11,0,True
7439,2254,BV,2024-06-15,0,True
7440,2254,AS,2024-06-25,0,True
7441,2254,D,2024-07-05,1,False
7442,2255,P,2024-07-04,1,True
7446,2256,P,2024-06-18,0,True
7447,2256,AS,2024-06-21,0,True
7448,2256,BR,2024-06-25,1,False
7449,2257,P,2024-06-30,0,True
7450,2257,AS,2024-07-02,1,True
7452,2258,P,2024-07-04,1,True
7455,2259,P,2024-07-02,1,True
7459,2260,P,2024-06-06,0,True
7460,2260,AS,2024-06-12,0,True
7461,2260,D,2024-06-27,1,False
7462,2261,P,2024-06-19,0,True
7463,2261,AS,2024-06-21,1,True
7465,2262,P,2024-06-27,0,True
7466,2262,BA,2024-07-03,0,True
7467,2262,AS,2024-07-05,1,True
7469,2263,P,2024-06-26,0,True
7470,2263,BB,2024-07-02,1,True
7473,2264,P,2024-06-26,0,True
7474,2264,AS,2024-06-29,0,True
7475,2264,D,2024-07-05,1,False
7476,2265,P,2024-06-30,0,True
7477,2265,AS,2024-07-03,1,True
7479,2266,P,2024-06-06,0,True
7480,2266,AS,2024-06-10,0,True
7481,2266,D,2024-06-25,1,False
7482,2267,P,2024-06-26,0,True
7483,2267,AS,2024-07-01,1,True
7485,2268,P,2024-06-17,0,True
7486,2268,AS,2024-06-22,0,True
7487,2268,D,2024-06-30,1,False
7488,2269,P,2024-06-27,0,True
7489,2269,BA,2024-07-03,0,True
7490,2269,AS,2024-07-05,1,True
7492,2270,P,2024-06-18,0,True
7493,2270,BB,2024-06-19,0,True
7494,2270,BA,2024-06-27,0,True
7495,2270,AS,2024-06-29,1,True
7497,2271,P,2024-06-09,0,True
7498,2271,BR,2024-06-13,1,False
7499,2272,P,2024-06-16,0,True
7500,2272,BA,2024-06-20,0,True
7501,2272,AS,2024-06-22,0,True
7502,2272,BR,2024-07-04,1,False
7503,2273,P,2024-06-24,0,True
7504,2273,AS,2024-06-29,1,True
7506,2274,P,2024-06-08,0,True
7507,2274,AS,2024-06-12,0,True
7508,2274,D,2024-06-22,1,False
7509,2275,P,2024-06-07,0,True
7510,2275,AS,2024-06-11,0,True
7511,2275,D,2024-06-24,1,False
7512,2276,P,2024-06-15,0,True
7513,2276,BA,2024-06-17,0,True
7514,2276,AS,2024-06-20,0,True
7515,2276,D,2024-07-03,1,False
7516,2277,P,2024-06-09,0,True
7517,2277,AS,2024-06-11,0,True
7518,2277,D,2024-06-17,1,False
7519,2278,P,2024-06-11,0,True
7520,2278,AS,2024-06-16,0,True
7521,2278,D,2024-06-23,1,False
7522,2279,P,2024-07-02,1,True
7525,2280,P,2024-06-28,0,True
7526,2280,BA,2024-07-02,0,True
7527,2280,AS,2024-07-05,1,True
7529,2281,P,2024-06-15,0,True
7530,2281,AS,2024-06-20,0,True
7531,2281,D,2024-07-01,1,False
7532,2282,P,2024-06-22,0,True
7533,2282,AS,2024-06-24,0,True
7534,2282,D,2024-07-05,1,False
7535,2283,P,2024-07-03,1,True
7539,2284,P,2024-06-07,0,True
7540,2284,AS,2024-06-10,0,True
7541,2284,D,2024-06-16,1,False
7542,2285,P,2024-06-13,0,True
7543,2285,BA,2024-06-17,0,True
7544,2285,AS,2024-06-21,0,True
7545,2285,D,2024-06-23,1,False
7546,2286,P,2024-06-08,0,True
7547,2286,BR,2024-06-12,1,False
7548,2287,P,2024-06-21,0,True
7549,2287,BR,2024-06-24,1,False
7550,2288,P,2024-06-14,0,True
7551,2288,BZ,2024-06-16,0,True
7552,2288,BV,2024-06-24,0,True
7553,2288,D,2024-07-05,1,False
7554,2289,P,2024-06-16,0,True
7555,2289,BZ,2024-06-22,0,True
7556,2289,BV,2024-07-02,1,True
7558,2290,P,2024-06-23,0,True
7559,2290,AS,2024-06-24,0,True
7560,2290,D,2024-06-29,1,False
7561,2291,P,2024-06-24,0,True
7562,2291,AS,2024-06-28,1,True
7564,2292,P,2024-07-04,1,True
7568,2293,P,2024-06-24,0,True
7569,2293,BA,2024-06-29,0,True
7570,2293,AS,2024-07-02,1,True
7572,2294,P,2024-07-01,0,True
7573,2294,BA,2024-07-04,1,True
7576,2295,P,2024-06-11,0,True
7577,2295,AS,2024-06-13,0,True
7578,2295,D,2024-06-26,1,False
7579,2296,P,2024-06-05,0,True
7580,2296,BR,2024-06-09,1,False
7581,2297,P,2024-06-16,0,True
7582,2297,BA,2024-06-20,0,True
7583,2297,AS,2024-06-22,0,True
7584,2297,D,2024-06-25,1,False
7585,2298,P,2024-06-20,0,True
7586,2298,BD,2024-06-23,0,True
7587,2298,BV,2024-06-29,1,True
7589,2299,P,2024-06-07,0,True
7590,2299,BB,2024-06-12,0,True
7591,2299,BR,2024-06-29,1,False
7592,2300,P,2024-06-18,0,True
7593,2300,AS,2024-06-21,0,True
7594,2300,D,2024-06-25,1,False
7595,2301,P,2024-06-12,0,True
7596,2301,AS,2024-06-16,0,True
7597,2301,D,2024-06-26,1,False
7598,2302,P,2024-06-26,0,True
7599,2302,AS,2024-06-29,1,True
7601,2303,P,2024-06-06,0,True
7602,2303,BA,2024-06-09,0,True
7603,2303,D,2024-06-12,1,False
7604,2304,P,2024-06-06,0,True
7605,2304,BB,2024-06-11,0,True
7606,2304,AS,2024-06-14,0,True
7607,2304,D,2024-06-28,1,False
7608,2305,P,2024-06-10,0,True
7609,2305,BV,2024-06-12,0,True
7610,2305,AS,2024-06-22,0,True
7611,2305,D,2024-06-28,1,False
7612,2306,P,2024-06-21,0,True
7613,2306,BA,2024-06-23,0,True
7614,2306,AS,2024-06-24,0,True
7615,2306,D,2024-07-05,1,False
7616,2307,P,2024-06-26,0,True
7617,2307,AS,2024-07-02,1,True
7619,2308,P,2024-06-20,0,True
7620,2308,AS,2024-06-22,0,True
7621,2308,D,2024-06-30,1,False
7622,2309,P,2024-06-27,0,True
7623,2309,AS,2024-06-29,1,True
7625,2310,P,2024-06-20,0,True
7626,2310,AS,2024-06-23,0,True
7627,2310,D,2024-07-01,1,False
7628,2311,P,2024-06-09,0,True
7629,2311,BV,2024-06-10,0,True
7630,2311,D,2024-06-30,1,False
7631,2312,P,2024-07-02,0,True
7632,2312,AS,2024-07-05,1,True
7634,2313,P,2024-06-07,0,True
7635,2313,AS,2024-06-08,0,True
7636,2313,D,2024-06-22,1,False
7637,2314,P,2024-06-13,0,True
7638,2314,AS,2024-06-15,0,True
7639,2314,D,2024-06-28,1,False
7640,2315,P,2024-07-01,0,True
7641,2315,BR,2024-07-05,1,False
7642,2316,P,2024-06-09,0,True
7643,2316,BA,2024-06-14,0,True
7644,2316,D,2024-06-16,1,False
7645,2317,P,2024-06-17,0,True
7646,2317,BA,2024-06-20,0,True
7647,2317,AS,2024-06-22,0,True
7648,2317,D,2024-06-28,1,False
7649,2318,P,2024-06-16,0,True
7650,2318,AS,2024-06-17,0,True
7651,2318,D,2024-06-25,1,False
7652,2319,P,2024-06-10,0,True
7653,2319,BV,2024-06-15,0,True
7654,2319,AS,2024-06-28,1,True
7656,2320,P,2024-06-20,0,True
7657,2320,BA,2024-06-28,0,True
7658,2320,AS,2024-06-29,1,True
7660,2321,P,2024-06-11,0,True
7661,2321,AS,2024-06-15,0,True
7662,2321,D,2024-06-21,1,False
7663,2322,P,2024-07-01,0,True
7664,2322,AS,2024-07-04,1,True
7666,2323,P,2024-06-12,0,True
7667,2323,AS,2024-06-15,0,True
7668,2323,D,2024-06-30,1,False
7669,2324,P,2024-06-18,0,True
7670,2324,AS,2024-06-23,0,True
7671,2324,D,2024-07-01,1,False
7672,2325,P,2024-06-20,0,True
7673,2325,AS,2024-06-23,0,True
7674,2325,D,2024-06-24,1,False
7675,2326,P,2024-06-25,0,True
7676,2326,BB,2024-06-29,1,True
7679,2327,P,2024-06-11,0,True
7680,2327,BA,2024-06-17,0,True
7681,2327,AS,2024-06-19,0,True
7682,2327,D,2024-06-27,1,False
7683,2328,P,2024-06-14,0,True
7684,2328,BB,2024-06-18,0,True
7685,2328,BR,2024-07-02,1,False
7686,2329,P,2024-06-16,0,True
7687,2329,AS,2024-06-20,0,True
7688,2329,D,2024-06-28,1,False
7689,2330,P,2024-06-23,0,True
7690,2330,AS,2024-06-28,1,True
7692,2331,P,2024-06-09,0,True
7693,2331,BR,2024-06-14,1,False
7694,2332,P,2024-06-24,0,True
7695,2332,BB,2024-06-27,1,True
7698,2333,P,2024-07-04,1,True
7701,2334,P,2024-06-10,0,True
7702,2334,BA,2024-06-13,0,True
7703,2334,AS,2024-06-15,0,True
7704,2334,D,2024-06-25,1,False
7705,2335,P,2024-06-07,0,True
7706,2335,BD,2024-06-11,0,True
7707,2335,BV,2024-06-18,0,True
7708,2335,D,2024-07-03,1,False
7709,2336,P,2024-06-25,0,True
7710,2336,BA,2024-06-28,0,True
7711,2336,AS,2024-06-29,1,True
7713,2337,P,2024-07-04,1,True
7716,2338,P,2024-06-12,0,True
7717,2338,AS,2024-06-14,0,True
7718,2338,D,2024-06-28,1,False
7719,2339,P,2024-06-12,0,True
7720,2339,BA,2024-06-16,0,True
7721,2339,AS,2024-06-18,0,True
7722,2339,D,2024-07-01,1,False
7723,2340,P,2024-06-11,0,True
7724,2340,BA,2024-06-12,0,True
7725,2340,AS,2024-06-15,0,True
7726,2340,BR,2024-07-03,1,False
7727,2341,P,2024-06-14,0,True
7728,2341,AS,2024-06-18,1,True
7730,2342,P,2024-06-26,0,True
7731,2342,AS,2024-06-30,1,True
7733,2343,P,2024-06-11,0,True
7734,2343,BV,2024-06-16,0,True
7735,2343,AS,2024-06-28,0,True
7736,2343,D,2024-07-04,1,False
7737,2344,P,2024-06-21,0,True
7738,2344,AS,2024-06-22,0,True
7739,2344,D,2024-06-29,1,False
7740,2345,P,2024-06-14,0,True
7741,2345,AS,2024-06-18,0,True
7742,2345,D,2024-06-22,1,False
7743,2346,P,2024-06-19,0,True
7744,2346,BA,2024-06-23,0,True
7745,2346,AS,2024-06-25,0,True
7746,2346,D,2024-07-05,1,False
7747,2347,P,2024-06-26,0,True
7748,2347,BA,2024-06-28,0,True
7749,2347,AS,2024-06-29,0,True
7750,2347,D,2024-07-02,1,False
7751,2348,P,2024-07-03,1,True
7756,2349,P,2024-06-21,0,True
7757,2349,BA,2024-06-25,0,True
7758,2349,AS,2024-06-27,1,True
7760,2350,P,2024-06-30,0,True
7761,2350,BZ,2024-07-04,1,True
7763,2351,P,2024-06-07,0,True
7764,2351,AS,2024-06-15,0,True
7765,2351,D,2024-06-20,1,False
7766,2352,P,2024-07-03,1,True
7769,2353,P,2024-07-03,1,True
7772,2354,P,2024-06-20,0,True
7773,2354,AS,2024-06-25,1,True
7775,2355,P,2024-06-19,0,True
7776,2355,BR,2024-06-20,1,False
7777,2356,P,2024-06-25,0,True
7778,2356,BA,2024-06-27,0,True
7779,2356,AS,2024-06-29,1,True
7781,2357,P,2024-06-21,0,True
7782,2357,AS,2024-06-23,1,True
7784,2358,P,2024-06-21,0,True
7785,2358,AS,2024-06-25,0,True
7786,2358,D,2024-07-04,1,False
7787,2359,P,2024-06-23,0,True
7788,2359,AS,2024-06-26,0,True
7789,2359,D,2024-06-28,1,False
7790,2360,P,2024-07-03,1,True
7793,2361,P,2024-06-22,0,True
7794,2361,BZ,2024-06-25,1,True
7798,2362,P,2024-06-07,0,True
7799,2362,BA,2024-06-11,0,True
7800,2362,AS,2024-06-14,0,True
7801,2362,D,2024-06-18,1,False
7802,2363,P,2024-07-02,0,True
7803,2363,BV,2024-07-04,1,True
7806,2364,P,2024-07-02,1,True
7809,2365,P,2024-06-29,0,True
7810,2365,AS,2024-07-02,1,True
7812,2366,P,2024-06-24,0,True
7813,2366,AS,2024-06-28,1,True
7815,2367,P,2024-06-18,0,True
7816,2367,AS,2024-06-24,0,True
7817,2367,D,2024-06-28,1,False
7818,2368,P,2024-06-15,0,True
7819,2368,AS,2024-06-18,0,True
7820,2368,D,2024-06-27,1,False
7821,2369,P,2024-06-30,0,True
7822,2369,AS,2024-07-01,1,True
7824,2370,P,2024-06-10,0,True
7825,2370,AS,2024-06-14,0,True
7826,2370,D,2024-06-18,1,False
7827,2371,P,2024-06-08,0,True
7828,2371,BR,2024-06-11,1,False
7829,2372,P,2024-07-04,1,True
7831,2373,P,2024-06-18,0,True
7832,2373,BR,2024-06-21,1,False
7833,2374,P,2024-07-02,1,True
7837,2375,P,2024-06-20,0,True
7838,2375,BA,2024-06-24,0,True
7839,2375,AS,2024-06-27,1,True
7841,2376,P,2024-07-01,0,True
7842,2376,AS,2024-07-05,1,True
7844,2377,P,2024-07-01,0,True
7845,2377,BV,2024-07-05,1,True
7847,2378,P,2024-06-29,0,True
7848,2378,BV,2024-07-02,1,True
7850,2379,P,2024-06-10,0,True
7851,2379,AS,2024-06-13,0,True
7852,2379,D,2024-06-14,1,False
7853,2380,P,2024-06-11,0,True
7854,2380,BZ,2024-06-13,0,True
7855,2380,BV,2024-07-02,1,True
7857,2381,P,2024-06-28,0,True
7858,2381,BB,2024-07-02,1,True
7861,2382,P,2024-06-13,0,True
7862,2382,BA,2024-06-16,0,True
7863,2382,D,2024-06-19,1,False
7864,2383,P,2024-07-04,1,True
7868,2384,P,2024-06-12,0,True
7869,2384,AS,2024-06-16,0,True
7870,2384,D,2024-06-24,1,False
7871,2385,P,2024-06-19,0,True
7872,2385,BR,2024-06-23,1,False
7873,2386,P,2024-06-10,0,True
7874,2386,AS,2024-06-11,0,True
7875,2386,D,2024-06-24,1,False
7876,2387,P,2024-06-08,0,True
7877,2387,AS,2024-06-16,0,True
7878,2387,D,2024-06-26,1,False
7879,2388,P,2024-06-06,0,True
7880,2388,AS,2024-06-10,0,True
7881,2388,D,2024-06-19,1,False
7882,2389,P,2024-06-24,0,True
7883,2389,AS,2024-06-28,1,True
7885,2390,P,2024-06-26,0,True
7886,2390,AS,2024-06-30,0,True
7887,2390,D,2024-07-01,1,False
7888,2391,P,2024-06-29,0,True
7889,2391,AS,2024-07-05,1,True
7891,2392,P,2024-07-02,1,True
7894,2393,P,2024-06-09,0,True
7895,2393,BA,2024-06-14,0,True
7896,2393,AS,2024-06-15,0,True
7897,2393,D,2024-06-19,1,False
7898,2394,P,2024-06-23,0,True
7899,2394,AS,2024-06-27,0,True
7900,2394,D,2024-07-03,1,False
7901,2395,P,2024-06-11,0,True
7902,2395,AS,2024-06-15,0,True
7903,2395,D,2024-06-24,1,False
7904,2396,P,2024-06-05,0,True
7905,2396,BB,2024-06-08,0,True
7906,2396,AS,2024-06-25,0,True
7907,2396,D,2024-07-04,1,False
7908,2397,P,2024-06-21,0,True
7909,2397,BB,2024-06-24,1,True
7913,2398,P,2024-06-23,0,True
7914,2398,AS,2024-06-26,0,True
7915,2398,D,2024-07-02,1,False
7916,2399,P,2024-06-08,0,True
7917,2399,AS,2024-06-14,0,True
7918,2399,D,2024-06-23,1,False
7919,2400,P,2024-06-23,0,True
7920,2400,BB,2024-06-26,1,True
7923,2401,P,2024-06-20,0,True
7924,2401,AS,2024-06-25,1,True
7926,2402,P,2024-06-20,0,True
7927,2402,BZ,2024-06-22,1,True
7931,2403,P,2024-06-07,0,True
7932,2403,AS,2024-06-12,0,True
7933,2403,D,2024-07-01,1,False
7934,2404,P,2024-06-18,0,True
7935,2404,AS,2024-06-22,0,True
7936,2404,D,2024-07-04,1,False
7937,2405,P,2024-06-16,0,True
7938,2405,BA,2024-06-19,0,True
7939,2405,AS,2024-06-23,0,True
7940,2405,D,2024-06-30,1,False
7941,2406,P,2024-06-09,0,True
7942,2406,AS,2024-06-14,0,True
7943,2406,D,2024-06-27,1,False
7944,2407,P,2024-06-19,0,True
7945,2407,AS,2024-06-23,1,True
7947,2408,P,2024-07-02,0,True
7948,2408,AS,2024-07-05,1,True
7950,2409,P,2024-06-11,0,True
7951,2409,BV,2024-06-17,0,True
7952,2409,D,2024-06-29,1,False
7953,2410,P,2024-06-18,0,True
7954,2410,BA,2024-06-21,0,True
7955,2410,AS,2024-06-24,0,True
7956,2410,D,2024-06-28,1,False
7957,2411,P,2024-06-29,0,True
7958,2411,BA,2024-07-03,0,True
7959,2411,AS,2024-07-05,1,True
7961,2412,P,2024-06-27,0,True
7962,2412,BA,2024-06-29,0,True
7963,2412,AS,2024-07-02,1,True
7965,2413,P,2024-06-06,0,True
7966,2413,AS,2024-06-09,0,True
7967,2413,D,2024-06-21,1,False
7968,2414,P,2024-06-17,0,True
7969,2414,AS,2024-06-21,0,True
7970,2414,D,2024-07-04,1,False
7971,2415,P,2024-06-13,0,True
7972,2415,BA,2024-06-17,0,True
7973,2415,D,2024-06-20,1,False
7974,2416,P,2024-06-19,0,True
7975,2416,AS,2024-06-21,0,True
7976,2416,D,2024-06-28,1,False
7977,2417,P,2024-07-03,1,True
7980,2418,P,2024-06-27,0,True
7981,2418,BV,2024-06-30,0,True
7982,2418,D,2024-07-05,1,False
7983,2419,P,2024-06-22,0,True
7984,2419,AS,2024-06-24,0,True
7985,2419,D,2024-06-30,1,False
7986,2420,P,2024-06-05,0,True
7987,2420,AS,2024-06-10,0,True
7988,2420,D,2024-06-12,1,False
7989,2421,P,2024-06-29,0,True
7990,2421,AS,2024-07-03,1,True
7992,2422,P,2024-07-01,0,True
7993,2422,BA,2024-07-03,0,True
7994,2422,AS,2024-07-05,1,True
7996,2423,P,2024-06-28,0,True
7997,2423,AS,2024-07-01,1,True
7999,2424,P,2024-06-25,0,True
8000,2424,AS,2024-06-29,1,True
8002,2425,P,2024-06-15,0,True
8003,2425,BA,2024-06-20,0,True
8004,2425,D,2024-06-23,1,False
8005,2426,P,2024-06-23,0,True
8006,2426,AS,2024-06-28,0,True
8007,2426,D,2024-06-30,1,False
8008,2427,P,2024-06-26,0,True
8009,2427,AS,2024-06-30,1,True
8011,2428,P,2024-06-16,0,True
8012,2428,AS,2024-06-18,0,True
8013,2428,D,2024-06-23,1,False
8014,2429,P,2024-06-13,0,True
8015,2429,AS,2024-06-17,0,True
8016,2429,D,2024-06-18,1,False
8017,2430,P,2024-06-14,0,True
8018,2430,BA,2024-06-19,0,True
8019,2430,AS,2024-06-23,0,True
8020,2430,D,2024-07-04,1,False
8021,2431,P,2024-06-07,0,True
8022,2431,AS,2024-06-11,0,True
8023,2431,D,2024-06-17,1,False
8024,2432,P,2024-06-13,0,True
8025,2432,AS,2024-06-16,0,True
8026,2432,D,2024-06-23,1,False
8027,2433,P,2024-06-28,0,True
8028,2433,BV,2024-07-01,1,True
8031,2434,P,2024-06-12,0,True
8032,2434,AS,2024-06-14,0,True
8033,2434,D,2024-06-17,1,False
8034,2435,P,2024-06-18,0,True
8035,2435,BB,2024-06-20,0,True
8036,2435,AS,2024-07-04,1,True
8038,2436,P,2024-06-08,0,True
8039,2436,BB,2024-06-11,0,True
8040,2436,BA,2024-06-28,0,True
8041,2436,AS,2024-07-01,1,True
8043,2437,P,2024-06-11,0,True
8044,2437,BA,2024-06-12,0,True
8045,2437,AS,2024-06-16,0,True
8046,2437,D,2024-06-25,1,False
8047,2438,P,2024-06-13,0,True
8048,2438,BA,2024-06-17,0,True
8049,2438,AS,2024-06-18,0,True
8050,2438,D,2024-07-03,1,False
8051,2439,P,2024-06-10,0,True
8052,2439,BA,2024-06-13,0,True
8053,2439,AS,2024-06-18,0,True
8054,2439,D,2024-06-20,1,False
8055,2440,P,2024-06-15,0,True
8056,2440,BB,2024-06-16,0,True
8057,2440,BR,2024-06-29,1,False
8058,2441,P,2024-06-06,0,True
8059,2441,AS,2024-06-10,0,True
8060,2441,BR,2024-06-23,1,False
8061,2442,P,2024-06-23,0,True
8062,2442,AS,2024-06-28,0,True
8063,2442,D,2024-07-05,1,False
8064,2443,P,2024-06-17,0,True
8065,2443,BV,2024-06-20,0,True
8066,2443,D,2024-06-23,1,False
8067,2444,P,2024-06-19,0,True
8068,2444,BA,2024-06-23,0,True
8069,2444,AS,2024-06-26,1,True
8071,2445,P,2024-06-07,0,True
8072,2445,AS,2024-06-08,0,True
8073,2445,D,2024-06-14,1,False
8074,2446,P,2024-06-26,0,True
8075,2446,AS,2024-06-28,1,True
8077,2447,P,2024-06-23,0,True
8078,2447,AS,2024-06-28,0,True
8079,2447,D,2024-07-04,1,False
8080,2448,P,2024-06-13,0,True
8081,2448,BZ,2024-06-17,1,True
8083,2449,P,2024-06-28,0,True
8084,2449,BB,2024-07-04,1,True
8088,2450,P,2024-06-16,0,True
8089,2450,BR,2024-06-20,1,False
8090,2451,P,2024-06-09,0,True
8091,2451,AS,2024-06-14,0,True
8092,2451,D,2024-06-21,1,False
8093,2452,P,2024-06-10,0,True
8094,2452,AS,2024-06-13,0,True
8095,2452,D,2024-06-17,1,False
8096,2453,P,2024-06-23,0,True
8097,2453,BD,2024-06-26,1,True
8100,2454,P,2024-07-02,0,True
8101,2454,BA,2024-07-04,1,True
8104,2455,P,2024-06-25,0,True
8105,2455,AS,2024-07-02,1,True
8107,2456,P,2024-06-22,0,True
8108,2456,BB,2024-06-26,1,True
8111,2457,P,2024-06-07,0,True
8112,2457,AS,2024-06-10,0,True
8113,2457,D,2024-06-20,1,False
8114,2458,P,2024-06-10,0,True
8115,2458,AS,2024-06-15,0,True
8116,2458,D,2024-06-25,1,False
8117,2459,P,2024-06-26,0,True
8118,2459,BR,2024-07-02,1,False
8119,2460,P,2024-06-24,0,True
8120,2460,BR,2024-06-26,1,False
8121,2461,P,2024-06-23,0,True
8122,2461,BA,2024-06-25,0,True
8123,2461,AS,2024-06-28,1,True
8125,2462,P,2024-06-28,0,True
8126,2462,BB,2024-06-30,0,True
8127,2462,AS,2024-07-03,1,True
8129,2463,P,2024-06-08,0,True
8130,2463,AS,2024-06-11,0,True
8131,2463,D,2024-06-22,1,False
8132,2464,P,2024-06-30,0,True
8133,2464,AS,2024-07-03,1,True
8135,2465,P,2024-06-28,0,True
8136,2465,AS,2024-07-03,1,True
8138,2466,P,2024-07-01,0,True
8139,2466,BA,2024-07-03,1,True
8142,2467,P,2024-06-06,0,True
8143,2467,BA,2024-06-08,0,True
8144,2467,D,2024-06-10,1,False
8145,2468,P,2024-06-23,0,True
8146,2468,AS,2024-06-27,1,True
8148,2469,P,2024-06-19,0,True
8149,2469,AS,2024-06-26,1,True
8151,2470,P,2024-07-03,1,True
8154,2471,P,2024-06-15,0,True
8155,2471,BB,2024-06-17,1,True
8158,2472,P,2024-06-10,0,True
8159,2472,BD,2024-06-13,0,True
8160,2472,BV,2024-06-16,0,True
8161,2472,AS,2024-07-02,1,True
8163,2473,P,2024-06-06,0,True
8164,2473,BB,2024-06-09,0,True
8165,2473,BA,2024-06-29,0,True
8166,2473,AS,2024-07-01,1,True
8168,2474,P,2024-06-21,0,True
8169,2474,AS,2024-06-25,0,True
8170,2474,D,2024-07-04,1,False
8171,2475,P,2024-06-21,0,True
8172,2475,AS,2024-06-24,1,True
8174,2476,P,2024-06-17,0,True
8175,2476,AS,2024-06-18,1,True
8177,2477,P,2024-06-27,0,True
8178,2477,AS,2024-07-01,1,True
8180,2478,P,2024-06-09,0,True
8181,2478,AS,2024-06-12,0,True
8182,2478,BR,2024-06-20,1,False
8183,2479,P,2024-06-16,0,True
8184,2479,BB,2024-06-18,0,True
8185,2479,AS,2024-07-05,1,True
8187,2480,P,2024-06-20,0,True
8188,2480,AS,2024-06-22,0,True
8189,2480,D,2024-07-05,1,False
8190,2481,P,2024-06-07,0,True
8191,2481,AS,2024-06-10,0,True
8192,2481,D,2024-06-23,1,False
8193,2482,P,2024-06-10,0,True
8194,2482,BA,2024-06-13,0,True
8195,2482,D,2024-06-17,1,False
8196,2483,P,2024-06-13,0,True
8197,2483,AS,2024-06-15,0,True
8198,2483,D,2024-06-18,1,False
8199,2484,P,2024-06-18,0,True
8200,2484,AS,2024-06-21,0,True
8201,2484,D,2024-06-25,1,False
8202,2485,P,2024-06-26,0,True
8203,2485,BB,2024-06-30,1,True
8206,2486,P,2024-07-01,0,True
8207,2486,BR,2024-07-05,1,False
8208,2487,P,2024-06-18,0,True
8209,2487,AS,2024-06-23,0,True
8210,2487,D,2024-06-26,1,False
8211,2488,P,2024-07-03,0,True
8212,2488,BA,2024-07-04,1,True
8215,2489,P,2024-07-03,1,True
8219,2490,P,2024-07-03,1,True
8222,2491,P,2024-06-13,0,True
8223,2491,AS,2024-06-14,0,True
8224,2491,D,2024-06-18,1,False
8225,2492,P,2024-06-25,0,True
8226,2492,BR,2024-06-28,1,False
8227,2493,P,2024-06-10,0,True
8228,2493,BB,2024-06-15,0,True
8229,2493,BZ,2024-06-23,0,True
8230,2493,BV,2024-06-28,1,True
8233,2494,P,2024-06-21,0,True
8234,2494,BD,2024-06-25,0,True
8235,2494,BZ,2024-07-03,1,True
8238,2495,P,2024-07-03,1,True
8242,2496,P,2024-07-01,0,True
8243,2496,AS,2024-07-02,1,True
8245,2497,P,2024-06-28,0,True
8246,2497,BR,2024-07-01,1,False
8247,2498,P,2024-06-11,0,True
8248,2498,AS,2024-06-18,0,True
8249,2498,D,2024-06-20,1,False
8250,2499,P,2024-06-11,0,True
8251,2499,AS,2024-06-14,0,True
8252,2499,D,2024-06-18,1,False
8253,2500,P,2024-06-21,0,True
8254,2500,AS,2024-06-27,1,True
8256,2501,P,2024-06-05,0,True
8257,2501,BA,2024-06-10,0,True
8258,2501,AS,2024-06-11,0,True
8259,2501,D,2024-06-15,1,False
8260,2502,P,2024-06-11,0,True
8261,2502,AS,2024-06-14,0,True
8262,2502,D,2024-06-26,1,False
8263,2503,P,2024-06-07,0,True
8264,2503,AS,2024-06-11,0,True
8265,2503,D,2024-06-23,1,False
8266,2504,P,2024-06-20,0,True
8267,2504,BA,2024-06-23,0,True
8268,2504,AS,2024-06-25,0,True
8269,2504,D,2024-07-03,1,False
8270,2505,P,2024-06-15,0,True
8271,2505,BA,2024-06-18,0,True
8272,2505,AS,2024-06-20,0,True
8273,2505,D,2024-07-05,1,False
8274,2506,P,2024-06-27,0,True
8275,2506,BR,2024-07-02,1,False
8276,2507,P,2024-06-19,0,True
8277,2507,BA,2024-06-23,0,True
8278,2507,AS,2024-06-24,0,True
8279,2507,D,2024-07-02,1,False
8280,2508,P,2024-06-22,0,True
8281,2508,BR,2024-06-23,1,False
8282,2509,P,2024-06-22,0,True
8283,2509,BA,2024-06-26,0,True
8284,2509,AS,2024-06-29,1,True
8286,2510,P,2024-06-16,0,True
8287,2510,AS,2024-06-19,0,True
8288,2510,D,2024-06-26,1,False
8289,2511,P,2024-06-07,0,True
8290,2511,BB,2024-06-10,0,True
8291,2511,BR,2024-07-05,1,False
8292,2512,P,2024-06-24,0,True
8293,2512,AS,2024-06-25,1,True
8295,2513,P,2024-06-20,0,True
8296,2513,AS,2024-06-23,0,True
8297,2513,D,2024-07-03,1,False
8298,2514,P,2024-07-01,0,True
8299,2514,AS,2024-07-03,1,True
8301,2515,P,2024-06-30,1,True
8304,2516,P,2024-06-27,0,True
8305,2516,BD,2024-06-30,0,True
8306,2516,BZ,2024-07-03,1,True
8308,2517,P,2024-06-23,0,True
8309,2517,AS,2024-06-28,0,True
8310,2517,D,2024-07-02,1,False
8311,2518,P,2024-06-15,0,True
8312,2518,BD,2024-06-20,0,True
8313,2518,BZ,2024-06-26,1,True
8316,2519,P,2024-06-10,0,True
8317,2519,BA,2024-06-14,0,True
8318,2519,AS,2024-06-19,0,True
8319,2519,D,2024-06-29,1,False
8320,2520,P,2024-06-26,0,True
8321,2520,BD,2024-06-30,0,True
8322,2520,BZ,2024-07-05,1,True
8324,2521,P,2024-06-18,0,True
8325,2521,BZ,2024-06-21,1,True
8329,2522,P,2024-06-29,0,True
8330,2522,AS,2024-07-03,1,True
8332,2523,P,2024-06-12,0,True
8333,2523,BA,2024-06-16,0,True
8334,2523,AS,2024-06-18,0,True
8335,2523,D,2024-06-30,1,False
8336,2524,P,2024-06-10,0,True
8337,2524,BB,2024-06-14,0,True
8338,2524,BA,2024-06-28,0,True
8339,2524,AS,2024-06-30,1,True
8341,2525,P,2024-07-04,1,True
8343,2526,P,2024-06-05,0,True
8344,2526,AS,2024-06-09,0,True
8345,2526,D,2024-06-12,1,False
8346,2527,P,2024-06-07,0,True
8347,2527,BR,2024-06-09,1,False
8348,2528,P,2024-06-06,0,True
8349,2528,BA,2024-06-11,0,True
8350,2528,AS,2024-06-14,0,True
8351,2528,D,2024-06-20,1,False
8352,2529,P,2024-06-17,0,True
8353,2529,AS,2024-06-18,0,True
8354,2529,D,2024-06-27,1,False
8355,2530,P,2024-06-16,0,True
8356,2530,AS,2024-06-19,0,True
8357,2530,BR,2024-06-27,1,False
8358,2531,P,2024-06-27,0,True
8359,2531,AS,2024-07-03,1,True
8361,2532,P,2024-06-16,0,True
8362,2532,BR,2024-06-18,1,False
8363,2533,P,2024-06-07,0,True
8364,2533,BA,2024-06-12,0,True
8365,2533,AS,2024-06-15,0,True
8366,2533,D,2024-06-26,1,False
8367,2534,P,2024-06-16,0,True
8368,2534,BA,2024-06-18,0,True
8369,2534,AS,2024-06-21,0,True
8370,2534,D,2024-07-01,1,False
8371,2535,P,2024-06-13,0,True
8372,2535,AS,2024-06-16,0,True
8373,2535,D,2024-06-21,1,False
8374,2536,P,2024-06-25,0,True
8375,2536,BV,2024-06-29,0,True
8376,2536,AS,2024-07-04,1,True
8378,2537,P,2024-06-09,0,True
8379,2537,AS,2024-06-11,0,True
8380,2537,D,2024-06-16,1,False
8381,2538,P,2024-07-03,0,True
8382,2538,AS,2024-07-05,1,True
8384,2539,P,2024-07-03,0,True
8385,2539,BD,2024-07-04,1,True
8388,2540,P,2024-06-26,0,True
8389,2540,AS,2024-07-01,1,True
8391,2541,P,2024-06-07,0,True
8392,2541,BA,2024-06-12,0,True
8393,2541,AS,2024-06-14,0,True
8394,2541,D,2024-06-29,1,False
8395,2542,P,2024-06-25,0,True
8396,2542,AS,2024-06-29,1,True
8398,2543,P,2024-07-01,0,True
8399,2543,AS,2024-07-03,1,True
8401,2544,P,2024-06-29,0,True
8402,2544,AS,2024-07-03,1,True
8404,2545,P,2024-06-17,0,True
8405,2545,AS,2024-06-19,0,True
8406,2545,D,2024-06-22,1,False
8407,2546,P,2024-06-05,0,True
8408,2546,BZ,2024-06-08,0,True
8409,2546,BV,2024-06-25,1,True
8411,2547,P,2024-06-21,0,True
8412,2547,AS,2024-06-22,0,True
8413,2547,D,2024-07-04,1,False
8414,2548,P,2024-06-11,0,True
8415,2548,AS,2024-06-14,0,True
8416,2548,D,2024-06-30,1,False
8417,2549,P,2024-06-12,0,True
8418,2549,AS,2024-06-15,0,True
8419,2549,D,2024-06-28,1,False
8420,2550,P,2024-07-04,0,True
8421,2550,BA,2024-07-05,1,True
8424,2551,P,2024-06-18,0,True
8425,2551,AS,2024-06-19,0,True
8426,2551,D,2024-07-01,1,False
8427,2552,P,2024-06-08,0,True
8428,2552,AS,2024-06-10,0,True
8429,2552,D,2024-06-19,1,False
8430,2553,P,2024-06-14,0,True
8431,2553,BV,2024-06-16,0,True
8432,2553,D,2024-06-23,1,False
8433,2554,P,2024-06-24,0,True
8434,2554,BB,2024-06-27,1,True
8437,2555,P,2024-06-26,0,True
8438,2555,BZ,2024-06-29,1,True
8441,2556,P,2024-06-24,0,True
8442,2556,AS,2024-06-28,1,True
8444,2557,P,2024-07-04,1,True
8447,2558,P,2024-07-03,0,True
8448,2558,BB,2024-07-05,1,True
8451,2559,P,2024-06-06,0,True
8452,2559,BA,2024-06-10,0,True
8453,2559,AS,2024-06-13,0,True
8454,2559,BR,2024-06-28,1,False
8455,2560,P,2024-06-09,0,True
8456,2560,AS,2024-06-11,0,True
8457,2560,D,2024-06-23,1,False
8458,2561,P,2024-06-25,0,True
8459,2561,AS,2024-06-28,1,True
8461,2562,P,2024-06-15,0,True
8462,2562,AS,2024-06-21,0,True
8463,2562,BR,2024-06-27,1,False
8464,2563,P,2024-06-29,0,True
8465,2563,AS,2024-07-02,0,True
8466,2563,D,2024-07-05,1,False
8467,2564,P,2024-07-04,1,True
8471,2565,P,2024-06-26,0,True
8472,2565,AS,2024-06-30,1,True
8474,2566,P,2024-06-12,0,True
8475,2566,BA,2024-06-14,0,True
8476,2566,BR,2024-06-16,1,False
8477,2567,P,2024-06-20,0,True
8478,2567,AS,2024-06-24,0,True
8479,2567,D,2024-06-30,1,False
8480,2568,P,2024-07-04,1,True
8483,2569,P,2024-06-24,0,True
8484,2569,AS,2024-06-28,0,True
8485,2569,D,2024-07-03,1,False
8486,2570,P,2024-07-04,1,True
8490,2571,P,2024-06-30,0,True
8491,2571,BA,2024-07-02,0,True
8492,2571,AS,2024-07-04,1,True
8494,2572,P,2024-07-03,0,True
8495,2572,AS,2024-07-05,1,True
8497,2573,P,2024-06-17,0,True
8498,2573,BR,2024-06-22,1,False
8499,2574,P,2024-06-25,0,True
8500,2574,AS,2024-06-30,1,True
8502,2575,P,2024-06-27,0,True
8503,2575,AS,2024-07-01,1,True
8505,2576,P,2024-07-04,1,True
8507,2577,P,2024-06-20,0,True
8508,2577,BA,2024-06-24,0,True
8509,2577,AS,2024-06-27,1,True
8511,2578,P,2024-06-19,0,True
8512,2578,AS,2024-06-24,0,True
8513,2578,D,2024-07-02,1,False
8514,2579,P,2024-06-29,0,True
8515,2579,AS,2024-07-04,1,True
8517,2580,P,2024-06-21,0,True
8518,2580,BB,2024-06-23,1,True
8521,2581,P,2024-06-26,0,True
8522,2581,BB,2024-07-02,1,True
8525,2582,P,2024-06-23,0,True
8526,2582,BA,2024-06-25,0,True
8527,2582,AS,2024-06-29,1,True
8529,2583,P,2024-06-08,0,True
8530,2583,BD,2024-06-12,0,True
8531,2583,BR,2024-06-25,1,False
8532,2584,P,2024-06-20,0,True
8533,2584,AS,2024-06-23,1,True
8535,2585,P,2024-06-19,0,True
8536,2585,BA,2024-06-21,0,True
8537,2585,AS,2024-06-23,0,True
8538,2585,D,2024-07-02,1,False
8539,2586,P,2024-06-22,0,True
8540,2586,BB,2024-06-27,1,True
8544,2587,P,2024-06-19,0,True
8545,2587,AS,2024-06-21,0,True
8546,2587,D,2024-06-28,1,False
8547,2588,P,2024-06-13,0,True
8548,2588,AS,2024-06-16,0,True
8549,2588,D,2024-06-21,1,False
8550,2589,P,2024-06-15,0,True
8551,2589,AS,2024-06-19,0,True
8552,2589,D,2024-07-04,1,False
8553,2590,P,2024-06-18,0,True
8554,2590,BZ,2024-06-22,0,True
8555,2590,BV,2024-07-05,1,True
8558,2591,P,2024-06-12,0,True
8559,2591,AS,2024-06-14,0,True
8560,2591,D,2024-06-23,1,False
8561,2592,P,2024-06-27,0,True
8562,2592,AS,2024-06-30,0,True
8563,2592,D,2024-07-04,1,False
8564,2593,P,2024-07-02,1,True
8567,2594,P,2024-06-22,0,True
8568,2594,AS,2024-06-27,1,True
8570,2595,P,2024-07-02,0,True
8571,2595,AS,2024-07-05,1,True
8573,2596,P,2024-06-07,0,True
8574,2596,AS,2024-06-08,0,True
8575,2596,D,2024-06-14,1,False
8576,2597,P,2024-06-18,0,True
8577,2597,BV,2024-06-23,0,True
8578,2597,D,2024-06-27,1,False
8579,2598,P,2024-06-16,0,True
8580,2598,AS,2024-06-20,0,True
8581,2598,D,2024-06-30,1,False
8582,2599,P,2024-06-30,0,True
8583,2599,BA,2024-07-01,0,True
8584,2599,D,2024-07-03,1,False
8585,2600,P,2024-06-24,0,True
8586,2600,AS,2024-06-26,0,True
8587,2600,BR,2024-06-29,1,False
8588,2601,P,2024-06-28,0,True
8589,2601,AS,2024-07-02,1,True
8591,2602,P,2024-07-02,0,True
8592,2602,AS,2024-07-05,1,True
8594,2603,P,2024-06-18,0,True
8595,2603,BA,2024-06-21,0,True
8596,2603,AS,2024-06-22,0,True
8597,2603,D,2024-07-01,1,False
8598,2604,P,2024-06-29,0,True
8599,2604,AS,2024-07-03,1,True
8601,2605,P,2024-06-09,0,True
8602,2605,AS,2024-06-12,0,True
8603,2605,D,2024-06-18,1,False
8604,2606,P,2024-06-15,0,True
8605,2606,AS,2024-06-18,0,True
8606,2606,D,2024-06-27,1,False
8607,2607,P,2024-06-29,0,True
8608,2607,AS,2024-07-01,1,True
8610,2608,P,2024-06-23,0,True
8611,2608,AS,2024-06-27,0,True
8612,2608,D,2024-07-04,1,False
8613,2609,P,2024-06-07,0,True
8614,2609,AS,2024-06-13,0,True
8615,2609,D,2024-06-28,1,False
8616,2610,P,2024-06-11,0,True
8617,2610,AS,2024-06-16,0,True
8618,2610,BR,2024-06-22,1,False
8619,2611,P,2024-06-07,0,True
8620,2611,BB,2024-06-09,0,True
8621,2611,AS,2024-06-22,0,True
8622,2611,D,2024-06-26,1,False
8623,2612,P,2024-06-17,0,True
8624,2612,BA,2024-06-22,0,True
8625,2612,AS,2024-06-24,1,True
8627,2613,P,2024-06-30,0,True
8628,2613,AS,2024-07-03,1,True
8630,2614,P,2024-06-14,0,True
8631,2614,AS,2024-06-18,0,True
8632,2614,D,2024-06-29,1,False
8633,2615,P,2024-07-02,1,True
8636,2616,P,2024-06-13,0,True
8637,2616,BB,2024-06-17,0,True
8638,2616,AS,2024-06-30,1,True
8640,2617,P,2024-06-17,0,True
8641,2617,BA,2024-06-21,0,True
8642,2617,AS,2024-06-24,1,True
8644,2618,P,2024-07-03,1,True
8649,2619,P,2024-06-05,0,True
8650,2619,BV,2024-06-08,0,True
8651,2619,AS,2024-06-17,0,True
8652,2619,D,2024-06-26,1,False
8653,2620,P,2024-06-22,0,True
8654,2620,BB,2024-06-23,1,True
8657,2621,P,2024-07-03,1,True
8660,2622,P,2024-06-13,0,True
8661,2622,AS,2024-06-18,0,True
8662,2622,D,2024-06-29,1,False
8663,2623,P,2024-06-23,0,True
8664,2623,AS,2024-06-27,0,True
8665,2623,D,2024-07-05,1,False
8666,2624,P,2024-06-05,0,True
8667,2624,BB,2024-06-08,0,True
8668,2624,BA,2024-06-30,0,True
8669,2624,AS,2024-07-01,1,True
8671,2625,P,2024-06-16,0,True
8672,2625,AS,2024-06-20,0,True
8673,2625,D,2024-06-26,1,False
8674,2626,P,2024-06-18,0,True
8675,2626,AS,2024-06-21,0,True
8676,2626,D,2024-06-28,1,False
8677,2627,P,2024-07-03,0,True
8678,2627,AS,2024-07-04,1,True
8680,2628,P,2024-06-09,0,True
8681,2628,BV,2024-06-14,0,True
8682,2628,AS,2024-06-15,0,True
8683,2628,BR,2024-06-24,1,False
8684,2629,P,2024-06-27,0,True
8685,2629,BB,2024-06-28,1,True
8688,2630,P,2024-06-27,0,True
8689,2630,AS,2024-06-29,1,True
8691,2631,P,2024-06-23,0,True
8692,2631,BB,2024-06-26,1,True
8696,2632,P,2024-06-29,0,True
8697,2632,AS,2024-07-03,1,True
8699,2633,P,2024-06-08,0,True
8700,2633,BA,2024-06-12,0,True
8701,2633,AS,2024-06-15,0,True
8702,2633,D,2024-06-29,1,False
8703,2634,P,2024-06-06,0,True
8704,2634,BA,2024-06-09,0,True
8705,2634,AS,2024-06-12,0,True
8706,2634,D,2024-06-18,1,False
8707,2635,P,2024-06-12,0,True
8708,2635,BA,2024-06-14,0,True
8709,2635,AS,2024-06-16,0,True
8710,2635,D,2024-06-27,1,False
8711,2636,P,2024-06-26,0,True
8712,2636,BR,2024-06-28,1,False
8713,2637,P,2024-06-28,0,True
8714,2637,BA,2024-07-02,1,True
8717,2638,P,2024-06-20,0,True
8718,2638,AS,2024-06-23,0,True
8719,2638,D,2024-07-03,1,False
8720,2639,P,2024-06-15,0,True
8721,2639,AS,2024-06-20,0,True
8722,2639,D,2024-06-21,1,False
8723,2640,P,2024-07-02,1,True
8726,2641,P,2024-06-06,0,True
8727,2641,AS,2024-06-09,0,True
8728,2641,D,2024-06-14,1,False
8729,2642,P,2024-07-01,0,True
8730,2642,AS,2024-07-05,1,True
8732,2643,P,2024-06-12,0,True
8733,2643,BA,2024-06-15,0,True
8734,2643,AS,2024-06-18,0,True
8735,2643,D,2024-06-24,1,False
8736,2644,P,2024-06-11,0,True
8737,2644,AS,2024-06-13,0,True
8738,2644,D,2024-06-21,1,False
8739,2645,P,2024-06-07,0,True
8740,2645,AS,2024-06-11,0,True
8741,2645,D,2024-06-20,1,False
8742,2646,P,2024-06-16,0,True
8743,2646,BA,2024-06-19,0,True
8744,2646,AS,2024-06-20,0,True
8745,2646,D,2024-06-23,1,False
8746,2647,P,2024-06-17,0,True
8747,2647,AS,2024-06-21,0,True
8748,2647,BR,2024-07-01,1,False
8749,2648,P,2024-06-29,0,True
8750,2648,AS,2024-06-30,1,True
8752,2649,P,2024-06-21,0,True
8753,2649,AS,2024-06-23,1,True
8755,2650,P,2024-07-04,1,True
8757,2651,P,2024-07-04,1,True
8760,2652,P,2024-06-30,0,True
8761,2652,BA,2024-07-02,1,True
8764,2653,P,2024-06-05,0,True
8765,2653,BZ,2024-06-06,0,True
8766,2653,BV,2024-06-22,0,True
8767,2653,BR,2024-07-05,1,False
8768,2654,P,2024-06-09,0,True
8769,2654,BV,2024-06-12,0,True
8770,2654,AS,2024-06-25,0,True
8771,2654,D,2024-06-28,1,False
8772,2655,P,2024-06-07,0,True
8773,2655,AS,2024-06-12,0,True
8774,2655,D,2024-06-21,1,False
8775,2656,P,2024-06-10,0,True
8776,2656,AS,2024-06-11,0,True
8777,2656,D,2024-06-13,1,False
8778,2657,P,2024-06-14,0,True
8779,2657,BB,2024-06-16,0,True
8780,2657,BA,2024-06-25,0,True
8781,2657,AS,2024-06-26,1,True
8783,2658,P,2024-07-02,0,True
8784,2658,AS,2024-07-05,1,True
8786,2659,P,2024-06-21,0,True
8787,2659,AS,2024-06-24,0,True
8788,2659,D,2024-07-01,1,False
8789,2660,P,2024-07-01,0,True
8790,2660,BA,2024-07-03,1,True
8793,2661,P,2024-06-30,0,True
8794,2661,AS,2024-07-04,1,True
8796,2662,P,2024-06-20,0,True
8797,2662,AS,2024-06-23,0,True
8798,2662,D,2024-07-04,1,False
8799,2663,P,2024-06-12,0,True
8800,2663,AS,2024-06-17,0,True
8801,2663,D,2024-06-24,1,False
8802,2664,P,2024-06-18,0,True
8803,2664,AS,2024-06-24,0,True
8804,2664,D,2024-07-04,1,False
8805,2665,P,2024-06-29,0,True
8806,2665,AS,2024-07-01,1,True
8808,2666,P,2024-06-08,0,True
8809,2666,BA,2024-06-10,0,True
8810,2666,AS,2024-06-13,0,True
8811,2666,D,2024-06-26,1,False
8812,2667,P,2024-07-01,0,True
8813,2667,AS,2024-07-05,1,True
8815,2668,P,2024-06-21,0,True
8816,2668,AS,2024-06-25,1,True
8818,2669,P,2024-06-26,0,True
8819,2669,AS,2024-06-30,1,True
8821,2670,P,2024-06-27,0,True
8822,2670,AS,2024-07-01,1,True
8824,2671,P,2024-06-10,0,True
8825,2671,AS,2024-06-13,0,True
8826,2671,D,2024-06-23,1,False
8827,2672,P,2024-06-21,0,True
8828,2672,AS,2024-06-23,0,True
8829,2672,D,2024-07-01,1,False
8830,2673,P,2024-06-28,0,True
8831,2673,AS,2024-07-01,1,True
8833,2674,P,2024-06-23,0,True
8834,2674,AS,2024-06-29,1,True
8836,2675,P,2024-06-20,0,True
8837,2675,BA,2024-06-24,0,True
8838,2675,AS,2024-06-27,0,True
8839,2675,D,2024-07-04,1,False
8840,2676,P,2024-06-30,0,True
8841,2676,BR,2024-07-03,1,False
8842,2677,P,2024-06-27,0,True
8843,2677,AS,2024-06-30,1,True
8845,2678,P,2024-06-18,0,True
8846,2678,BV,2024-06-19,0,True
8847,2678,AS,2024-07-01,1,True
8849,2679,P,2024-06-23,0,True
8850,2679,BA,2024-06-28,0,True
8851,2679,AS,2024-07-02,0,True
8852,2679,BR,2024-07-04,1,False
8853,2680,P,2024-07-02,1,True
8857,2681,P,2024-06-15,0,True
8858,2681,AS,2024-06-16,0,True
8859,2681,D,2024-06-22,1,False
8860,2682,P,2024-06-23,0,True
8861,2682,AS,2024-06-25,1,True
8863,2683,P,2024-06-15,0,True
8864,2683,AS,2024-06-22,0,True
8865,2683,D,2024-06-27,1,False
8866,2684,P,2024-06-16,0,True
8867,2684,BA,2024-06-21,0,True
8868,2684,D,2024-06-23,1,False
8869,2685,P,2024-06-10,0,True
8870,2685,AS,2024-06-12,0,True
8871,2685,D,2024-06-24,1,False
8872,2686,P,2024-06-08,0,True
8873,2686,AS,2024-06-12,0,True
8874,2686,D,2024-06-18,1,False
8875,2687,P,2024-06-29,0,True
8876,2687,AS,2024-07-04,1,True
8878,2688,P,2024-06-12,0,True
8879,2688,AS,2024-06-14,0,True
8880,2688,D,2024-06-27,1,False
8881,2689,P,2024-06-09,0,True
8882,2689,AS,2024-06-11,0,True
8883,2689,D,2024-06-20,1,False
8884,2690,P,2024-06-20,0,True
8885,2690,AS,2024-06-25,0,True
8886,2690,D,2024-07-01,1,False
8887,2691,P,2024-06-30,0,True
8888,2691,BA,2024-07-04,1,True
8891,2692,P,2024-06-30,0,True
8892,2692,AS,2024-07-01,0,True
8893,2692,D,2024-07-02,1,False
8894,2693,P,2024-06-17,0,True
8895,2693,AS,2024-06-22,0,True
8896,2693,D,2024-07-02,1,False
8897,2694,P,2024-06-05,0,True
8898,2694,AS,2024-06-10,0,True
8899,2694,D,2024-06-20,1,False
8900,2695,P,2024-06-12,0,True
8901,2695,AS,2024-06-17,0,True
8902,2695,D,2024-06-20,1,False
8903,2696,P,2024-06-25,0,True
8904,2696,AS,2024-07-01,0,True
8905,2696,D,2024-07-05,1,False
8906,2697,P,2024-06-14,0,True
8907,2697,AS,2024-06-15,0,True
8908,2697,BR,2024-06-28,1,False
8909,2698,P,2024-06-28,0,True
8910,2698,BR,2024-07-02,1,False
8911,2699,P,2024-06-21,0,True
8912,2699,AS,2024-06-26,0,True
8913,2699,D,2024-06-30,1,False
8914,2700,P,2024-06-23,0,True
8915,2700,AS,2024-06-28,1,True
8917,2701,P,2024-06-05,0,True
8918,2701,AS,2024-06-06,0,True
8919,2701,D,2024-06-21,1,False
8920,2702,P,2024-06-30,0,True
8921,2702,AS,2024-07-01,1,True
8923,2703,P,2024-07-02,0,True
8924,2703,AS,2024-07-05,1,True
8926,2704,P,2024-06-20,0,True
8927,2704,BA,2024-06-26,0,True
8928,2704,AS,2024-06-27,0,True
8929,2704,D,2024-07-04,1,False
8930,2705,P,2024-06-18,0,True
8931,2705,AS,2024-06-22,0,True
8932,2705,D,2024-06-30,1,False
8933,2706,P,2024-07-02,0,True
8934,2706,BA,2024-07-03,1,True
8937,2707,P,2024-07-01,0,True
8938,2707,BA,2024-07-05,1,True
8940,2708,P,2024-07-03,0,True
8941,2708,BA,2024-07-04,0,True
8942,2708,AS,2024-07-05,1,True
8944,2709,P,2024-07-01,1,True
8947,2710,P,2024-06-09,0,True
8948,2710,AS,2024-06-13,0,True
8949,2710,D,2024-06-26,1,False
8950,2711,P,2024-06-10,0,True
8951,2711,AS,2024-06-13,0,True
8952,2711,D,2024-06-29,1,False
8953,2712,P,2024-06-20,0,True
8954,2712,AS,2024-06-22,0,True
8955,2712,D,2024-06-30,1,False
8956,2713,P,2024-06-05,0,True
8957,2713,AS,2024-06-09,0,True
8958,2713,D,2024-06-16,1,False
8959,2714,P,2024-06-17,0,True
8960,2714,AS,2024-06-21,0,True
8961,2714,D,2024-06-29,1,False
8962,2715,P,2024-07-04,1,True
8966,2716,P,2024-06-15,0,True
8967,2716,AS,2024-06-18,0,True
8968,2716,D,2024-06-27,1,False
8969,2717,P,2024-06-25,0,True
8970,2717,BV,2024-06-27,0,True
8971,2717,AS,2024-07-03,1,True
8973,2718,P,2024-06-09,0,True
8974,2718,AS,2024-06-14,0,True
8975,2718,D,2024-06-23,1,False
8976,2719,P,2024-07-01,0,True
8977,2719,AS,2024-07-02,1,True
8979,2720,P,2024-06-20,0,True
8980,2720,AS,2024-06-22,0,True
8981,2720,D,2024-06-30,1,False
8982,2721,P,2024-06-25,0,True
8983,2721,BA,2024-06-26,0,True
8984,2721,AS,2024-06-29,1,True
8986,2722,P,2024-06-14,0,True
8987,2722,BB,2024-06-16,1,True
8990,2723,P,2024-06-29,0,True
8991,2723,AS,2024-07-03,1,True
8993,2724,P,2024-06-13,0,True
8994,2724,BA,2024-06-16,0,True
8995,2724,AS,2024-06-20,0,True
8996,2724,D,2024-06-29,1,False
8997,2725,P,2024-06-10,0,True
8998,2725,AS,2024-06-16,0,True
8999,2725,D,2024-06-28,1,False
9000,2726,P,2024-06-08,0,True
9001,2726,BA,2024-06-10,0,True
9002,2726,AS,2024-06-11,0,True
9003,2726,D,2024-06-26,1,False
9004,2727,P,2024-06-26,0,True
9005,2727,AS,2024-06-29,1,True
9007,2728,P,2024-06-29,0,True
9008,2728,BB,2024-07-03,1,True
9012,2729,P,2024-06-23,0,True
9013,2729,AS,2024-06-28,0,True
9014,2729,D,2024-07-03,1,False
9015,2730,P,2024-06-14,0,True
9016,2730,AS,2024-06-19,0,True
9017,2730,D,2024-07-03,1,False
9018,2731,P,2024-06-26,0,True
9019,2731,BV,2024-06-30,1,True
9021,2732,P,2024-07-02,1,True
9025,2733,P,2024-06-23,0,True
9026,2733,AS,2024-06-25,1,True
9028,2734,P,2024-06-20,0,True
9029,2734,BA,2024-06-24,0,True
9030,2734,AS,2024-06-26,0,True
9031,2734,D,2024-07-03,1,False
9032,2735,P,2024-06-20,0,True
9033,2735,AS,2024-06-26,0,True
9034,2735,D,2024-07-04,1,False
9035,2736,P,2024-06-08,0,True
9036,2736,BB,2024-06-09,0,True
9037,2736,BA,2024-07-04,0,True
9038,2736,D,2024-07-05,1,False
9039,2737,P,2024-06-11,0,True
9040,2737,AS,2024-06-16,0,True
9041,2737,D,2024-06-22,1,False
9042,2738,P,2024-06-10,0,True
9043,2738,AS,2024-06-13,0,True
9044,2738,D,2024-06-17,1,False
9045,2739,P,2024-06-06,0,True
9046,2739,BZ,2024-06-08,0,True
9047,2739,BV,2024-06-14,0,True
9048,2739,AS,2024-07-01,1,True
9050,2740,P,2024-06-30,0,True
9051,2740,AS,2024-07-03,1,True
9053,2741,P,2024-06-10,0,True
9054,2741,AS,2024-06-14,0,True
9055,2741,D,2024-06-18,1,False
9056,2742,P,2024-06-10,0,True
9057,2742,AS,2024-06-15,0,True
9058,2742,D,2024-06-27,1,False
9059,2743,P,2024-06-07,0,True
9060,2743,AS,2024-06-09,0,True
9061,2743,D,2024-06-17,1,False
9062,2744,P,2024-06-29,0,True
9063,2744,AS,2024-07-04,1,True
9065,2745,P,2024-06-13,0,True
9066,2745,AS,2024-06-18,0,True
9067,2745,D,2024-06-25,1,False
9068,2746,P,2024-07-01,1,True
9071,2747,P,2024-06-08,0,True
9072,2747,BZ,2024-06-13,0,True
9073,2747,BV,2024-06-21,0,True
9074,2747,D,2024-07-04,1,False
9075,2748,P,2024-06-17,0,True
9076,2748,BV,2024-06-21,0,True
9077,2748,AS,2024-06-27,1,True
9079,2749,P,2024-06-10,0,True
9080,2749,AS,2024-06-16,0,True
9081,2749,D,2024-06-28,1,False
9082,2750,P,2024-06-10,0,True
9083,2750,BB,2024-06-11,0,True
9084,2750,AS,2024-06-17,0,True
9085,2750,D,2024-06-27,1,False
9086,2751,P,2024-06-13,0,True
9087,2751,BB,2024-06-19,0,True
9088,2751,AS,2024-07-02,1,True
9090,2752,P,2024-06-12,0,True
9091,2752,AS,2024-06-14,0,True
9092,2752,D,2024-06-24,1,False
9093,2753,P,2024-06-29,0,True
9094,2753,AS,2024-07-04,1,True
9096,2754,P,2024-06-27,0,True
9097,2754,BR,2024-06-30,1,False
9098,2755,P,2024-06-22,0,True
9099,2755,BB,2024-06-26,1,True
9103,2756,P,2024-06-29,0,True
9104,2756,AS,2024-07-02,1,True
9106,2757,P,2024-06-25,0,True
9107,2757,AS,2024-06-27,0,True
9108,2757,D,2024-07-05,1,False
9109,2758,P,2024-06-16,0,True
9110,2758,AS,2024-06-23,0,True
9111,2758,D,2024-06-26,1,False
9112,2759,P,2024-06-24,0,True
9113,2759,BR,2024-06-28,1,False
9114,2760,P,2024-07-01,0,True
9115,2760,AS,2024-07-03,1,True
9117,2761,P,2024-06-11,0,True
9118,2761,AS,2024-06-15,0,True
9119,2761,D,2024-06-21,1,False
9120,2762,P,2024-06-15,0,True
9121,2762,AS,2024-06-18,0,True
9122,2762,D,2024-06-29,1,False
9123,2763,P,2024-06-19,0,True
9124,2763,AS,2024-06-23,0,True
9125,2763,D,2024-07-02,1,False
9126,2764,P,2024-06-28,0,True
9127,2764,BV,2024-07-02,1,True
9130,2765,P,2024-06-08,0,True
9131,2765,BA,2024-06-11,0,True
9132,2765,AS,2024-06-14,0,True
9133,2765,D,2024-06-20,1,False
9134,2766,P,2024-06-14,0,True
9135,2766,AS,2024-06-16,0,True
9136,2766,D,2024-07-01,1,False
9137,2767,P,2024-06-22,0,True
9138,2767,BR,2024-06-26,1,False
9139,2768,P,2024-06-11,0,True
9140,2768,BR,2024-06-16,1,False
9141,2769,P,2024-06-14,0,True
9142,2769,BA,2024-06-16,0,True
9143,2769,AS,2024-06-19,0,True
9144,2769,D,2024-06-25,1,False
9145,2770,P,2024-06-29,0,True
9146,2770,BB,2024-07-02,1,True
9150,2771,P,2024-06-17,0,True
9151,2771,AS,2024-06-21,0,True
9152,2771,D,2024-06-28,1,False
9153,2772,P,2024-07-04,1,True
9156,2773,P,2024-06-22,0,True
9157,2773,BB,2024-06-24,1,True
9160,2774,P,2024-06-13,0,True
9161,2774,AS,2024-06-15,0,True
9162,2774,D,2024-06-28,1,False
9163,2775,P,2024-06-05,0,True
9164,2775,AS,2024-06-09,0,True
9165,2775,D,2024-06-15,1,False
9166,2776,P,2024-06-29,0,True
9167,2776,BA,2024-07-02,0,True
9168,2776,AS,2024-07-04,1,True
9170,2777,P,2024-06-14,0,True
9171,2777,AS,2024-06-16,0,True
9172,2777,D,2024-06-25,1,False
9173,2778,P,2024-06-10,0,True
9174,2778,AS,2024-06-13,0,True
9175,2778,D,2024-06-27,1,False
9176,2779,P,2024-06-24,0,True
9177,2779,BA,2024-06-28,0,True
9178,2779,AS,2024-07-02,1,True
9180,2780,P,2024-06-28,0,True
9181,2780,BB,2024-07-01,1,True
9184,2781,P,2024-07-02,1,True
9187,2782,P,2024-06-25,0,True
9188,2782,AS,2024-06-30,1,True
9190,2783,P,2024-06-11,0,True
9191,2783,BA,2024-06-13,0,True
9192,2783,AS,2024-06-14,0,True
9193,2783,D,2024-06-20,1,False
9194,2784,P,2024-06-14,0,True
9195,2784,BB,2024-06-15,0,True
9196,2784,AS,2024-06-17,0,True
9197,2784,D,2024-06-29,1,False
9198,2785,P,2024-06-19,0,True
9199,2785,BV,2024-06-22,1,True
9201,2786,P,2024-06-28,0,True
9202,2786,BA,2024-06-30,0,True
9203,2786,AS,2024-07-02,1,True
9205,2787,P,2024-06-25,0,True
9206,2787,AS,2024-06-29,1,True
9208,2788,P,2024-06-20,0,True
9209,2788,BB,2024-06-25,1,True
9213,2789,P,2024-06-27,0,True
9214,2789,AS,2024-07-02,1,True
9216,2790,P,2024-07-04,1,True
9219,2791,P,2024-06-20,0,True
9220,2791,AS,2024-06-25,0,True
9221,2791,BR,2024-07-04,1,False
9222,2792,P,2024-06-22,0,True
9223,2792,BA,2024-06-27,0,True
9224,2792,AS,2024-06-29,1,True
9226,2793,P,2024-06-19,0,True
9227,2793,AS,2024-06-23,0,True
9228,2793,D,2024-07-02,1,False
9229,2794,P,2024-06-09,0,True
9230,2794,BB,2024-06-12,1,True
9234,2795,P,2024-06-12,0,True
9235,2795,AS,2024-06-13,0,True
9236,2795,D,2024-06-19,1,False
9237,2796,P,2024-06-28,0,True
9238,2796,AS,2024-07-01,1,True
9240,2797,P,2024-06-27,0,True
9241,2797,BR,2024-07-03,1,False
9242,2798,P,2024-07-03,1,True
9246,2799,P,2024-06-30,0,True
9247,2799,AS,2024-07-04,1,True
9249,2800,P,2024-06-16,0,True
9250,2800,BA,2024-06-20,0,True
9251,2800,AS,2024-06-23,0,True
9252,2800,D,2024-06-26,1,False
9253,2801,P,2024-06-11,0,True
9254,2801,AS,2024-06-15,0,True
9255,2801,D,2024-06-24,1,False
9256,2802,P,2024-06-15,0,True
9257,2802,BA,2024-06-16,0,True
9258,2802,AS,2024-06-19,0,True
9259,2802,D,2024-07-01,1,False
9260,2803,P,2024-06-14,0,True
9261,2803,AS,2024-06-16,0,True
9262,2803,D,2024-06-23,1,False
9263,2804,P,2024-06-29,0,True
9264,2804,BR,2024-07-02,1,False
9265,2805,P,2024-07-04,1,True
9269,2806,P,2024-06-16,0,True
9270,2806,AS,2024-06-21,0,True
9271,2806,D,2024-07-03,1,False
9272,2807,P,2024-06-08,0,True
9273,2807,AS,2024-06-12,0,True
9274,2807,D,2024-06-22,1,False
9275,2808,P,2024-06-28,0,True
9276,2808,BA,2024-07-03,1,True
9279,2809,P,2024-06-14,0,True
9280,2809,BA,2024-06-20,0,True
9281,2809,AS,2024-06-24,0,True
9282,2809,D,2024-07-02,1,False
9283,2810,P,2024-06-06,0,True
9284,2810,AS,2024-06-07,0,True
9285,2810,BR,2024-06-11,1,False
9286,2811,P,2024-06-23,0,True
9287,2811,BA,2024-06-26,0,True
9288,2811,AS,2024-06-28,0,True
9289,2811,D,2024-07-03,1,False
9290,2812,P,2024-06-05,0,True
9291,2812,AS,2024-06-09,0,True
9292,2812,D,2024-06-16,1,False
9293,2813,P,2024-06-12,0,True
9294,2813,AS,2024-06-14,0,True
9295,2813,D,2024-06-25,1,False
9296,2814,P,2024-07-04,1,True
9300,2815,P,2024-06-09,0,True
9301,2815,AS,2024-06-13,0,True
9302,2815,D,2024-06-24,1,False
9303,2816,P,2024-06-29,0,True
9304,2816,AS,2024-07-05,1,True
9306,2817,P,2024-06-23,0,True
9307,2817,AS,2024-06-25,0,True
9308,2817,D,2024-07-03,1,False
9309,2818,P,2024-06-14,0,True
9310,2818,AS,2024-06-17,0,True
9311,2818,D,2024-06-30,1,False
9312,2819,P,2024-07-04,1,True
9315,2820,P,2024-06-22,0,True
9316,2820,AS,2024-06-24,0,True
9317,2820,D,2024-07-04,1,False
9318,2821,P,2024-07-04,1,True
9321,2822,P,2024-06-11,0,True
9322,2822,BV,2024-06-14,0,True
9323,2822,AS,2024-06-18,0,True
9324,2822,D,2024-07-02,1,False
9325,2823,P,2024-07-01,0,True
9326,2823,AS,2024-07-05,1,True
9328,2824,P,2024-06-27,0,True
9329,2824,AS,2024-07-03,1,True
9331,2825,P,2024-06-12,0,True
9332,2825,BB,2024-06-17,1,True
9335,2826,P,2024-06-28,0,True
9336,2826,BV,2024-06-30,1,True
9338,2827,P,2024-06-25,0,True
9339,2827,BA,2024-06-27,0,True
9340,2827,AS,2024-06-30,1,True
9342,2828,P,2024-06-16,0,True
9343,2828,BZ,2024-06-19,0,True
9344,2828,BV,2024-06-30,1,True
9347,2829,P,2024-06-14,0,True
9348,2829,BA,2024-06-19,0,True
9349,2829,AS,2024-06-23,0,True
9350,2829,D,2024-07-04,1,False
9351,2830,P,2024-06-10,0,True
9352,2830,AS,2024-06-14,0,True
9353,2830,D,2024-06-21,1,False
9354,2831,P,2024-06-26,0,True
9355,2831,AS,2024-06-30,0,True
9356,2831,D,2024-07-01,1,False
9357,2832,P,2024-06-24,0,True
9358,2832,AS,2024-06-27,0,True
9359,2832,D,2024-07-01,1,False
9360,2833,P,2024-06-18,0,True
9361,2833,AS,2024-06-21,0,True
9362,2833,D,2024-06-25,1,False
9363,2834,P,2024-06-06,0,True
9364,2834,BR,2024-06-09,1,False
9365,2835,P,2024-06-30,0,True
9366,2835,BA,2024-07-05,1,True
9369,2836,P,2024-06-09,0,True
9370,2836,BB,2024-06-15,0,True
9371,2836,AS,2024-06-27,0,True
9372,2836,D,2024-06-30,1,False
9373,2837,P,2024-06-14,0,True
9374,2837,BA,2024-06-19,0,True
9375,2837,AS,2024-06-22,0,True
9376,2837,D,2024-06-30,1,False
9377,2838,P,2024-06-14,0,True
9378,2838,AS,2024-06-18,0,True
9379,2838,D,2024-06-30,1,False
9380,2839,P,2024-07-02,0,True
9381,2839,AS,2024-07-04,1,True
9383,2840,P,2024-06-16,0,True
9384,2840,AS,2024-06-18,0,True
9385,2840,D,2024-06-30,1,False
9386,2841,P,2024-06-16,0,True
9387,2841,AS,2024-06-18,0,True
9388,2841,D,2024-06-23,1,False
9389,2842,P,2024-06-26,0,True
9390,2842,BA,2024-06-28,0,True
9391,2842,AS,2024-06-30,1,True
9393,2843,P,2024-07-01,1,True
9396,2844,P,2024-06-20,0,True
9397,2844,BA,2024-06-23,0,True
9398,2844,AS,2024-06-25,0,True
9399,2844,D,2024-07-01,1,False
9400,2845,P,2024-06-05,0,True
9401,2845,AS,2024-06-08,0,True
9402,2845,D,2024-06-12,1,False
9403,2846,P,2024-06-09,0,True
9404,2846,BA,2024-06-12,0,True
9405,2846,AS,2024-06-16,0,True
9406,2846,D,2024-06-21,1,False
9407,2847,P,2024-06-13,0,True
9408,2847,AS,2024-06-19,0,True
9409,2847,D,2024-06-24,1,False
9410,2848,P,2024-06-05,0,True
9411,2848,BA,2024-06-09,0,True
9412,2848,D,2024-06-11,1,False
9413,2849,P,2024-06-10,0,True
9414,2849,AS,2024-06-12,0,True
9415,2849,D,2024-06-17,1,False
9416,2850,P,2024-06-20,0,True
9417,2850,BA,2024-06-22,0,True
9418,2850,AS,2024-06-23,1,True
9420,2851,P,2024-06-27,0,True
9421,2851,BA,2024-07-02,0,True
9422,2851,AS,2024-07-04,1,True
9424,2852,P,2024-07-03,1,True
9427,2853,P,2024-06-13,0,True
9428,2853,BB,2024-06-19,0,True
9429,2853,BZ,2024-07-01,1,True
9433,2854,P,2024-06-18,0,True
9434,2854,AS,2024-06-23,0,True
9435,2854,D,2024-06-27,1,False
9436,2855,P,2024-06-27,0,True
9437,2855,BR,2024-07-01,1,False
9438,2856,P,2024-06-08,0,True
9439,2856,AS,2024-06-10,0,True
9440,2856,D,2024-06-19,1,False
9441,2857,P,2024-06-10,0,True
9442,2857,BA,2024-06-11,0,True
9443,2857,AS,2024-06-13,0,True
9444,2857,D,2024-06-26,1,False
9445,2858,P,2024-07-04,1,True
9448,2859,P,2024-06-13,0,True
9449,2859,BR,2024-06-17,1,False
9450,2860,P,2024-06-10,0,True
9451,2860,BA,2024-06-16,0,True
9452,2860,AS,2024-06-19,0,True
9453,2860,D,2024-06-24,1,False
9454,2861,P,2024-06-09,0,True
9455,2861,BR,2024-06-11,1,False
9456,2862,P,2024-06-28,0,True
9457,2862,BA,2024-07-02,0,True
9458,2862,AS,2024-07-05,1,True
9460,2863,P,2024-06-16,0,True
9461,2863,AS,2024-06-19,0,True
9462,2863,D,2024-07-02,1,False
9463,2864,P,2024-06-21,0,True
9464,2864,AS,2024-06-26,1,True
9466,2865,P,2024-07-03,1,True
9469,2866,P,2024-07-04,1,True
9472,2867,P,2024-06-11,0,True
9473,2867,AS,2024-06-17,0,True
9474,2867,D,2024-06-26,1,False
9475,2868,P,2024-06-24,0,True
9476,2868,BA,2024-06-27,0,True
9477,2868,AS,2024-06-29,1,True
9479,2869,P,2024-07-04,1,True
9482,2870,P,2024-06-16,0,True
9483,2870,AS,2024-06-17,0,True
9484,2870,D,2024-06-19,1,False
9485,2871,P,2024-06-07,0,True
9486,2871,AS,2024-06-11,0,True
9487,2871,D,2024-06-23,1,False
9488,2872,P,2024-06-11,0,True
9489,2872,BR,2024-06-14,1,False
9490,2873,P,2024-06-26,0,True
9491,2873,BA,2024-06-29,0,True
9492,2873,AS,2024-06-30,1,True
9494,2874,P,2024-07-02,1,True
9498,2875,P,2024-06-15,0,True
9499,2875,BA,2024-06-18,0,True
9500,2875,AS,2024-06-22,1,True
9502,2876,P,2024-06-23,0,True
9503,2876,AS,2024-06-28,0,True
9504,2876,D,2024-07-01,1,False
9505,2877,P,2024-06-05,0,True
9506,2877,AS,2024-06-07,0,True
9507,2877,D,2024-06-11,1,False
9508,2878,P,2024-06-16,0,True
9509,2878,AS,2024-06-20,0,True
9510,2878,D,2024-06-23,1,False
9511,2879,P,2024-06-22,0,True
9512,2879,AS,2024-06-26,0,True
9513,2879,BR,2024-07-04,1,False
9514,2880,P,2024-06-15,0,True
9515,2880,AS,2024-06-23,0,True
9516,2880,D,2024-07-03,1,False
9517,2881,P,2024-06-07,0,True
9518,2881,BA,2024-06-11,0,True
9519,2881,AS,2024-06-15,0,True
9520,2881,D,2024-06-22,1,False
9521,2882,P,2024-06-25,0,True
9522,2882,AS,2024-06-27,1,True
9524,2883,P,2024-06-26,0,True
9525,2883,AS,2024-07-01,1,True
9527,2884,P,2024-06-18,0,True
9528,2884,BA,2024-06-23,0,True
9529,2884,AS,2024-06-27,0,True
9530,2884,D,2024-07-03,1,False
9531,2885,P,2024-06-18,0,True
9532,2885,BA,2024-06-21,0,True
9533,2885,D,2024-06-24,1,False
9534,2886,P,2024-07-01,0,True
9535,2886,AS,2024-07-04,1,True
9537,2887,P,2024-07-04,1,True
9541,2888,P,2024-06-09,0,True
9542,2888,AS,2024-06-12,0,True
9543,2888,D,2024-06-21,1,False
9544,2889,P,2024-06-12,0,True
9545,2889,BA,2024-06-14,0,True
9546,2889,AS,2024-06-15,0,True
9547,2889,D,2024-06-21,1,False
9548,2890,P,2024-06-05,0,True
9549,2890,AS,2024-06-09,0,True
9550,2890,D,2024-06-23,1,False
9551,2891,P,2024-06-13,0,True
9552,2891,AS,2024-06-16,0,True
9553,2891,D,2024-06-27,1,False
9554,2892,P,2024-07-01,0,True
9555,2892,BV,2024-07-05,1,True
9557,2893,P,2024-06-12,0,True
9558,2893,AS,2024-06-17,0,True
9559,2893,D,2024-06-21,1,False
9560,2894,P,2024-06-15,0,True
9561,2894,BB,2024-06-19,0,True
9562,2894,BA,2024-07-04,1,True
9565,2895,P,2024-06-27,0,True
9566,2895,AS,2024-06-30,1,True
9568,2896,P,2024-06-10,0,True
9569,2896,BA,2024-06-14,0,True
9570,2896,AS,2024-06-17,0,True
9571,2896,D,2024-06-22,1,False
9572,2897,P,2024-06-11,0,True
9573,2897,BA,2024-06-15,0,True
9574,2897,AS,2024-06-19,0,True
9575,2897,D,2024-07-02,1,False
9576,2898,P,2024-06-15,0,True
9577,2898,AS,2024-06-20,0,True
9578,2898,D,2024-06-23,1,False
9579,2899,P,2024-07-02,1,True
9582,2900,P,2024-06-17,0,True
9583,2900,AS,2024-06-22,0,True
9584,2900,D,2024-06-25,1,False
9585,2901,P,2024-06-21,0,True
9586,2901,BR,2024-06-26,1,False
9587,2902,P,2024-06-13,0,True
9588,2902,AS,2024-06-14,0,True
9589,2902,D,2024-06-18,1,False
9590,2903,P,2024-06-16,0,True
9591,2903,BA,2024-06-21,0,True
9592,2903,D,2024-06-22,1,False
9593,2904,P,2024-06-28,0,True
9594,2904,BA,2024-07-02,0,True
9595,2904,AS,2024-07-03,1,True
9597,2905,P,2024-06-06,0,True
9598,2905,BV,2024-06-09,0,True
9599,2905,D,2024-06-18,1,False
9600,2906,P,2024-06-12,0,True
9601,2906,BV,2024-06-15,0,True
9602,2906,D,2024-06-17,1,False
9603,2907,P,2024-06-14,0,True
9604,2907,BB,2024-06-21,1,True
9607,2908,P,2024-06-22,0,True
9608,2908,AS,2024-06-27,0,True
9609,2908,D,2024-07-04,1,False
9610,2909,P,2024-06-28,0,True
9611,2909,AS,2024-07-02,0,True
9612,2909,D,2024-07-04,1,False
9613,2910,P,2024-06-14,0,True
9614,2910,AS,2024-06-18,0,True
9615,2910,D,2024-06-21,1,False
9616,2911,P,2024-06-09,0,True
9617,2911,AS,2024-06-12,0,True
9618,2911,D,2024-06-25,1,False
9619,2912,P,2024-06-25,0,True
9620,2912,AS,2024-06-27,1,True
9622,2913,P,2024-07-01,0,True
9623,2913,AS,2024-07-05,1,True
9625,2914,P,2024-06-30,0,True
9626,2914,AS,2024-07-05,1,True
9628,2915,P,2024-07-03,1,True
9632,2916,P,2024-06-17,0,True
9633,2916,AS,2024-06-23,0,True
9634,2916,BR,2024-06-25,1,False
9635,2917,P,2024-06-11,0,True
9636,2917,AS,2024-06-13,0,True
9637,2917,D,2024-06-26,1,False
9638,2918,P,2024-06-28,0,True
9639,2918,AS,2024-07-01,1,True
9641,2919,P,2024-06-11,0,True
9642,2919,BA,2024-06-14,0,True
9643,2919,AS,2024-06-16,0,True
9644,2919,D,2024-06-21,1,False
9645,2920,P,2024-06-30,0,True
9646,2920,BA,2024-07-02,0,True
9647,2920,AS,2024-07-03,1,True
9649,2921,P,2024-06-23,0,True
9650,2921,AS,2024-06-26,1,True
9652,2922,P,2024-06-08,0,True
9653,2922,BB,2024-06-10,0,True
9654,2922,AS,2024-06-22,0,True
9655,2922,D,2024-07-02,1,False
9656,2923,P,2024-06-20,0,True
9657,2923,BB,2024-06-22,0,True
9658,2923,BA,2024-07-02,0,True
9659,2923,AS,2024-07-04,1,True
9661,2924,P,2024-06-05,0,True
9662,2924,AS,2024-06-10,0,True
9663,2924,D,2024-06-30,1,False
9664,2925,P,2024-06-10,0,True
9665,2925,BR,2024-06-14,1,False
9666,2926,P,2024-06-27,0,True
9667,2926,AS,2024-07-01,1,True
9669,2927,P,2024-06-29,0,True
9670,2927,BA,2024-07-02,1,True
9673,2928,P,2024-06-19,0,True
9674,2928,BR,2024-06-21,1,False
9675,2929,P,2024-06-26,0,True
9676,2929,AS,2024-07-02,1,True
9678,2930,P,2024-06-07,0,True
9679,2930,AS,2024-06-11,0,True
9680,2930,D,2024-06-18,1,False
9681,2931,P,2024-06-18,0,True
9682,2931,BA,2024-06-21,0,True
9683,2931,AS,2024-06-24,0,True
9684,2931,D,2024-07-03,1,False
9685,2932,P,2024-07-03,0,True
9686,2932,BA,2024-07-04,1,True
9688,2933,P,2024-06-18,0,True
9689,2933,BB,2024-06-20,1,True
9692,2934,P,2024-06-27,0,True
9693,2934,AS,2024-07-01,1,True
9695,2935,P,2024-06-26,0,True
9696,2935,BA,2024-06-27,0,True
9697,2935,AS,2024-06-29,1,True
9699,2936,P,2024-06-12,0,True
9700,2936,AS,2024-06-14,0,True
9701,2936,D,2024-06-29,1,False
9702,2937,P,2024-06-30,0,True
9703,2937,BV,2024-07-05,1,True
9705,2938,P,2024-06-12,0,True
9706,2938,AS,2024-06-16,0,True
9707,2938,BR,2024-06-27,1,False
9708,2939,P,2024-06-12,0,True
9709,2939,BB,2024-06-15,0,True
9710,2939,AS,2024-06-16,0,True
9711,2939,D,2024-06-30,1,False
9712,2940,P,2024-06-20,0,True
9713,2940,BB,2024-06-23,1,True
9716,2941,P,2024-07-02,1,True
9718,2942,P,2024-06-05,0,True
9719,2942,AS,2024-06-11,0,True
9720,2942,D,2024-06-24,1,False
9721,2943,P,2024-06-07,0,True
9722,2943,AS,2024-06-13,0,True
9723,2943,D,2024-06-24,1,False
9724,2944,P,2024-06-11,0,True
9725,2944,BD,2024-06-14,0,True
9726,2944,BR,2024-06-23,1,False
9727,2945,P,2024-06-21,0,True
9728,2945,AS,2024-06-25,0,True
9729,2945,D,2024-07-02,1,False
9730,2946,P,2024-07-04,1,True
9733,2947,P,2024-07-01,0,True
9734,2947,BA,2024-07-05,1,True
9737,2948,P,2024-06-25,0,True
9738,2948,AS,2024-07-01,1,True
9740,2949,P,2024-06-25,0,True
9741,2949,AS,2024-06-28,1,True
9743,2950,P,2024-06-29,0,True
9744,2950,BB,2024-07-02,1,True
9747,2951,P,2024-06-22,0,True
9748,2951,AS,2024-06-27,0,True
9749,2951,D,2024-07-05,1,False
9750,2952,P,2024-07-02,1,True
9753,2953,P,2024-06-10,0,True
9754,2953,BA,2024-06-13,0,True
9755,2953,AS,2024-06-16,0,True
9756,2953,D,2024-06-26,1,False
9757,2954,P,2024-06-23,0,True
9758,2954,BD,2024-06-26,1,True
9762,2955,P,2024-06-05,0,True
9763,2955,BA,2024-06-09,0,True
9764,2955,AS,2024-06-10,0,True
9765,2955,D,2024-06-20,1,False
9766,2956,P,2024-06-08,0,True
9767,2956,AS,2024-06-11,0,True
9768,2956,D,2024-06-17,1,False
9769,2957,P,2024-06-10,0,True
9770,2957,BA,2024-06-13,0,True
9771,2957,AS,2024-06-15,0,True
9772,2957,D,2024-06-24,1,False
9773,2958,P,2024-07-03,1,True
9776,2959,P,2024-06-13,0,True
9777,2959,AS,2024-06-17,0,True
9778,2959,D,2024-06-29,1,False
9779,2960,P,2024-06-08,0,True
9780,2960,AS,2024-06-09,0,True
9781,2960,D,2024-06-24,1,False
9782,2961,P,2024-06-10,0,True
9783,2961,AS,2024-06-13,0,True
9784,2961,D,2024-06-17,1,False
9785,2962,P,2024-07-04,1,True
9788,2963,P,2024-06-15,0,True
9789,2963,AS,2024-06-22,1,True
9791,2964,P,2024-06-23,0,True
9792,2964,AS,2024-06-26,1,True
9794,2965,P,2024-06-18,0,True
9795,2965,AS,2024-06-22,0,True
9796,2965,D,2024-06-25,1,False
9797,2966,P,2024-06-06,0,True
9798,2966,BZ,2024-06-08,0,True
9799,2966,D,2024-06-24,1,False
9800,2967,P,2024-06-15,0,True
9801,2967,BA,2024-06-17,0,True
9802,2967,AS,2024-06-21,0,True
9803,2967,D,2024-06-23,1,False
9804,2968,P,2024-06-08,0,True
9805,2968,AS,2024-06-11,0,True
9806,2968,BR,2024-06-30,1,False
9807,2969,P,2024-06-17,0,True
9808,2969,AS,2024-06-22,0,True
9809,2969,D,2024-07-01,1,False
9810,2970,P,2024-06-22,0,True
9811,2970,AS,2024-06-26,0,True
9812,2970,D,2024-07-02,1,False
9813,2971,P,2024-06-11,0,True
9814,2971,BR,2024-06-17,1,False
9815,2972,P,2024-06-18,0,True
9816,2972,BA,2024-06-24,0,True
9817,2972,AS,2024-06-27,1,True
9819,2973,P,2024-06-27,0,True
9820,2973,AS,2024-07-02,0,True
9821,2973,D,2024-07-03,1,False
9822,2974,P,2024-06-16,0,True
9823,2974,BV,2024-06-21,0,True
9824,2974,AS,2024-07-04,1,True
9826,2975,P,2024-06-24,0,True
9827,2975,BB,2024-06-26,1,True
9829,2976,P,2024-06-13,0,True
9830,2976,AS,2024-06-16,0,True
9831,2976,D,2024-06-29,1,False
9832,2977,P,2024-07-04,1,True
9835,2978,P,2024-07-01,0,True
9836,2978,AS,2024-07-04,1,True
9838,2979,P,2024-06-13,0,True
9839,2979,AS,2024-06-17,0,True
9840,2979,D,2024-07-03,1,False
9841,2980,P,2024-07-01,0,True
9842,2980,AS,2024-07-02,1,True
9844,2981,P,2024-06-24,0,True
9845,2981,AS,2024-06-27,0,True
9846,2981,D,2024-07-01,1,False
9847,2982,P,2024-06-17,0,True
9848,2982,AS,2024-06-23,0,True
9849,2982,D,2024-07-04,1,False
9850,2983,P,2024-06-08,0,True
9851,2983,AS,2024-06-10,0,True
9852,2983,D,2024-06-19,1,False
9853,2984,P,2024-06-15,0,True
9854,2984,BB,2024-06-19,0,True
9855,2984,AS,2024-06-28,1,True
9857,2985,P,2024-06-20,0,True
9858,2985,AS,2024-06-24,0,True
9859,2985,D,2024-06-30,1,False
9860,2986,P,2024-07-02,0,True
9861,2986,AS,2024-07-03,1,True
9863,2987,P,2024-06-16,0,True
9864,2987,BA,2024-06-19,0,True
9865,2987,AS,2024-06-21,0,True
9866,2987,D,2024-07-04,1,False
9867,2988,P,2024-07-02,1,True
9872,2989,P,2024-06-21,0,True
9873,2989,BR,2024-06-26,1,False
9874,2990,P,2024-06-14,0,True
9875,2990,BA,2024-06-15,0,True
9876,2990,AS,2024-06-17,0,True
9877,2990,D,2024-06-20,1,False
9878,2991,P,2024-06-08,0,True
9879,2991,AS,2024-06-13,0,True
9880,2991,D,2024-06-23,1,False
9881,2992,P,2024-07-03,1,True
9885,2993,P,2024-06-08,0,True
9886,2993,AS,2024-06-12,0,True
9887,2993,D,2024-06-16,1,False
9888,2994,P,2024-06-06,0,True
9889,2994,BV,2024-06-10,0,True
9890,2994,BR,2024-06-20,1,False
9891,2995,P,2024-06-26,0,True
9892,2995,AS,2024-06-28,1,True
9894,2996,P,2024-07-02,1,True
9897,2997,P,2024-06-23,0,True
9898,2997,AS,2024-06-25,0,True
9899,2997,D,2024-07-04,1,False
9900,2998,P,2024-07-01,0,True
9901,2998,AS,2024-07-03,1,True
9903,2999,P,2024-06-24,0,True
9904,2999,AS,2024-06-28,1,True
9906,3000,P,2024-06-07,0,True
9907,3000,AS,2024-06-09,0,True
9908,3000,D,2024-06-17,1,False
9909,3001,P,2024-07-03,1,True
9912,3002,P,2024-06-10,0,True
9913,3002,BA,2024-06-16,0,True
9914,3002,BR,2024-06-19,1,False
9915,3003,P,2024-06-23,0,True
9916,3003,BV,2024-06-24,1,True
9918,3004,P,2024-06-10,0,True
9919,3004,BA,2024-06-13,0,True
9920,3004,AS,2024-06-15,0,True
9921,3004,D,2024-06-18,1,False
9922,3005,P,2024-06-09,0,True
9923,3005,AS,2024-06-14,0,True
9924,3005,D,2024-06-22,1,False
9925,3006,P,2024-06-11,0,True
9926,3006,AS,2024-06-17,0,True
9927,3006,D,2024-06-23,1,False
9928,3007,P,2024-06-19,0,True
9929,3007,BB,2024-06-26,1,True
9933,3008,P,2024-06-24,0,True
9934,3008,AS,2024-06-25,0,True
9935,3008,D,2024-07-05,1,False
9936,3009,P,2024-06-08,0,True
9937,3009,AS,2024-06-13,0,True
9938,3009,D,2024-06-22,1,False
9939,3010,P,2024-07-04,1,True
9943,3011,P,2024-06-19,0,True
9944,3011,BR,2024-06-22,1,False
9945,3012,P,2024-06-24,0,True
9946,3012,BA,2024-06-30,0,True
9947,3012,AS,2024-07-02,1,True
9949,3013,P,2024-06-14,0,True
9950,3013,BV,2024-06-18,0,True
9951,3013,BR,2024-07-02,1,False
9952,3014,P,2024-06-09,0,True
9953,3014,AS,2024-06-13,0,True
9954,3014,D,2024-06-19,1,False
9955,3015,P,2024-06-23,0,True
9956,3015,AS,2024-06-27,1,True
9958,3016,P,2024-06-12,0,True
9959,3016,AS,2024-06-14,0,True
9960,3016,D,2024-06-18,1,False
9961,3017,P,2024-06-30,0,True
9962,3017,AS,2024-07-04,1,True
9964,3018,P,2024-06-20,0,True
9965,3018,BA,2024-06-26,0,True
9966,3018,AS,2024-06-28,1,True
9968,3019,P,2024-06-15,0,True
9969,3019,AS,2024-06-19,0,True
9970,3019,D,2024-06-30,1,False
9971,3020,P,2024-06-25,0,True
9972,3020,BB,2024-06-30,1,True
9975,3021,P,2024-06-16,0,True
9976,3021,BA,2024-06-20,0,True
9977,3021,D,2024-06-22,1,False
9978,3022,P,2024-06-05,0,True
9979,3022,AS,2024-06-08,0,True
9980,3022,D,2024-06-17,1,False
9981,3023,P,2024-07-04,1,True
9984,3024,P,2024-06-30,0,True
9985,3024,AS,2024-07-02,1,True
9987,3025,P,2024-06-19,0,True
9988,3025,BA,2024-06-22,0,True
9989,3025,AS,2024-06-25,0,True
9990,3025,D,2024-06-29,1,False
9991,3026,P,2024-06-22,0,True
9992,3026,BA,2024-06-25,0,True
9993,3026,AS,2024-06-27,0,True
9994,3026,D,2024-07-05,1,False
9995,3027,P,2024-06-27,0,True
9996,3027,AS,2024-06-30,1,True
9998,3028,P,2024-06-09,0,True
9999,3028,AS,2024-06-13,0,True
10000,3028,D,2024-06-19,1,False
10001,3029,P,2024-06-10,0,True
10002,3029,BA,2024-06-11,0,True
10003,3029,AS,2024-06-12,0,True
10004,3029,D,2024-06-16,1,False
10005,3030,P,2024-06-15,0,True
10006,3030,BR,2024-06-20,1,False
10007,3031,P,2024-06-06,0,True
10008,3031,AS,2024-06-09,0,True
10009,3031,D,2024-06-16,1,False
10010,3032,P,2024-06-23,0,True
10011,3032,AS,2024-06-24,0,True
10012,3032,D,2024-06-30,1,False
10013,3033,P,2024-07-01,0,True
10014,3033,BA,2024-07-03,1,True
10017,3034,P,2024-06-20,0,True
10018,3034,BD,2024-06-25,1,True
10022,3035,P,2024-06-17,0,True
10023,3035,AS,2024-06-21,0,True
10024,3035,D,2024-07-01,1,False
10025,3036,P,2024-06-15,0,True
10026,3036,AS,2024-06-18,0,True
10027,3036,D,2024-06-28,1,False
10028,3037,P,2024-06-26,0,True
10029,3037,AS,2024-06-27,1,True
10031,3038,P,2024-06-19,0,True
10032,3038,BA,2024-06-22,0,True
10033,3038,D,2024-06-24,1,False
10034,3039,P,2024-06-26,0,True
10035,3039,BA,2024-06-30,0,True
10036,3039,AS,2024-07-03,1,True
10038,3040,P,2024-06-07,0,True
10039,3040,AS,2024-06-11,0,True
10040,3040,D,2024-06-20,1,False
10041,3041,P,2024-06-15,0,True
10042,3041,BA,2024-06-16,0,True
10043,3041,AS,2024-06-19,0,True
10044,3041,D,2024-06-29,1,False
10045,3042,P,2024-06-05,0,True
10046,3042,BA,2024-06-10,0,True
10047,3042,D,2024-06-14,1,False
10048,3043,P,2024-06-20,0,True
10049,3043,BV,2024-06-23,1,True
10051,3044,P,2024-06-22,0,True
10052,3044,BA,2024-06-26,0,True
10053,3044,AS,2024-06-28,0,True
10054,3044,D,2024-07-04,1,False
10055,3045,P,2024-07-03,1,True
10059,3046,P,2024-06-17,0,True
10060,3046,BR,2024-06-20,1,False
10061,3047,P,2024-06-14,0,True
10062,3047,AS,2024-06-16,0,True
10063,3047,D,2024-06-26,1,False
10064,3048,P,2024-07-02,0,True
10065,3048,AS,2024-07-03,1,True
10067,3049,P,2024-06-25,0,True
10068,3049,BA,2024-06-29,0,True
10069,3049,AS,2024-07-02,1,True
10071,3050,P,2024-07-01,0,True
10072,3050,BA,2024-07-05,1,True
10074,3051,P,2024-07-04,1,True
10078,3052,P,2024-06-27,0,True
10079,3052,BB,2024-06-29,1,True
10081,3053,P,2024-07-03,1,True
10087,3054,P,2024-06-23,0,True
10088,3054,BB,2024-06-28,1,True
10092,3055,P,2024-06-15,0,True
10093,3055,AS,2024-06-19,0,True
10094,3055,D,2024-06-21,1,False
10095,3056,P,2024-06-30,0,True
10096,3056,AS,2024-07-04,1,True
10098,3057,P,2024-07-02,1,True
10102,3058,P,2024-06-20,0,True
10103,3058,BA,2024-06-25,0,True
10104,3058,AS,2024-06-28,0,True
10105,3058,D,2024-07-03,1,False
10106,3059,P,2024-06-07,0,True
10107,3059,AS,2024-06-09,0,True
10108,3059,BR,2024-06-21,1,False
10109,3060,P,2024-07-02,0,True
10110,3060,BA,2024-07-04,1,True
10113,3061,P,2024-07-02,0,True
10114,3061,AS,2024-07-05,1,True
10116,3062,P,2024-06-18,0,True
10117,3062,BA,2024-06-21,0,True
10118,3062,AS,2024-06-23,0,True
10119,3062,D,2024-06-24,1,False
10120,3063,P,2024-07-04,1,True
10125,3064,P,2024-07-04,1,True
10129,3065,P,2024-06-05,0,True
10130,3065,AS,2024-06-09,0,True
10131,3065,D,2024-06-17,1,False
10132,3066,P,2024-06-20,0,True
10133,3066,BR,2024-06-24,1,False
10134,3067,P,2024-06-15,0,True
10135,3067,AS,2024-06-20,0,True
10136,3067,D,2024-06-30,1,False
10137,3068,P,2024-06-20,0,True
10138,3068,BR,2024-06-24,1,False
10139,3069,P,2024-06-22,0,True
10140,3069,BA,2024-06-24,0,True
10141,3069,AS,2024-06-26,1,True
10143,3070,P,2024-06-13,0,True
10144,3070,AS,2024-06-14,0,True
10145,3070,D,2024-06-27,1,False
10146,3071,P,2024-06-17,0,True
10147,3071,AS,2024-06-19,0,True
10148,3071,D,2024-06-30,1,False
10149,3072,P,2024-06-14,0,True
10150,3072,AS,2024-06-15,0,True
10151,3072,D,2024-06-30,1,False
10152,3073,P,2024-07-02,0,True
10153,3073,AS,2024-07-05,1,True
10155,3074,P,2024-06-29,0,True
10156,3074,BA,2024-07-03,0,True
10157,3074,AS,2024-07-04,1,True
10159,3075,P,2024-06-29,0,True
10160,3075,BA,2024-06-30,0,True
10161,3075,AS,2024-07-03,1,True
10163,3076,P,2024-06-06,0,True
10164,3076,BA,2024-06-10,0,True
10165,3076,AS,2024-06-13,0,True
10166,3076,D,2024-06-20,1,False
10167,3077,P,2024-06-28,0,True
10168,3077,BA,2024-06-29,0,True
10169,3077,AS,2024-07-01,1,True
10171,3078,P,2024-06-25,0,True
10172,3078,BA,2024-06-29,0,True
10173,3078,AS,2024-07-01,1,True
10175,3079,P,2024-07-04,0,True
10176,3079,AS,2024-07-05,1,True
10178,3080,P,2024-06-12,0,True
10179,3080,AS,2024-06-15,0,True
10180,3080,D,2024-06-21,1,False
10181,3081,P,2024-06-23,0,True
10182,3081,BA,2024-06-26,0,True
10183,3081,AS,2024-06-29,0,True
10184,3081,D,2024-07-01,1,False
10185,3082,P,2024-07-03,1,True
10188,3083,P,2024-06-11,0,True
10189,3083,AS,2024-06-15,0,True
10190,3083,BR,2024-06-26,1,False
10191,3084,P,2024-06-10,0,True
10192,3084,AS,2024-06-14,0,True
10193,3084,D,2024-06-21,1,False
10194,3085,P,2024-06-27,0,True
10195,3085,AS,2024-06-29,1,True
10197,3086,P,2024-07-03,1,True
10200,3087,P,2024-07-04,1,True
10203,3088,P,2024-06-25,0,True
10204,3088,BV,2024-06-28,0,True
10205,3088,D,2024-07-01,1,False
10206,3089,P,2024-06-10,0,True
10207,3089,AS,2024-06-15,0,True
10208,3089,D,2024-06-25,1,False
10209,3090,P,2024-06-09,0,True
10210,3090,AS,2024-06-11,0,True
10211,3090,D,2024-06-15,1,False
10212,3091,P,2024-06-15,0,True
10213,3091,BZ,2024-06-18,1,True
10217,3092,P,2024-06-18,0,True
10218,3092,AS,2024-06-23,0,True
10219,3092,D,2024-07-04,1,False
10220,3093,P,2024-06-08,0,True
10221,3093,AS,2024-06-10,0,True
10222,3093,D,2024-06-24,1,False
10223,3094,P,2024-06-07,0,True
10224,3094,AS,2024-06-12,0,True
10225,3094,D,2024-06-22,1,False
10226,3095,P,2024-06-09,0,True
10227,3095,AS,2024-06-12,0,True
10228,3095,D,2024-06-22,1,False
10229,3096,P,2024-06-27,0,True
10230,3096,BB,2024-06-29,1,True
10232,3097,P,2024-06-06,0,True
10233,3097,BA,2024-06-09,0,True
10234,3097,AS,2024-06-12,0,True
10235,3097,D,2024-06-21,1,False
10236,3098,P,2024-07-04,0,True
10237,3098,AS,2024-07-05,1,True
10239,3099,P,2024-06-19,0,True
10240,3099,AS,2024-06-23,0,True
10241,3099,D,2024-07-02,1,False
10242,3100,P,2024-06-25,0,True
10243,3100,BR,2024-06-29,1,False
10244,3101,P,2024-06-11,0,True
10245,3101,AS,2024-06-13,0,True
10246,3101,D,2024-06-22,1,False
10247,3102,P,2024-06-25,0,True
10248,3102,BV,2024-06-29,1,True
10250,3103,P,2024-06-06,0,True
10251,3103,AS,2024-06-08,0,True
10252,3103,D,2024-06-17,1,False
10253,3104,P,2024-06-12,0,True
10254,3104,AS,2024-06-16,0,True
10255,3104,D,2024-06-29,1,False
10256,3105,P,2024-06-09,0,True
10257,3105,AS,2024-06-11,0,True
10258,3105,D,2024-06-18,1,False
10259,3106,P,2024-06-26,0,True
10260,3106,BA,2024-06-30,0,True
10261,3106,AS,2024-07-02,1,True
10263,3107,P,2024-06-26,0,True
10264,3107,BA,2024-06-28,0,True
10265,3107,AS,2024-06-30,0,True
10266,3107,D,2024-07-02,1,False
10267,3108,P,2024-06-26,0,True
10268,3108,BB,2024-06-28,1,True
10271,3109,P,2024-06-12,0,True
10272,3109,AS,2024-06-17,0,True
10273,3109,D,2024-06-22,1,False
10274,3110,P,2024-06-10,0,True
10275,3110,BR,2024-06-14,1,False
10276,3111,P,2024-06-06,0,True
10277,3111,BZ,2024-06-10,0,True
10278,3111,BR,2024-06-18,1,False
10279,3112,P,2024-06-10,0,True
10280,3112,AS,2024-06-12,0,True
10281,3112,D,2024-06-21,1,False
10282,3113,P,2024-06-25,0,True
10283,3113,AS,2024-06-29,0,True
10284,3113,D,2024-07-03,1,False
10285,3114,P,2024-06-15,0,True
10286,3114,AS,2024-06-19,0,True
10287,3114,D,2024-06-24,1,False
10288,3115,P,2024-06-05,0,True
10289,3115,AS,2024-06-06,0,True
10290,3115,D,2024-06-17,1,False
10291,3116,P,2024-06-21,0,True
10292,3116,AS,2024-06-25,0,True
10293,3116,D,2024-07-03,1,False
10294,3117,P,2024-07-02,1,True
10298,3118,P,2024-06-17,0,True
10299,3118,BZ,2024-06-23,1,True
10303,3119,P,2024-06-18,0,True
10304,3119,AS,2024-06-24,0,True
10305,3119,D,2024-07-02,1,False
10306,3120,P,2024-06-25,0,True
10307,3120,AS,2024-06-27,1,True
10309,3121,P,2024-06-22,0,True
10310,3121,AS,2024-06-23,0,True
10311,3121,BR,2024-06-29,1,False
10312,3122,P,2024-06-09,0,True
10313,3122,BA,2024-06-10,0,True
10314,3122,AS,2024-06-12,0,True
10315,3122,D,2024-06-19,1,False
10316,3123,P,2024-06-13,0,True
10317,3123,BA,2024-06-17,0,True
10318,3123,AS,2024-06-20,0,True
10319,3123,D,2024-07-03,1,False
10320,3124,P,2024-06-13,0,True
10321,3124,AS,2024-06-16,0,True
10322,3124,D,2024-06-29,1,False
10323,3125,P,2024-06-05,0,True
10324,3125,AS,2024-06-10,0,True
10325,3125,D,2024-06-20,1,False
10326,3126,P,2024-07-04,1,True
10329,3127,P,2024-06-26,0,True
10330,3127,BZ,2024-06-27,1,True
10334,3128,P,2024-07-03,1,True
10337,3129,P,2024-06-07,0,True
10338,3129,AS,2024-06-11,0,True
10339,3129,D,2024-06-17,1,False
10340,3130,P,2024-06-09,0,True
10341,3130,BA,2024-06-12,0,True
10342,3130,AS,2024-06-16,0,True
10343,3130,D,2024-06-22,1,False
10344,3131,P,2024-06-08,0,True
10345,3131,AS,2024-06-11,0,True
10346,3131,D,2024-06-23,1,False
10347,3132,P,2024-06-24,0,True
10348,3132,AS,2024-06-28,0,True
10349,3132,D,2024-07-04,1,False
10350,3133,P,2024-06-24,0,True
10351,3133,AS,2024-06-26,1,True
10353,3134,P,2024-06-19,0,True
10354,3134,BA,2024-06-23,0,True
10355,3134,AS,2024-06-25,0,True
10356,3134,D,2024-07-04,1,False
10357,3135,P,2024-06-05,0,True
10358,3135,BA,2024-06-08,0,True
10359,3135,BR,2024-06-09,1,False
10360,3136,P,2024-06-26,0,True
10361,3136,BA,2024-07-01,0,True
10362,3136,AS,2024-07-02,1,True
10364,3137,P,2024-06-24,0,True
10365,3137,BA,2024-06-29,0,True
10366,3137,AS,2024-06-30,1,True
10368,3138,P,2024-07-03,0,True
10369,3138,AS,2024-07-05,1,True
10371,3139,P,2024-06-08,0,True
10372,3139,AS,2024-06-09,0,True
10373,3139,D,2024-06-19,1,False
10374,3140,P,2024-06-23,0,True
10375,3140,AS,2024-06-26,1,True
10377,3141,P,2024-06-09,0,True
10378,3141,AS,2024-06-15,0,True
10379,3141,D,2024-06-23,1,False
10380,3142,P,2024-06-20,0,True
10381,3142,BA,2024-06-22,0,True
10382,3142,AS,2024-06-23,0,True
10383,3142,D,2024-06-30,1,False
10384,3143,P,2024-06-11,0,True
10385,3143,BA,2024-06-16,0,True
10386,3143,D,2024-06-18,1,False
10387,3144,P,2024-06-25,0,True
10388,3144,BV,2024-06-30,1,True
10391,3145,P,2024-06-30,0,True
10392,3145,BA,2024-07-04,1,True
10394,3146,P,2024-06-07,0,True
10395,3146,AS,2024-06-08,0,True
10396,3146,BR,2024-06-19,1,False
10397,3147,P,2024-06-24,0,True
10398,3147,BV,2024-06-30,1,True
10401,3148,P,2024-06-26,0,True
10402,3148,AS,2024-07-01,1,True
10404,3149,P,2024-06-26,0,True
10405,3149,AS,2024-06-29,0,True
10406,3149,D,2024-07-04,1,False
10407,3150,P,2024-07-04,1,True
10411,3151,P,2024-07-04,0,True
10412,3151,AS,2024-07-05,1,True
10414,3152,P,2024-06-09,0,True
10415,3152,AS,2024-06-16,0,True
10416,3152,D,2024-06-17,1,False
10417,3153,P,2024-06-19,0,True
10418,3153,AS,2024-06-24,1,True
10420,3154,P,2024-06-12,0,True
10421,3154,AS,2024-06-16,0,True
10422,3154,D,2024-06-24,1,False
10423,3155,P,2024-06-07,0,True
10424,3155,AS,2024-06-11,0,True
10425,3155,D,2024-06-23,1,False
10426,3156,P,2024-06-09,0,True
10427,3156,AS,2024-06-13,0,True
10428,3156,D,2024-06-27,1,False
10429,3157,P,2024-06-28,0,True
10430,3157,AS,2024-07-01,0,True
10431,3157,D,2024-07-05,1,False
10432,3158,P,2024-06-11,0,True
10433,3158,BA,2024-06-12,0,True
10434,3158,D,2024-06-14,1,False
10435,3159,P,2024-06-06,0,True
10436,3159,BA,2024-06-11,0,True
10437,3159,AS,2024-06-14,0,True
10438,3159,D,2024-06-24,1,False
10439,3160,P,2024-06-13,0,True
10440,3160,AS,2024-06-19,0,True
10441,3160,D,2024-06-27,1,False
10442,3161,P,2024-06-17,0,True
10443,3161,AS,2024-06-22,0,True
10444,3161,D,2024-07-01,1,False
10445,3162,P,2024-06-18,0,True
10446,3162,AS,2024-06-19,0,True
10447,3162,D,2024-06-24,1,False
10448,3163,P,2024-06-07,0,True
10449,3163,AS,2024-06-11,0,True
10450,3163,BR,2024-06-18,1,False
10451,3164,P,2024-06-30,1,True
10455,3165,P,2024-06-22,0,True
10456,3165,AS,2024-06-27,1,True
10458,3166,P,2024-06-11,0,True
10459,3166,AS,2024-06-13,0,True
10460,3166,D,2024-06-22,1,False
10461,3167,P,2024-06-26,0,True
10462,3167,BB,2024-07-01,1,True
10465,3168,P,2024-06-13,0,True
10466,3168,BA,2024-06-15,0,True
10467,3168,AS,2024-06-18,0,True
10468,3168,D,2024-07-01,1,False
10469,3169,P,2024-07-04,1,True
10473,3170,P,2024-06-14,0,True
10474,3170,BA,2024-06-15,0,True
10475,3170,AS,2024-06-17,0,True
10476,3170,BR,2024-06-25,1,False
10477,3171,P,2024-06-26,0,True
10478,3171,AS,2024-06-28,1,True
10480,3172,P,2024-06-22,0,True
10481,3172,AS,2024-06-26,0,True
10482,3172,D,2024-07-01,1,False
10483,3173,P,2024-06-29,0,True
10484,3173,BA,2024-07-02,0,True
10485,3173,AS,2024-07-04,1,True
10487,3174,P,2024-06-06,0,True
10488,3174,BA,2024-06-09,0,True
10489,3174,AS,2024-06-11,0,True
10490,3174,D,2024-06-20,1,False
10491,3175,P,2024-06-18,0,True
10492,3175,BA,2024-06-19,0,True
10493,3175,BR,2024-06-22,1,False
10494,3176,P,2024-06-17,0,True
10495,3176,AS,2024-06-21,0,True
10496,3176,D,2024-07-05,1,False
10497,3177,P,2024-06-18,0,True
10498,3177,AS,2024-06-20,0,True
10499,3177,D,2024-07-01,1,False
10500,3178,P,2024-06-20,0,True
10501,3178,BR,2024-06-24,1,False
10502,3179,P,2024-06-27,0,True
10503,3179,AS,2024-07-04,1,True
10505,3180,P,2024-06-06,0,True
10506,3180,AS,2024-06-09,0,True
10507,3180,D,2024-06-13,1,False
10508,3181,P,2024-06-11,0,True
10509,3181,BD,2024-06-15,0,True
10510,3181,BZ,2024-06-19,1,True
10513,3182,P,2024-06-27,0,True
10514,3182,BA,2024-06-29,0,True
10515,3182,AS,2024-07-01,1,True
10517,3183,P,2024-06-27,0,True
10518,3183,AS,2024-07-03,1,True
10520,3184,P,2024-06-29,0,True
10521,3184,AS,2024-07-01,0,True
10522,3184,D,2024-07-02,1,False
10523,3185,P,2024-06-13,0,True
10524,3185,AS,2024-06-17,0,True
10525,3185,D,2024-06-29,1,False
10526,3186,P,2024-06-21,0,True
10527,3186,BA,2024-06-25,0,True
10528,3186,AS,2024-06-29,1,True
10530,3187,P,2024-06-26,0,True
10531,3187,AS,2024-07-02,1,True
10533,3188,P,2024-06-09,0,True
10534,3188,AS,2024-06-11,0,True
10535,3188,D,2024-06-16,1,False
10536,3189,P,2024-06-16,0,True
10537,3189,AS,2024-06-20,0,True
10538,3189,D,2024-06-28,1,False
10539,3190,P,2024-06-30,0,True
10540,3190,AS,2024-07-05,1,True
10542,3191,P,2024-06-27,0,True
10543,3191,BA,2024-06-28,0,True
10544,3191,AS,2024-06-30,1,True
10546,3192,P,2024-06-25,0,True
10547,3192,AS,2024-07-04,0,True
10548,3192,D,2024-07-05,1,False
10549,3193,P,2024-06-05,0,True
10550,3193,BA,2024-06-10,0,True
10551,3193,AS,2024-06-13,0,True
10552,3193,D,2024-06-21,1,False
10553,3194,P,2024-06-11,0,True
10554,3194,BR,2024-06-13,1,False
10555,3195,P,2024-06-16,0,True
10556,3195,BV,2024-06-20,0,True
10557,3195,AS,2024-06-27,1,True
10559,3196,P,2024-07-04,1,True
10562,3197,P,2024-06-26,0,True
10563,3197,BA,2024-06-30,0,True
10564,3197,D,2024-07-01,1,False
10565,3198,P,2024-06-11,0,True
10566,3198,BA,2024-06-13,0,True
10567,3198,BR,2024-06-17,1,False
10568,3199,P,2024-06-06,0,True
10569,3199,AS,2024-06-10,0,True
10570,3199,D,2024-06-20,1,False
10571,3200,P,2024-07-03,1,True
10575,3201,P,2024-06-16,0,True
10576,3201,AS,2024-06-19,0,True
10577,3201,D,2024-06-26,1,False
10578,3202,P,2024-06-29,0,True
10579,3202,BR,2024-07-03,1,False
10580,3203,P,2024-06-09,0,True
10581,3203,AS,2024-06-11,0,True
10582,3203,D,2024-06-18,1,False
10583,3204,P,2024-07-02,0,True
10584,3204,BA,2024-07-04,0,True
10585,3204,AS,2024-07-05,1,True
10587,3205,P,2024-06-21,0,True
10588,3205,AS,2024-06-25,0,True
10589,3205,D,2024-07-04,1,False
10590,3206,P,2024-06-06,0,True
10591,3206,BA,2024-06-09,0,True
10592,3206,AS,2024-06-11,0,True
10593,3206,D,2024-06-18,1,False
10594,3207,P,2024-06-20,0,True
10595,3207,BA,2024-06-22,0,True
10596,3207,AS,2024-06-24,0,True
10597,3207,D,2024-07-03,1,False
10598,3208,P,2024-06-08,0,True
10599,3208,AS,2024-06-11,0,True
10600,3208,D,2024-06-19,1,False
10601,3209,P,2024-06-28,0,True
10602,3209,AS,2024-07-03,1,True
10604,3210,P,2024-06-27,0,True
10605,3210,BB,2024-07-01,1,True
10609,3211,P,2024-06-23,0,True
10610,3211,BR,2024-06-26,1,False
10611,3212,P,2024-06-08,0,True
10612,3212,AS,2024-06-13,0,True
10613,3212,D,2024-06-23,1,False
10614,3213,P,2024-06-29,0,True
10615,3213,BA,2024-07-04,1,True
10618,3214,P,2024-06-09,0,True
10619,3214,AS,2024-06-11,0,True
10620,3214,D,2024-06-22,1,False
10621,3215,P,2024-06-20,0,True
10622,3215,AS,2024-06-24,0,True
10623,3215,D,2024-06-25,1,False
10624,3216,P,2024-06-09,0,True
10625,3216,BA,2024-06-10,0,True
10626,3216,AS,2024-06-11,0,True
10627,3216,D,2024-06-19,1,False
10628,3217,P,2024-06-23,0,True
10629,3217,BA,2024-06-26,0,True
10630,3217,AS,2024-06-28,1,True
10632,3218,P,2024-06-05,0,True
10633,3218,BA,2024-06-09,0,True
10634,3218,AS,2024-06-12,0,True
10635,3218,D,2024-06-16,1,False
10636,3219,P,2024-06-27,0,True
10637,3219,AS,2024-07-03,1,True
10639,3220,P,2024-06-14,0,True
10640,3220,AS,2024-06-19,0,True
10641,3220,D,2024-06-21,1,False
10642,3221,P,2024-06-26,0,True
10643,3221,BB,2024-06-29,1,True
10647,3222,P,2024-06-20,0,True
10648,3222,AS,2024-06-24,0,True
10649,3222,D,2024-07-04,1,False
10650,3223,P,2024-07-01,0,True
10651,3223,AS,2024-07-05,1,True
10653,3224,P,2024-06-16,0,True
10654,3224,BB,2024-06-21,0,True
10655,3224,AS,2024-07-02,1,True
10657,3225,P,2024-06-15,0,True
10658,3225,BA,2024-06-17,0,True
10659,3225,AS,2024-06-18,0,True
10660,3225,BR,2024-06-26,1,False
10661,3226,P,2024-07-02,1,True
10664,3227,P,2024-06-08,0,True
10665,3227,AS,2024-06-13,0,True
10666,3227,D,2024-06-24,1,False
10667,3228,P,2024-07-03,1,True
10670,3229,P,2024-06-22,0,True
10671,3229,AS,2024-06-26,1,True
10673,3230,P,2024-06-25,0,True
10674,3230,BB,2024-06-27,0,True
10675,3230,BA,2024-07-03,1,True
10678,3231,P,2024-06-16,0,True
10679,3231,AS,2024-06-21,0,True
10680,3231,D,2024-07-02,1,False
10681,3232,P,2024-06-14,0,True
10682,3232,AS,2024-06-17,0,True
10683,3232,D,2024-06-23,1,False
10684,3233,P,2024-06-13,0,True
10685,3233,BA,2024-06-17,0,True
10686,3233,AS,2024-06-21,0,True
10687,3233,D,2024-06-29,1,False
10688,3234,P,2024-06-10,0,True
10689,3234,AS,2024-06-14,0,True
10690,3234,D,2024-06-20,1,False
10691,3235,P,2024-06-09,0,True
10692,3235,BA,2024-06-13,0,True
10693,3235,AS,2024-06-15,0,True
10694,3235,D,2024-06-24,1,False
10695,3236,P,2024-06-29,0,True
10696,3236,BA,2024-06-30,0,True
10697,3236,AS,2024-07-03,1,True
10699,3237,P,2024-06-18,0,True
10700,3237,BA,2024-06-19,0,True
10701,3237,AS,2024-06-21,1,True
10703,3238,P,2024-06-27,0,True
10704,3238,AS,2024-06-28,0,True
10705,3238,D,2024-07-03,1,False
10706,3239,P,2024-06-20,0,True
10707,3239,AS,2024-06-21,0,True
10708,3239,D,2024-07-04,1,False
10709,3240,P,2024-06-16,0,True
10710,3240,AS,2024-06-21,0,True
10711,3240,D,2024-07-04,1,False
10712,3241,P,2024-06-10,0,True
10713,3241,BA,2024-06-16,0,True
10714,3241,AS,2024-06-18,0,True
10715,3241,D,2024-06-28,1,False
10716,3242,P,2024-06-05,0,True
10717,3242,AS,2024-06-10,0,True
10718,3242,D,2024-06-19,1,False
10719,3243,P,2024-06-10,0,True
10720,3243,AS,2024-06-11,0,True
10721,3243,D,2024-06-25,1,False
10722,3244,P,2024-06-05,0,True
10723,3244,AS,2024-06-09,0,True
10724,3244,D,2024-06-15,1,False
10725,3245,P,2024-06-06,0,True
10726,3245,AS,2024-06-08,0,True
10727,3245,D,2024-06-16,1,False
10728,3246,P,2024-06-14,0,True
10729,3246,BA,2024-06-17,0,True
10730,3246,AS,2024-06-20,0,True
10731,3246,D,2024-06-29,1,False
10732,3247,P,2024-06-30,1,True
10735,3248,P,2024-06-24,0,True
10736,3248,AS,2024-06-27,0,True
10737,3248,D,2024-07-02,1,False
10738,3249,P,2024-06-08,0,True
10739,3249,BZ,2024-06-12,0,True
10740,3249,BV,2024-06-24,1,True
10743,3250,P,2024-06-26,0,True
10744,3250,AS,2024-06-30,1,True
10746,3251,P,2024-06-23,0,True
10747,3251,BA,2024-06-24,0,True
10748,3251,AS,2024-06-26,0,True
10749,3251,D,2024-07-02,1,False
10750,3252,P,2024-07-02,0,True
10751,3252,AS,2024-07-05,1,True
10753,3253,P,2024-06-19,0,True
10754,3253,AS,2024-06-24,0,True
10755,3253,D,2024-07-03,1,False
10756,3254,P,2024-06-25,0,True
10757,3254,AS,2024-06-29,1,True
10759,3255,P,2024-06-29,0,True
10760,3255,AS,2024-06-30,1,True
10762,3256,P,2024-06-05,0,True
10763,3256,AS,2024-06-11,0,True
10764,3256,D,2024-06-20,1,False
10765,3257,P,2024-06-30,0,True
10766,3257,BR,2024-07-02,1,False
10767,3258,P,2024-06-05,0,True
10768,3258,AS,2024-06-06,0,True
10769,3258,D,2024-06-15,1,False
10770,3259,P,2024-07-03,1,True
10774,3260,P,2024-06-13,0,True
10775,3260,BB,2024-06-16,0,True
10776,3260,AS,2024-06-24,0,True
10777,3260,D,2024-06-29,1,False
10778,3261,P,2024-06-05,0,True
10779,3261,AS,2024-06-09,0,True
10780,3261,D,2024-06-14,1,False
10781,3262,P,2024-06-28,0,True
10782,3262,AS,2024-07-04,1,True
10784,3263,P,2024-06-10,0,True
10785,3263,BR,2024-06-15,1,False
10786,3264,P,2024-06-26,0,True
10787,3264,BZ,2024-06-28,1,True
10790,3265,P,2024-06-19,0,True
10791,3265,BV,2024-06-24,0,True
10792,3265,D,2024-06-28,1,False
10793,3266,P,2024-06-26,0,True
10794,3266,AS,2024-06-28,1,True
10796,3267,P,2024-07-02,0,True
10797,3267,BA,2024-07-05,1,True
10800,3268,P,2024-06-09,0,True
10801,3268,BA,2024-06-13,0,True
10802,3268,AS,2024-06-16,0,True
10803,3268,D,2024-06-27,1,False
10804,3269,P,2024-06-24,0,True
10805,3269,BB,2024-06-26,1,True
10808,3270,P,2024-06-20,0,True
10809,3270,BB,2024-06-26,0,True
10810,3270,BA,2024-07-03,1,True
10812,3271,P,2024-06-20,0,True
10813,3271,AS,2024-06-24,1,True
10815,3272,P,2024-06-10,0,True
10816,3272,BA,2024-06-12,0,True
10817,3272,AS,2024-06-13,0,True
10818,3272,D,2024-06-19,1,False
10819,3273,P,2024-06-24,0,True
10820,3273,BA,2024-06-30,0,True
10821,3273,AS,2024-07-01,1,True
10823,3274,P,2024-06-27,0,True
10824,3274,BV,2024-06-30,1,True
10827,3275,P,2024-06-29,0,True
10828,3275,AS,2024-07-01,1,True
10830,3276,P,2024-06-15,0,True
10831,3276,AS,2024-06-17,0,True
10832,3276,D,2024-06-23,1,False
10833,3277,P,2024-06-06,0,True
10834,3277,AS,2024-06-09,0,True
10835,3277,D,2024-06-20,1,False
10836,3278,P,2024-06-29,0,True
10837,3278,BV,2024-07-04,1,True
10839,3279,P,2024-06-20,0,True
10840,3279,BV,2024-06-25,1,True
10842,3280,P,2024-06-20,0,True
10843,3280,AS,2024-06-24,0,True
10844,3280,D,2024-07-02,1,False
10845,3281,P,2024-06-21,0,True
10846,3281,AS,2024-06-23,0,True
10847,3281,D,2024-07-01,1,False
10848,3282,P,2024-06-17,0,True
10849,3282,AS,2024-06-21,0,True
10850,3282,D,2024-07-04,1,False
10851,3283,P,2024-07-01,0,True
10852,3283,BA,2024-07-04,1,True
10854,3284,P,2024-06-30,0,True
10855,3284,AS,2024-07-03,0,True
10856,3284,D,2024-07-05,1,False
10857,3285,P,2024-06-05,0,True
10858,3285,AS,2024-06-09,0,True
10859,3285,D,2024-06-17,1,False
10860,3286,P,2024-06-21,0,True
10861,3286,BB,2024-06-26,0,True
10862,3286,AS,2024-06-27,0,True
10863,3286,D,2024-07-05,1,False
10864,3287,P,2024-06-26,0,True
10865,3287,BR,2024-06-30,1,False
10866,3288,P,2024-06-24,0,True
10867,3288,AS,2024-06-27,1,True
10869,3289,P,2024-06-05,0,True
10870,3289,BZ,2024-06-06,0,True
10871,3289,D,2024-06-20,1,False
10872,3290,P,2024-07-04,1,True
10875,3291,P,2024-06-30,0,True
10876,3291,AS,2024-07-05,1,True
10878,3292,P,2024-06-19,0,True
10879,3292,AS,2024-06-22,0,True
10880,3292,D,2024-06-27,1,False
10881,3293,P,2024-06-12,0,True
10882,3293,BA,2024-06-17,0,True
10883,3293,AS,2024-06-19,0,True
10884,3293,D,2024-06-28,1,False
10885,3294,P,2024-06-14,0,True
10886,3294,AS,2024-06-18,0,True
10887,3294,D,2024-06-21,1,False
10888,3295,P,2024-06-20,0,True
10889,3295,AS,2024-06-23,0,True
10890,3295,D,2024-07-02,1,False
10891,3296,P,2024-06-24,0,True
10892,3296,BV,2024-06-29,1,True
10894,3297,P,2024-07-01,0,True
10895,3297,BA,2024-07-03,0,True
10896,3297,AS,2024-07-04,1,True
10898,3298,P,2024-06-17,0,True
10899,3298,AS,2024-06-18,0,True
10900,3298,D,2024-06-27,1,False
10901,3299,P,2024-06-14,0,True
10902,3299,BA,2024-06-17,0,True
10903,3299,AS,2024-06-19,0,True
10904,3299,D,2024-06-28,1,False
10905,3300,P,2024-06-30,0,True
10906,3300,BR,2024-07-04,1,False
10907,3301,P,2024-06-08,0,True
10908,3301,AS,2024-06-14,0,True
10909,3301,D,2024-06-18,1,False
10910,3302,P,2024-06-15,0,True
10911,3302,AS,2024-06-19,0,True
10912,3302,D,2024-06-28,1,False
10913,3303,P,2024-07-01,0,True
10914,3303,BA,2024-07-03,0,True
10915,3303,AS,2024-07-05,1,True
10917,3304,P,2024-06-06,0,True
10918,3304,BB,2024-06-10,0,True
10919,3304,AS,2024-06-18,0,True
10920,3304,D,2024-06-26,1,False
10921,3305,P,2024-06-10,0,True
10922,3305,BB,2024-06-14,0,True
10923,3305,AS,2024-07-05,1,True
10925,3306,P,2024-06-12,0,True
10926,3306,BB,2024-06-17,0,True
10927,3306,AS,2024-06-25,0,True
10928,3306,D,2024-07-01,1,False
10929,3307,P,2024-06-19,0,True
10930,3307,AS,2024-06-24,0,True
10931,3307,D,2024-06-29,1,False
10932,3308,P,2024-06-06,0,True
10933,3308,AS,2024-06-10,0,True
10934,3308,D,2024-06-19,1,False
10935,3309,P,2024-06-12,0,True
10936,3309,BZ,2024-06-14,0,True
10937,3309,BR,2024-06-19,1,False
10938,3310,P,2024-06-20,0,True
10939,3310,AS,2024-06-24,0,True
10940,3310,D,2024-07-02,1,False
10941,3311,P,2024-06-09,0,True
10942,3311,AS,2024-06-14,0,True
10943,3311,D,2024-06-15,1,False
10944,3312,P,2024-06-05,0,True
10945,3312,AS,2024-06-10,0,True
10946,3312,D,2024-06-18,1,False
10947,3313,P,2024-06-14,0,True
10948,3313,AS,2024-06-18,0,True
10949,3313,BR,2024-06-29,1,False
10950,3314,P,2024-06-13,0,True
10951,3314,AS,2024-06-16,0,True
10952,3314,D,2024-06-26,1,False
10953,3315,P,2024-06-16,0,True
10954,3315,AS,2024-06-20,0,True
10955,3315,D,2024-06-25,1,False
10956,3316,P,2024-07-04,1,True
10959,3317,P,2024-06-10,0,True
10960,3317,AS,2024-06-12,0,True
10961,3317,D,2024-06-19,1,False
10962,3318,P,2024-06-23,0,True
10963,3318,BV,2024-06-28,1,True
10965,3319,P,2024-06-18,0,True
10966,3319,BA,2024-06-21,0,True
10967,3319,AS,2024-06-22,0,True
10968,3319,D,2024-06-29,1,False
10969,3320,P,2024-06-15,0,True
10970,3320,AS,2024-06-19,1,True
10972,3321,P,2024-06-20,0,True
10973,3321,AS,2024-06-24,0,True
10974,3321,D,2024-06-27,1,False
10975,3322,P,2024-06-08,0,True
10976,3322,AS,2024-06-10,0,True
10977,3322,D,2024-06-26,1,False
10978,3323,P,2024-06-07,0,True
10979,3323,AS,2024-06-12,0,True
10980,3323,D,2024-06-17,1,False
10981,3324,P,2024-07-02,1,True
10983,3325,P,2024-06-09,0,True
10984,3325,BA,2024-06-10,0,True
10985,3325,AS,2024-06-12,0,True
10986,3325,D,2024-06-23,1,False
10987,3326,P,2024-06-21,0,True
10988,3326,AS,2024-06-24,1,True
10990,3327,P,2024-06-20,0,True
10991,3327,AS,2024-06-21,0,True
10992,3327,D,2024-07-05,1,False
10993,3328,P,2024-06-29,0,True
10994,3328,BR,2024-07-04,1,False
10995,3329,P,2024-07-04,0,True
10996,3329,AS,2024-07-05,1,True
10998,3330,P,2024-06-17,0,True
10999,3330,AS,2024-06-21,0,True
11000,3330,D,2024-07-04,1,False
11001,3331,P,2024-07-02,1,True
11005,3332,P,2024-06-18,0,True
11006,3332,BB,2024-06-21,1,True
11009,3333,P,2024-06-15,0,True
11010,3333,AS,2024-06-16,0,True
11011,3333,D,2024-06-17,1,False
11012,3334,P,2024-06-20,0,True
11013,3334,BR,2024-06-24,1,False
11014,3335,P,2024-07-01,0,True
11015,3335,BZ,2024-07-03,1,True
11018,3336,P,2024-06-29,0,True
11019,3336,AS,2024-07-03,1,True
11021,3337,P,2024-06-19,0,True
11022,3337,BA,2024-06-21,0,True
11023,3337,AS,2024-06-26,0,True
11024,3337,D,2024-07-05,1,False
11025,3338,P,2024-06-22,0,True
11026,3338,BA,2024-06-28,0,True
11027,3338,AS,2024-06-30,1,True
11029,3339,P,2024-06-14,0,True
11030,3339,BR,2024-06-17,1,False
11031,3340,P,2024-06-11,0,True
11032,3340,BB,2024-06-12,0,True
11033,3340,AS,2024-06-22,0,True
11034,3340,D,2024-06-27,1,False
11035,3341,P,2024-06-16,0,True
11036,3341,BA,2024-06-19,0,True
11037,3341,AS,2024-06-21,0,True
11038,3341,D,2024-07-02,1,False
11039,3342,P,2024-06-08,0,True
11040,3342,AS,2024-06-10,0,True
11041,3342,D,2024-06-18,1,False
11042,3343,P,2024-06-22,0,True
11043,3343,AS,2024-06-24,1,True
11045,3344,P,2024-06-26,0,True
11046,3344,AS,2024-06-29,1,True
11048,3345,P,2024-07-03,1,True
11052,3346,P,2024-06-06,0,True
11053,3346,BR,2024-06-10,1,False
11054,3347,P,2024-06-17,0,True
11055,3347,AS,2024-06-19,0,True
11056,3347,D,2024-07-01,1,False
11057,3348,P,2024-06-21,0,True
11058,3348,BV,2024-06-24,0,True
11059,3348,D,2024-07-04,1,False
11060,3349,P,2024-06-15,0,True
11061,3349,AS,2024-06-17,0,True
11062,3349,D,2024-06-26,1,False
11063,3350,P,2024-06-10,0,True
11064,3350,BR,2024-06-16,1,False
11065,3351,P,2024-06-19,0,True
11066,3351,BR,2024-06-23,1,False
11067,3352,P,2024-06-27,0,True
11068,3352,AS,2024-06-28,0,True
11069,3352,D,2024-07-04,1,False
11070,3353,P,2024-06-16,0,True
11071,3353,AS,2024-06-20,0,True
11072,3353,D,2024-06-26,1,False
11073,3354,P,2024-06-13,0,True
11074,3354,BD,2024-06-17,0,True
11075,3354,BB,2024-06-24,0,True
11076,3354,BA,2024-07-03,1,True
11079,3355,P,2024-06-22,0,True
11080,3355,BV,2024-06-24,1,True
11083,3356,P,2024-06-19,0,True
11084,3356,AS,2024-06-25,0,True
11085,3356,D,2024-07-05,1,False
11086,3357,P,2024-07-02,0,True
11087,3357,AS,2024-07-04,1,True
11089,3358,P,2024-06-24,0,True
11090,3358,BB,2024-06-26,1,True
11093,3359,P,2024-06-27,0,True
11094,3359,BB,2024-07-01,1,True
11097,3360,P,2024-06-06,0,True
11098,3360,BD,2024-06-10,0,True
11099,3360,BV,2024-06-15,0,True
11100,3360,BR,2024-06-26,1,False
11101,3361,P,2024-06-18,0,True
11102,3361,BA,2024-06-23,0,True
11103,3361,AS,2024-06-25,0,True
11104,3361,D,2024-07-03,1,False
11105,3362,P,2024-06-10,0,True
11106,3362,BB,2024-06-12,0,True
11107,3362,AS,2024-06-20,0,True
11108,3362,D,2024-06-28,1,False
11109,3363,P,2024-06-26,0,True
11110,3363,AS,2024-06-30,1,True
11112,3364,P,2024-06-18,0,True
11113,3364,AS,2024-06-22,0,True
11114,3364,D,2024-07-04,1,False
11115,3365,P,2024-06-14,0,True
11116,3365,AS,2024-06-20,0,True
11117,3365,D,2024-07-03,1,False
11118,3366,P,2024-06-06,0,True
11119,3366,AS,2024-06-08,0,True
11120,3366,D,2024-06-25,1,False
11121,3367,P,2024-06-20,0,True
11122,3367,BA,2024-06-22,0,True
11123,3367,AS,2024-06-26,1,True
11125,3368,P,2024-06-13,0,True
11126,3368,BA,2024-06-15,0,True
11127,3368,AS,2024-06-16,0,True
11128,3368,D,2024-06-27,1,False
11129,3369,P,2024-06-12,0,True
11130,3369,BR,2024-06-15,1,False
11131,3370,P,2024-06-08,0,True
11132,3370,AS,2024-06-13,0,True
11133,3370,D,2024-06-16,1,False
11134,3371,P,2024-07-02,0,True
11135,3371,AS,2024-07-04,1,True
11137,3372,P,2024-06-10,0,True
11138,3372,BA,2024-06-14,0,True
11139,3372,BR,2024-06-16,1,False
11140,3373,P,2024-06-25,0,True
11141,3373,BA,2024-06-28,0,True
11142,3373,AS,2024-06-29,1,True
11144,3374,P,2024-06-29,0,True
11145,3374,BV,2024-07-01,1,True
11148,3375,P,2024-06-23,0,True
11149,3375,AS,2024-06-24,0,True
11150,3375,D,2024-06-29,1,False
11151,3376,P,2024-06-06,0,True
11152,3376,BA,2024-06-11,0,True
11153,3376,AS,2024-06-13,0,True
11154,3376,D,2024-06-20,1,False
11155,3377,P,2024-06-17,0,True
11156,3377,AS,2024-06-18,0,True
11157,3377,D,2024-06-28,1,False
11158,3378,P,2024-07-01,0,True
11159,3378,BA,2024-07-04,1,True
11162,3379,P,2024-06-14,0,True
11163,3379,AS,2024-06-15,0,True
11164,3379,D,2024-06-25,1,False
11165,3380,P,2024-06-18,0,True
11166,3380,AS,2024-06-21,0,True
11167,3380,D,2024-06-26,1,False
11168,3381,P,2024-06-07,0,True
11169,3381,AS,2024-06-12,0,True
11170,3381,D,2024-06-15,1,False
11171,3382,P,2024-06-10,0,True
11172,3382,AS,2024-06-14,0,True
11173,3382,D,2024-06-16,1,False
11174,3383,P,2024-06-14,0,True
11175,3383,BA,2024-06-17,0,True
11176,3383,D,2024-06-18,1,False
11177,3384,P,2024-06-27,0,True
11178,3384,BA,2024-07-02,0,True
11179,3384,D,2024-07-03,1,False
11180,3385,P,2024-06-05,0,True
11181,3385,AS,2024-06-11,0,True
11182,3385,D,2024-06-16,1,False
11183,3386,P,2024-06-30,0,True
11184,3386,BB,2024-07-01,0,True
11185,3386,AS,2024-07-05,1,True
11187,3387,P,2024-06-06,0,True
11188,3387,BR,2024-06-10,1,False
11189,3388,P,2024-07-04,1,True
11193,3389,P,2024-06-08,0,True
11194,3389,BB,2024-06-09,0,True
11195,3389,AS,2024-06-17,0,True
11196,3389,D,2024-06-24,1,False
11197,3390,P,2024-06-25,0,True
11198,3390,AS,2024-06-29,1,True
11200,3391,P,2024-06-23,0,True
11201,3391,BB,2024-06-24,1,True
11206,3392,P,2024-06-29,0,True
11207,3392,AS,2024-07-01,1,True
11209,3393,P,2024-07-03,1,True
11212,3394,P,2024-06-21,0,True
11213,3394,BA,2024-06-24,0,True
11214,3394,AS,2024-06-27,1,True
11216,3395,P,2024-06-30,0,True
11217,3395,AS,2024-07-01,1,True
11219,3396,P,2024-06-06,0,True
11220,3396,AS,2024-06-11,0,True
11221,3396,D,2024-06-23,1,False
11222,3397,P,2024-06-14,0,True
11223,3397,AS,2024-06-18,0,True
11224,3397,D,2024-06-24,1,False
11225,3398,P,2024-06-07,0,True
11226,3398,AS,2024-06-08,0,True
11227,3398,D,2024-06-16,1,False
11228,3399,P,2024-06-28,0,True
11229,3399,BB,2024-07-01,1,True
11232,3400,P,2024-06-18,0,True
11233,3400,AS,2024-06-20,0,True
11234,3400,D,2024-06-24,1,False
11235,3401,P,2024-06-12,0,True
11236,3401,BA,2024-06-15,0,True
11237,3401,AS,2024-06-17,0,True
11238,3401,D,2024-06-23,1,False
11239,3402,P,2024-06-27,0,True
11240,3402,BR,2024-07-01,1,False
11241,3403,P,2024-06-30,0,True
11242,3403,BB,2024-07-04,1,True
11245,3404,P,2024-06-05,0,True
11246,3404,BA,2024-06-11,0,True
11247,3404,AS,2024-06-14,0,True
11248,3404,D,2024-06-24,1,False
11249,3405,P,2024-06-13,0,True
11250,3405,BA,2024-06-17,0,True
11251,3405,AS,2024-06-18,0,True
11252,3405,D,2024-06-21,1,False
11253,3406,P,2024-06-28,0,True
11254,3406,BA,2024-07-02,0,True
11255,3406,AS,2024-07-04,1,True
11257,3407,P,2024-07-04,1,True
11260,3408,P,2024-06-13,0,True
11261,3408,BZ,2024-06-18,1,True
11264,3409,P,2024-06-30,0,True
11265,3409,AS,2024-07-05,1,True
11267,3410,P,2024-06-25,0,True
11268,3410,AS,2024-06-29,0,True
11269,3410,D,2024-07-02,1,False
11270,3411,P,2024-07-01,0,True
11271,3411,AS,2024-07-02,1,True
11273,3412,P,2024-06-13,0,True
11274,3412,BV,2024-06-17,1,True
11276,3413,P,2024-07-03,0,True
11277,3413,BR,2024-07-04,1,False
11278,3414,P,2024-07-02,1,True
11280,3415,P,2024-07-04,1,True
11284,3416,P,2024-06-26,0,True
11285,3416,AS,2024-06-30,0,True
11286,3416,D,2024-07-02,1,False
11287,3417,P,2024-07-04,1,True
11290,3418,P,2024-06-16,0,True
11291,3418,BA,2024-06-20,0,True
11292,3418,AS,2024-06-25,1,True
11294,3419,P,2024-06-22,0,True
11295,3419,AS,2024-06-26,1,True
11297,3420,P,2024-06-26,0,True
11298,3420,AS,2024-07-02,1,True
11300,3421,P,2024-06-22,0,True
11301,3421,BA,2024-06-24,0,True
11302,3421,AS,2024-06-27,1,True
11304,3422,P,2024-06-13,0,True
11305,3422,BA,2024-06-17,0,True
11306,3422,AS,2024-06-20,0,True
11307,3422,BR,2024-06-27,1,False
11308,3423,P,2024-06-08,0,True
11309,3423,AS,2024-06-12,0,True
11310,3423,D,2024-06-16,1,False
11311,3424,P,2024-07-02,1,True
11315,3425,P,2024-06-14,0,True
11316,3425,BB,2024-06-17,0,True
11317,3425,AS,2024-06-25,0,True
11318,3425,D,2024-07-02,1,False
11319,3426,P,2024-06-27,0,True
11320,3426,AS,2024-07-02,1,True
11322,3427,P,2024-06-27,0,True
11323,3427,AS,2024-07-02,1,True
11325,3428,P,2024-06-22,0,True
11326,3428,BA,2024-06-24,0,True
11327,3428,AS,2024-06-27,0,True
11328,3428,D,2024-07-01,1,False
11329,3429,P,2024-07-03,1,True
11332,3430,P,2024-06-21,0,True
11333,3430,AS,2024-06-25,1,True
11335,3431,P,2024-06-11,0,True
11336,3431,BB,2024-06-14,0,True
11337,3431,BA,2024-07-03,1,True
11340,3432,P,2024-07-02,0,True
11341,3432,AS,2024-07-05,1,True
11343,3433,P,2024-06-05,0,True
11344,3433,BR,2024-06-08,1,False
11345,3434,P,2024-07-03,0,True
11346,3434,BA,2024-07-05,1,True
11348,3435,P,2024-06-21,0,True
11349,3435,BA,2024-06-24,0,True
11350,3435,AS,2024-06-27,1,True
11352,3436,P,2024-06-10,0,True
11353,3436,AS,2024-06-14,0,True
11354,3436,D,2024-06-21,1,False
11355,3437,P,2024-06-17,0,True
11356,3437,AS,2024-06-23,1,True
11358,3438,P,2024-06-27,0,True
11359,3438,AS,2024-06-30,1,True
11361,3439,P,2024-06-20,0,True
11362,3439,AS,2024-06-24,0,True
11363,3439,D,2024-07-03,1,False
11364,3440,P,2024-06-19,0,True
11365,3440,AS,2024-06-20,0,True
11366,3440,BR,2024-06-28,1,False
11367,3441,P,2024-06-20,0,True
11368,3441,AS,2024-06-22,0,True
11369,3441,D,2024-06-27,1,False
11370,3442,P,2024-06-16,0,True
11371,3442,AS,2024-06-19,0,True
11372,3442,D,2024-06-23,1,False
11373,3443,P,2024-06-17,0,True
11374,3443,BA,2024-06-21,0,True
11375,3443,AS,2024-06-23,1,True
11377,3444,P,2024-06-26,0,True
11378,3444,AS,2024-06-30,1,True
11380,3445,P,2024-06-17,0,True
11381,3445,AS,2024-06-18,0,True
11382,3445,D,2024-06-21,1,False
11383,3446,P,2024-06-17,0,True
11384,3446,AS,2024-06-22,0,True
11385,3446,D,2024-06-28,1,False
11386,3447,P,2024-06-05,0,True
11387,3447,AS,2024-06-10,0,True
11388,3447,D,2024-06-15,1,False
11389,3448,P,2024-06-24,0,True
11390,3448,AS,2024-06-25,0,True
11391,3448,D,2024-06-29,1,False
11392,3449,P,2024-06-15,0,True
11393,3449,BB,2024-06-18,0,True
11394,3449,AS,2024-06-29,0,True
11395,3449,D,2024-07-04,1,False
11396,3450,P,2024-06-14,0,True
11397,3450,BA,2024-06-20,0,True
11398,3450,AS,2024-06-22,0,True
11399,3450,D,2024-07-01,1,False
11400,3451,P,2024-06-26,0,True
11401,3451,AS,2024-06-30,1,True
11403,3452,P,2024-07-02,0,True
11404,3452,AS,2024-07-04,1,True
11406,3453,P,2024-06-14,0,True
11407,3453,BA,2024-06-17,0,True
11408,3453,AS,2024-06-20,0,True
11409,3453,D,2024-06-30,1,False
11410,3454,P,2024-06-29,0,True
11411,3454,AS,2024-07-05,1,True
11413,3455,P,2024-06-17,0,True
11414,3455,AS,2024-06-20,0,True
11415,3455,D,2024-07-05,1,False
11416,3456,P,2024-06-14,0,True
11417,3456,AS,2024-06-17,0,True
11418,3456,D,2024-06-22,1,False
11419,3457,P,2024-06-29,0,True
11420,3457,AS,2024-07-05,1,True
11422,3458,P,2024-06-13,0,True
11423,3458,AS,2024-06-17,0,True
11424,3458,D,2024-06-25,1,False
11425,3459,P,2024-06-15,0,True
11426,3459,BA,2024-06-21,0,True
11427,3459,AS,2024-06-25,0,True
11428,3459,D,2024-07-02,1,False
11429,3460,P,2024-06-09,0,True
11430,3460,AS,2024-06-13,0,True
11431,3460,D,2024-06-28,1,False
11432,3461,P,2024-06-13,0,True
11433,3461,AS,2024-06-19,0,True
11434,3461,D,2024-07-01,1,False
11435,3462,P,2024-06-27,0,True
11436,3462,AS,2024-06-29,1,True
11438,3463,P,2024-06-23,0,True
11439,3463,AS,2024-06-25,1,True
11441,3464,P,2024-06-27,0,True
11442,3464,BA,2024-07-01,0,True
11443,3464,AS,2024-07-04,1,True
11445,3465,P,2024-06-18,0,True
11446,3465,BZ,2024-06-21,1,True
11449,3466,P,2024-06-18,0,True
11450,3466,AS,2024-06-22,0,True
11451,3466,D,2024-07-03,1,False
11452,3467,P,2024-06-14,0,True
11453,3467,BA,2024-06-18,0,True
11454,3467,AS,2024-06-20,0,True
11455,3467,D,2024-06-30,1,False
11456,3468,P,2024-07-01,0,True
11457,3468,BA,2024-07-04,1,True
11460,3469,P,2024-06-20,0,True
11461,3469,BA,2024-06-22,0,True
11462,3469,AS,2024-06-24,1,True
11464,3470,P,2024-06-17,0,True
11465,3470,AS,2024-06-20,1,True
11467,3471,P,2024-06-14,0,True
11468,3471,AS,2024-06-17,0,True
11469,3471,D,2024-06-27,1,False
11470,3472,P,2024-07-04,0,True
11471,3472,BA,2024-07-05,1,True
11474,3473,P,2024-06-23,0,True
11475,3473,AS,2024-06-26,0,True
11476,3473,D,2024-06-30,1,False
11477,3474,P,2024-07-03,1,True
11481,3475,P,2024-07-01,0,True
11482,3475,AS,2024-07-04,1,True
11484,3476,P,2024-06-27,0,True
11485,3476,AS,2024-06-29,1,True
11487,3477,P,2024-06-17,0,True
11488,3477,BB,2024-06-21,1,True
11491,3478,P,2024-06-27,0,True
11492,3478,AS,2024-06-30,1,True
11494,3479,P,2024-06-28,0,True
11495,3479,AS,2024-07-01,0,True
11496,3479,D,2024-07-04,1,False
11497,3480,P,2024-06-30,0,True
11498,3480,AS,2024-07-04,1,True
11500,3481,P,2024-06-09,0,True
11501,3481,BR,2024-06-13,1,False
11502,3482,P,2024-06-22,0,True
11503,3482,BB,2024-06-25,1,True
11507,3483,P,2024-06-19,0,True
11508,3483,AS,2024-06-24,1,True
11510,3484,P,2024-06-24,0,True
11511,3484,AS,2024-06-27,1,True
11513,3485,P,2024-06-19,0,True
11514,3485,AS,2024-06-20,0,True
11515,3485,D,2024-07-02,1,False
11516,3486,P,2024-06-28,0,True
11517,3486,BR,2024-06-30,1,False
11518,3487,P,2024-06-17,0,True
11519,3487,AS,2024-06-21,0,True
11520,3487,D,2024-07-01,1,False
11521,3488,P,2024-06-21,0,True
11522,3488,BB,2024-06-24,1,True
11525,3489,P,2024-06-08,0,True
11526,3489,AS,2024-06-11,0,True
11527,3489,D,2024-06-17,1,False
11528,3490,P,2024-06-18,0,True
11529,3490,BD,2024-06-19,0,True
11530,3490,BB,2024-06-25,1,True
11533,3491,P,2024-06-12,0,True
11534,3491,AS,2024-06-16,0,True
11535,3491,D,2024-06-25,1,False
11536,3492,P,2024-06-26,0,True
11537,3492,BV,2024-07-02,1,True
11539,3493,P,2024-06-07,0,True
11540,3493,AS,2024-06-11,0,True
11541,3493,D,2024-06-18,1,False
11542,3494,P,2024-06-10,0,True
11543,3494,BA,2024-06-11,0,True
11544,3494,AS,2024-06-13,0,True
11545,3494,D,2024-06-14,1,False
11546,3495,P,2024-06-06,0,True
11547,3495,BA,2024-06-09,0,True
11548,3495,AS,2024-06-13,0,True
11549,3495,D,2024-06-27,1,False
11550,3496,P,2024-06-20,0,True
11551,3496,BA,2024-06-25,0,True
11552,3496,AS,2024-06-27,0,True
11553,3496,D,2024-06-30,1,False
11554,3497,P,2024-06-25,0,True
11555,3497,AS,2024-06-29,1,True
11557,3498,P,2024-06-17,0,True
11558,3498,AS,2024-06-21,0,True
11559,3498,BR,2024-06-30,1,False
11560,3499,P,2024-06-12,0,True
11561,3499,AS,2024-06-15,0,True
11562,3499,D,2024-06-23,1,False
11563,3500,P,2024-06-17,0,True
11564,3500,BA,2024-06-20,0,True
11565,3500,AS,2024-06-21,0,True
11566,3500,D,2024-06-24,1,False
11567,3501,P,2024-07-02,1,True
11571,3502,P,2024-06-27,0,True
11572,3502,AS,2024-07-01,0,True
11573,3502,D,2024-07-05,1,False
11574,3503,P,2024-06-29,0,True
11575,3503,AS,2024-07-04,1,True
11577,3504,P,2024-06-13,0,True
11578,3504,AS,2024-06-15,0,True
11579,3504,D,2024-06-23,1,False
11580,3505,P,2024-06-15,0,True
11581,3505,BA,2024-06-17,0,True
11582,3505,AS,2024-06-21,0,True
11583,3505,BR,2024-06-28,1,False
11584,3506,P,2024-06-18,0,True
11585,3506,AS,2024-06-21,0,True
11586,3506,D,2024-06-29,1,False
11587,3507,P,2024-06-17,0,True
11588,3507,BV,2024-06-19,0,True
11589,3507,D,2024-06-29,1,False
11590,3508,P,2024-06-24,0,True
11591,3508,BA,2024-06-28,0,True
11592,3508,AS,2024-06-29,1,True
11594,3509,P,2024-06-14,0,True
11595,3509,AS,2024-06-17,0,True
11596,3509,D,2024-07-02,1,False
11597,3510,P,2024-07-03,1,True
11600,3511,P,2024-06-13,0,True
11601,3511,AS,2024-06-19,0,True
11602,3511,D,2024-06-28,1,False
11603,3512,P,2024-06-07,0,True
11604,3512,AS,2024-06-09,0,True
11605,3512,D,2024-06-19,1,False
11606,3513,P,2024-06-11,0,True
11607,3513,BA,2024-06-17,0,True
11608,3513,AS,2024-06-22,1,True
11610,3514,P,2024-06-20,0,True
11611,3514,AS,2024-06-26,0,True
11612,3514,D,2024-06-30,1,False
11613,3515,P,2024-06-08,0,True
11614,3515,AS,2024-06-13,0,True
11615,3515,D,2024-06-26,1,False
11616,3516,P,2024-06-19,0,True
11617,3516,AS,2024-06-24,0,True
11618,3516,D,2024-07-02,1,False
11619,3517,P,2024-06-28,0,True
11620,3517,BZ,2024-07-03,1,True
11624,3518,P,2024-06-17,0,True
11625,3518,BR,2024-06-18,1,False
11626,3519,P,2024-06-06,0,True
11627,3519,AS,2024-06-09,0,True
11628,3519,D,2024-06-17,1,False
11629,3520,P,2024-07-02,1,True
11633,3521,P,2024-06-09,0,True
11634,3521,BA,2024-06-11,0,True
11635,3521,AS,2024-06-14,0,True
11636,3521,D,2024-06-24,1,False
11637,3522,P,2024-06-23,0,True
11638,3522,BZ,2024-06-25,1,True
11641,3523,P,2024-06-12,0,True
11642,3523,BB,2024-06-16,0,True
11643,3523,BA,2024-06-30,0,True
11644,3523,AS,2024-07-02,1,True
11646,3524,P,2024-06-09,0,True
11647,3524,AS,2024-06-15,0,True
11648,3524,D,2024-06-16,1,False
11649,3525,P,2024-06-19,0,True
11650,3525,AS,2024-06-23,0,True
11651,3525,BR,2024-06-26,1,False
11652,3526,P,2024-06-07,0,True
11653,3526,BB,2024-06-10,1,True
11657,3527,P,2024-06-07,0,True
11658,3527,AS,2024-06-10,0,True
11659,3527,D,2024-06-23,1,False
11660,3528,P,2024-06-06,0,True
11661,3528,AS,2024-06-10,0,True
11662,3528,D,2024-06-23,1,False
11663,3529,P,2024-06-10,0,True
11664,3529,AS,2024-06-13,0,True
11665,3529,D,2024-06-19,1,False
11666,3530,P,2024-06-16,0,True
11667,3530,BA,2024-06-18,0,True
11668,3530,D,2024-06-19,1,False
11669,3531,P,2024-06-25,0,True
11670,3531,BB,2024-07-01,1,True
11673,3532,P,2024-06-28,0,True
11674,3532,BV,2024-07-01,1,True
11676,3533,P,2024-06-06,0,True
11677,3533,AS,2024-06-08,0,True
11678,3533,D,2024-06-11,1,False
11679,3534,P,2024-07-03,1,True
11683,3535,P,2024-06-18,0,True
11684,3535,AS,2024-06-19,0,True
11685,3535,D,2024-07-03,1,False
11686,3536,P,2024-06-08,0,True
11687,3536,AS,2024-06-13,0,True
11688,3536,D,2024-06-18,1,False
11689,3537,P,2024-06-14,0,True
11690,3537,BA,2024-06-18,0,True
11691,3537,D,2024-06-20,1,False
11692,3538,P,2024-06-23,0,True
11693,3538,AS,2024-06-28,1,True
11695,3539,P,2024-06-05,0,True
11696,3539,AS,2024-06-08,0,True
11697,3539,D,2024-06-15,1,False
11698,3540,P,2024-06-27,0,True
11699,3540,BB,2024-06-30,1,True
11702,3541,P,2024-06-21,0,True
11703,3541,BA,2024-06-24,0,True
11704,3541,AS,2024-06-26,1,True
11706,3542,P,2024-06-18,0,True
11707,3542,AS,2024-06-19,0,True
11708,3542,D,2024-06-24,1,False
11709,3543,P,2024-07-03,1,True
11712,3544,P,2024-06-19,0,True
11713,3544,AS,2024-06-21,0,True
11714,3544,D,2024-06-30,1,False
11715,3545,P,2024-06-07,0,True
11716,3545,BA,2024-06-10,0,True
11717,3545,AS,2024-06-14,0,True
11718,3545,D,2024-06-20,1,False
11719,3546,P,2024-06-26,0,True
11720,3546,BB,2024-06-28,1,True
11724,3547,P,2024-06-16,0,True
11725,3547,BA,2024-06-19,0,True
11726,3547,AS,2024-06-21,0,True
11727,3547,D,2024-07-02,1,False
11728,3548,P,2024-06-28,0,True
11729,3548,AS,2024-07-01,1,True
11731,3549,P,2024-06-07,0,True
11732,3549,BA,2024-06-12,0,True
11733,3549,D,2024-06-15,1,False
11734,3550,P,2024-06-16,0,True
11735,3550,AS,2024-06-20,0,True
11736,3550,D,2024-07-03,1,False
11737,3551,P,2024-06-19,0,True
11738,3551,AS,2024-06-22,0,True
11739,3551,D,2024-06-30,1,False
11740,3552,P,2024-07-02,0,True
11741,3552,BA,2024-07-05,1,True
11744,3553,P,2024-06-06,0,True
11745,3553,BZ,2024-06-10,1,True
11748,3554,P,2024-06-25,0,True
11749,3554,BA,2024-06-29,0,True
11750,3554,AS,2024-07-02,1,True
11752,3555,P,2024-06-19,0,True
11753,3555,AS,2024-06-21,0,True
11754,3555,D,2024-06-22,1,False
11755,3556,P,2024-07-03,1,True
11759,3557,P,2024-06-14,0,True
11760,3557,AS,2024-06-18,0,True
11761,3557,D,2024-06-27,1,False
11762,3558,P,2024-06-19,0,True
11763,3558,AS,2024-06-22,0,True
11764,3558,D,2024-07-02,1,False
11765,3559,P,2024-06-17,0,True
11766,3559,BA,2024-06-19,0,True
11767,3559,AS,2024-06-21,0,True
11768,3559,D,2024-07-01,1,False
11769,3560,P,2024-06-16,0,True
11770,3560,AS,2024-06-20,0,True
11771,3560,D,2024-06-29,1,False
11772,3561,P,2024-06-16,0,True
11773,3561,BB,2024-06-17,0,True
11774,3561,BA,2024-07-01,0,True
11775,3561,AS,2024-07-03,1,True
11777,3562,P,2024-06-07,0,True
11778,3562,BB,2024-06-12,0,True
11779,3562,BZ,2024-06-15,0,True
11780,3562,BV,2024-06-28,0,True
11781,3562,D,2024-07-05,1,False
11782,3563,P,2024-06-27,0,True
11783,3563,BV,2024-07-02,1,True
11785,3564,P,2024-06-23,0,True
11786,3564,AS,2024-06-27,0,True
11787,3564,D,2024-07-01,1,False
11788,3565,P,2024-06-19,0,True
11789,3565,AS,2024-06-22,0,True
11790,3565,BR,2024-07-01,1,False
11791,3566,P,2024-06-20,0,True
11792,3566,BA,2024-06-24,0,True
11793,3566,AS,2024-06-28,1,True
11795,3567,P,2024-06-11,0,True
11796,3567,AS,2024-06-15,0,True
11797,3567,D,2024-06-27,1,False
11798,3568,P,2024-07-01,0,True
11799,3568,AS,2024-07-02,1,True
11801,3569,P,2024-06-06,0,True
11802,3569,BV,2024-06-10,0,True
11803,3569,BR,2024-06-27,1,False
11804,3570,P,2024-06-18,0,True
11805,3570,BB,2024-06-20,1,True
11808,3571,P,2024-06-25,0,True
11809,3571,AS,2024-06-30,1,True
11811,3572,P,2024-06-21,0,True
11812,3572,AS,2024-06-24,1,True
11814,3573,P,2024-06-27,0,True
11815,3573,AS,2024-07-01,0,True
11816,3573,D,2024-07-05,1,False
11817,3574,P,2024-06-14,0,True
11818,3574,AS,2024-06-20,0,True
11819,3574,D,2024-06-27,1,False
11820,3575,P,2024-06-11,0,True
11821,3575,AS,2024-06-15,0,True
11822,3575,D,2024-06-25,1,False
11823,3576,P,2024-06-09,0,True
11824,3576,AS,2024-06-13,0,True
11825,3576,D,2024-06-23,1,False
11826,3577,P,2024-07-04,0,True
11827,3577,AS,2024-07-05,1,True
11829,3578,P,2024-06-13,0,True
11830,3578,AS,2024-06-19,0,True
11831,3578,D,2024-06-23,1,False
11832,3579,P,2024-07-03,1,True
11835,3580,P,2024-06-05,0,True
11836,3580,BA,2024-06-12,0,True
11837,3580,AS,2024-06-15,0,True
11838,3580,D,2024-06-17,1,False
11839,3581,P,2024-06-19,0,True
11840,3581,BB,2024-06-26,0,True
11841,3581,BA,2024-07-03,0,True
11842,3581,AS,2024-07-05,1,True
11844,3582,P,2024-06-17,0,True
11845,3582,AS,2024-06-18,0,True
11846,3582,D,2024-06-26,1,False
11847,3583,P,2024-06-15,0,True
11848,3583,AS,2024-06-20,0,True
11849,3583,D,2024-06-28,1,False
11850,3584,P,2024-06-22,0,True
11851,3584,BR,2024-06-24,1,False
11852,3585,P,2024-06-26,0,True
11853,3585,BR,2024-06-27,1,False
11854,3586,P,2024-06-07,0,True
11855,3586,BR,2024-06-12,1,False
11856,3587,P,2024-06-05,0,True
11857,3587,AS,2024-06-11,0,True
11858,3587,D,2024-06-17,1,False
11859,3588,P,2024-06-15,0,True
11860,3588,AS,2024-06-19,0,True
11861,3588,D,2024-06-29,1,False
11862,3589,P,2024-06-18,0,True
11863,3589,BZ,2024-06-20,1,True
11866,3590,P,2024-06-18,0,True
11867,3590,BA,2024-06-20,0,True
11868,3590,AS,2024-06-23,0,True
11869,3590,D,2024-07-04,1,False
11870,3591,P,2024-07-02,1,True
11874,3592,P,2024-06-18,0,True
11875,3592,AS,2024-06-23,0,True
11876,3592,D,2024-06-26,1,False
11877,3593,P,2024-06-21,0,True
11878,3593,BA,2024-06-27,0,True
11879,3593,D,2024-07-01,1,False
11880,3594,P,2024-06-24,0,True
11881,3594,AS,2024-06-28,0,True
11882,3594,D,2024-07-03,1,False
11883,3595,P,2024-07-03,1,True
11887,3596,P,2024-07-01,0,True
11888,3596,AS,2024-07-05,1,True
11890,3597,P,2024-06-16,0,True
11891,3597,AS,2024-06-21,0,True
11892,3597,D,2024-06-27,1,False
11893,3598,P,2024-06-16,0,True
11894,3598,BA,2024-06-17,0,True
11895,3598,AS,2024-06-20,0,True
11896,3598,D,2024-06-22,1,False
11897,3599,P,2024-06-08,0,True
11898,3599,AS,2024-06-09,0,True
11899,3599,D,2024-06-14,1,False
11900,3600,P,2024-06-21,0,True
11901,3600,BB,2024-06-26,1,True
11905,3601,P,2024-06-11,0,True
11906,3601,AS,2024-06-15,0,True
11907,3601,D,2024-06-20,1,False
11908,3602,P,2024-06-27,0,True
11909,3602,AS,2024-06-29,1,True
11911,3603,P,2024-06-18,0,True
11912,3603,BD,2024-06-21,0,True
11913,3603,BZ,2024-06-29,1,True
11917,3604,P,2024-06-18,0,True
11918,3604,AS,2024-06-21,0,True
11919,3604,D,2024-06-25,1,False
11920,3605,P,2024-06-10,0,True
11921,3605,AS,2024-06-14,0,True
11922,3605,D,2024-06-22,1,False
11923,3606,P,2024-06-05,0,True
11924,3606,AS,2024-06-08,0,True
11925,3606,D,2024-06-16,1,False
11926,3607,P,2024-06-12,0,True
11927,3607,AS,2024-06-16,0,True
11928,3607,D,2024-06-19,1,False
11929,3608,P,2024-06-09,0,True
11930,3608,AS,2024-06-13,0,True
11931,3608,D,2024-06-22,1,False
11932,3609,P,2024-06-09,0,True
11933,3609,BA,2024-06-14,0,True
11934,3609,AS,2024-06-16,0,True
11935,3609,D,2024-06-23,1,False
11936,3610,P,2024-06-14,0,True
11937,3610,AS,2024-06-17,0,True
11938,3610,D,2024-06-25,1,False
11939,3611,P,2024-07-01,1,True
11942,3612,P,2024-06-25,0,True
11943,3612,AS,2024-06-28,1,True
11945,3613,P,2024-06-18,0,True
11946,3613,BA,2024-06-24,0,True
11947,3613,AS,2024-06-27,1,True
11949,3614,P,2024-06-23,0,True
11950,3614,AS,2024-06-26,0,True
11951,3614,D,2024-06-28,1,False
11952,3615,P,2024-06-11,0,True
11953,3615,AS,2024-06-14,0,True
11954,3615,D,2024-06-24,1,False
11955,3616,P,2024-07-03,1,True
11959,3617,P,2024-06-07,0,True
11960,3617,AS,2024-06-12,0,True
11961,3617,BR,2024-06-19,1,False
11962,3618,P,2024-06-17,0,True
11963,3618,AS,2024-06-18,0,True
11964,3618,D,2024-06-25,1,False
11965,3619,P,2024-07-01,0,True
11966,3619,AS,2024-07-04,1,True
11968,3620,P,2024-06-14,0,True
11969,3620,AS,2024-06-20,0,True
11970,3620,D,2024-06-29,1,False
11971,3621,P,2024-06-30,0,True
11972,3621,BB,2024-07-04,1,True
11975,3622,P,2024-06-21,0,True
11976,3622,BA,2024-06-23,0,True
11977,3622,AS,2024-06-25,1,True
11979,3623,P,2024-07-02,0,True
11980,3623,AS,2024-07-03,1,True
11982,3624,P,2024-07-01,0,True
11983,3624,AS,2024-07-04,1,True
11985,3625,P,2024-06-10,0,True
11986,3625,BA,2024-06-14,0,True
11987,3625,D,2024-06-16,1,False
11988,3626,P,2024-06-06,0,True
11989,3626,BA,2024-06-12,0,True
11990,3626,D,2024-06-13,1,False
11991,3627,P,2024-07-01,0,True
11992,3627,AS,2024-07-05,1,True
11994,3628,P,2024-06-15,0,True
11995,3628,BA,2024-06-18,0,True
11996,3628,AS,2024-06-21,0,True
11997,3628,D,2024-07-03,1,False
11998,3629,P,2024-06-17,0,True
11999,3629,AS,2024-06-22,0,True
12000,3629,D,2024-07-03,1,False
12001,3630,P,2024-06-22,0,True
12002,3630,BA,2024-06-25,0,True
12003,3630,AS,2024-06-26,1,True
12005,3631,P,2024-06-17,0,True
12006,3631,BV,2024-06-20,0,True
12007,3631,AS,2024-07-01,1,True
12009,3632,P,2024-06-11,0,True
12010,3632,AS,2024-06-14,0,True
12011,3632,D,2024-06-27,1,False
12012,3633,P,2024-06-11,0,True
12013,3633,AS,2024-06-18,0,True
12014,3633,D,2024-07-02,1,False
12015,3634,P,2024-06-06,0,True
12016,3634,AS,2024-06-10,0,True
12017,3634,D,2024-06-18,1,False
12018,3635,P,2024-06-23,0,True
12019,3635,AS,2024-06-26,0,True
12020,3635,D,2024-06-28,1,False
12021,3636,P,2024-06-06,0,True
12022,3636,AS,2024-06-10,0,True
12023,3636,D,2024-06-18,1,False
12024,3637,P,2024-06-24,0,True
12025,3637,AS,2024-06-28,0,True
12026,3637,D,2024-07-03,1,False
12027,3638,P,2024-06-06,0,True
12028,3638,BA,2024-06-10,0,True
12029,3638,AS,2024-06-14,0,True
12030,3638,BR,2024-06-18,1,False
12031,3639,P,2024-06-29,0,True
12032,3639,AS,2024-07-03,1,True
12034,3640,P,2024-06-17,0,True
12035,3640,BA,2024-06-19,0,True
12036,3640,AS,2024-06-21,0,True
12037,3640,D,2024-07-01,1,False
12038,3641,P,2024-06-07,0,True
12039,3641,BZ,2024-06-09,0,True
12040,3641,D,2024-06-11,1,False
12041,3642,P,2024-06-21,0,True
12042,3642,BV,2024-06-23,1,True
12044,3643,P,2024-06-22,0,True
12045,3643,BA,2024-06-25,0,True
12046,3643,D,2024-06-27,1,False
12047,3644,P,2024-06-25,0,True
12048,3644,AS,2024-06-29,1,True
12050,3645,P,2024-06-14,0,True
12051,3645,AS,2024-06-20,0,True
12052,3645,D,2024-06-23,1,False
12053,3646,P,2024-06-26,0,True
12054,3646,BA,2024-07-01,0,True
12055,3646,AS,2024-07-05,1,True
12057,3647,P,2024-06-05,0,True
12058,3647,AS,2024-06-10,0,True
12059,3647,D,2024-06-16,1,False
12060,3648,P,2024-06-19,0,True
12061,3648,BD,2024-06-26,0,True
12062,3648,BB,2024-07-04,1,True
12066,3649,P,2024-06-19,0,True
12067,3649,AS,2024-06-20,0,True
12068,3649,D,2024-06-21,1,False
12069,3650,P,2024-06-26,0,True
12070,3650,AS,2024-06-28,1,True
12072,3651,P,2024-06-05,0,True
12073,3651,AS,2024-06-09,0,True
12074,3651,D,2024-06-19,1,False
12075,3652,P,2024-06-23,0,True
12076,3652,AS,2024-06-27,0,True
12077,3652,D,2024-07-01,1,False
12078,3653,P,2024-06-10,0,True
12079,3653,AS,2024-06-15,0,True
12080,3653,D,2024-06-20,1,False
12081,3654,P,2024-07-03,1,True
12084,3655,P,2024-06-15,0,True
12085,3655,BB,2024-06-19,0,True
12086,3655,AS,2024-07-02,1,True
12088,3656,P,2024-06-05,0,True
12089,3656,AS,2024-06-08,0,True
12090,3656,D,2024-06-16,1,False
12091,3657,P,2024-06-19,0,True
12092,3657,AS,2024-06-22,0,True
12093,3657,D,2024-06-30,1,False
12094,3658,P,2024-06-18,0,True
12095,3658,AS,2024-06-23,0,True
12096,3658,D,2024-06-28,1,False
12097,3659,P,2024-06-13,0,True
12098,3659,AS,2024-06-14,0,True
12099,3659,D,2024-06-21,1,False
12100,3660,P,2024-06-27,0,True
12101,3660,AS,2024-06-30,1,True
12103,3661,P,2024-06-13,0,True
12104,3661,AS,2024-06-17,0,True
12105,3661,D,2024-06-22,1,False
12106,3662,P,2024-06-17,0,True
12107,3662,BV,2024-06-20,0,True
12108,3662,D,2024-06-24,1,False
12109,3663,P,2024-06-05,0,True
12110,3663,BV,2024-06-08,0,True
12111,3663,AS,2024-06-16,0,True
12112,3663,D,2024-07-01,1,False
12113,3664,P,2024-06-23,0,True
12114,3664,AS,2024-06-29,0,True
12115,3664,D,2024-07-04,1,False
12116,3665,P,2024-06-05,0,True
12117,3665,AS,2024-06-09,0,True
12118,3665,D,2024-06-21,1,False
12119,3666,P,2024-06-25,0,True
12120,3666,BB,2024-06-28,1,True
12123,3667,P,2024-06-27,0,True
12124,3667,BA,2024-06-29,0,True
12125,3667,AS,2024-06-30,1,True
12127,3668,P,2024-06-23,0,True
12128,3668,AS,2024-06-28,0,True
12129,3668,D,2024-07-01,1,False
12130,3669,P,2024-06-10,0,True
12131,3669,AS,2024-06-16,0,True
12132,3669,D,2024-07-01,1,False
12133,3670,P,2024-06-28,0,True
12134,3670,BA,2024-07-01,0,True
12135,3670,AS,2024-07-03,1,True
12137,3671,P,2024-07-02,0,True
12138,3671,AS,2024-07-04,1,True
12140,3672,P,2024-06-23,0,True
12141,3672,AS,2024-06-26,0,True
12142,3672,D,2024-07-05,1,False
12143,3673,P,2024-06-16,0,True
12144,3673,BA,2024-06-20,0,True
12145,3673,AS,2024-06-22,0,True
12146,3673,BR,2024-06-24,1,False
12147,3674,P,2024-06-20,0,True
12148,3674,AS,2024-06-22,0,True
12149,3674,D,2024-06-26,1,False
12150,3675,P,2024-06-06,0,True
12151,3675,AS,2024-06-10,0,True
12152,3675,D,2024-06-23,1,False
12153,3676,P,2024-06-19,0,True
12154,3676,BA,2024-06-22,0,True
12155,3676,AS,2024-06-25,1,True
12157,3677,P,2024-07-04,1,True
12161,3678,P,2024-06-16,0,True
12162,3678,AS,2024-06-20,0,True
12163,3678,D,2024-06-27,1,False
12164,3679,P,2024-06-12,0,True
12165,3679,AS,2024-06-17,0,True
12166,3679,D,2024-06-30,1,False
12167,3680,P,2024-06-12,0,True
12168,3680,AS,2024-06-14,0,True
12169,3680,D,2024-06-23,1,False
12170,3681,P,2024-07-02,1,True
12173,3682,P,2024-06-09,0,True
12174,3682,BA,2024-06-11,0,True
12175,3682,AS,2024-06-14,0,True
12176,3682,D,2024-06-21,1,False
12177,3683,P,2024-06-06,0,True
12178,3683,AS,2024-06-10,0,True
12179,3683,D,2024-06-22,1,False
12180,3684,P,2024-06-18,0,True
12181,3684,AS,2024-06-21,0,True
12182,3684,D,2024-06-27,1,False
12183,3685,P,2024-06-07,0,True
12184,3685,BA,2024-06-12,0,True
12185,3685,AS,2024-06-15,0,True
12186,3685,D,2024-07-05,1,False
12187,3686,P,2024-06-07,0,True
12188,3686,BB,2024-06-11,0,True
12189,3686,BA,2024-06-24,0,True
12190,3686,AS,2024-06-25,0,True
12191,3686,D,2024-07-01,1,False
12192,3687,P,2024-06-23,0,True
12193,3687,BB,2024-06-26,1,True
12196,3688,P,2024-06-29,0,True
12197,3688,AS,2024-07-05,1,True
12199,3689,P,2024-06-08,0,True
12200,3689,BA,2024-06-11,0,True
12201,3689,AS,2024-06-14,0,True
12202,3689,D,2024-06-18,1,False
12203,3690,P,2024-06-13,0,True
12204,3690,AS,2024-06-17,0,True
12205,3690,D,2024-07-01,1,False
12206,3691,P,2024-06-15,0,True
12207,3691,BB,2024-06-18,1,True
12210,3692,P,2024-06-16,0,True
12211,3692,AS,2024-06-21,0,True
12212,3692,D,2024-07-03,1,False
12213,3693,P,2024-06-19,0,True
12214,3693,BZ,2024-06-24,1,True
12216,3694,P,2024-06-25,0,True
12217,3694,BA,2024-06-30,0,True
12218,3694,D,2024-07-02,1,False
12219,3695,P,2024-06-18,0,True
12220,3695,AS,2024-06-21,0,True
12221,3695,D,2024-06-27,1,False
12222,3696,P,2024-07-03,1,True
12225,3697,P,2024-06-18,0,True
12226,3697,AS,2024-06-22,1,True
12228,3698,P,2024-07-02,1,True
12231,3699,P,2024-06-13,0,True
12232,3699,BD,2024-06-16,0,True
12233,3699,BR,2024-06-25,1,False
12234,3700,P,2024-06-16,0,True
12235,3700,BR,2024-06-22,1,False
12236,3701,P,2024-06-12,0,True
12237,3701,AS,2024-06-15,0,True
12238,3701,D,2024-06-22,1,False
12239,3702,P,2024-06-09,0,True
12240,3702,BZ,2024-06-12,0,True
12241,3702,BV,2024-07-04,1,True
12244,3703,P,2024-06-15,0,True
12245,3703,BB,2024-06-17,1,True
12249,3704,P,2024-06-17,0,True
12250,3704,BA,2024-06-20,0,True
12251,3704,AS,2024-06-24,0,True
12252,3704,D,2024-07-02,1,False
12253,3705,P,2024-06-09,0,True
12254,3705,BB,2024-06-12,0,True
12255,3705,BA,2024-06-23,0,True
12256,3705,AS,2024-06-25,0,True
12257,3705,D,2024-07-02,1,False
12258,3706,P,2024-06-10,0,True
12259,3706,AS,2024-06-14,0,True
12260,3706,D,2024-06-20,1,False
12261,3707,P,2024-06-13,0,True
12262,3707,AS,2024-06-15,0,True
12263,3707,D,2024-06-28,1,False
12264,3708,P,2024-06-12,0,True
12265,3708,AS,2024-06-14,0,True
12266,3708,D,2024-06-27,1,False
12267,3709,P,2024-06-30,0,True
12268,3709,BA,2024-07-03,1,True
12270,3710,P,2024-06-18,0,True
12271,3710,BV,2024-06-22,0,True
12272,3710,D,2024-07-04,1,False
12273,3711,P,2024-07-03,0,True
12274,3711,BA,2024-07-05,1,True
12276,3712,P,2024-06-17,0,True
12277,3712,BA,2024-06-20,0,True
12278,3712,AS,2024-06-23,1,True
12280,3713,P,2024-07-03,1,True
12284,3714,P,2024-06-15,0,True
12285,3714,BB,2024-06-19,0,True
12286,3714,AS,2024-06-22,0,True
12287,3714,D,2024-06-26,1,False
12288,3715,P,2024-06-17,0,True
12289,3715,BA,2024-06-20,0,True
12290,3715,AS,2024-06-23,0,True
12291,3715,D,2024-07-02,1,False
12292,3716,P,2024-06-14,0,True
12293,3716,AS,2024-06-18,0,True
12294,3716,D,2024-06-21,1,False
12295,3717,P,2024-06-14,0,True
12296,3717,AS,2024-06-16,0,True
12297,3717,D,2024-07-02,1,False
12298,3718,P,2024-06-26,0,True
12299,3718,AS,2024-07-02,1,True
12301,3719,P,2024-07-03,0,True
12302,3719,AS,2024-07-05,1,True
12304,3720,P,2024-06-12,0,True
12305,3720,AS,2024-06-16,0,True
12306,3720,D,2024-07-02,1,False
12307,3721,P,2024-06-10,0,True
12308,3721,AS,2024-06-14,0,True
12309,3721,D,2024-06-20,1,False
12310,3722,P,2024-06-13,0,True
12311,3722,AS,2024-06-14,0,True
12312,3722,D,2024-06-30,1,False
12313,3723,P,2024-06-10,0,True
12314,3723,AS,2024-06-14,0,True
12315,3723,D,2024-06-23,1,False
12316,3724,P,2024-06-14,0,True
12317,3724,BA,2024-06-17,0,True
12318,3724,AS,2024-06-20,0,True
12319,3724,D,2024-06-26,1,False
12320,3725,P,2024-06-15,0,True
12321,3725,BA,2024-06-16,0,True
12322,3725,AS,2024-06-20,0,True
12323,3725,D,2024-06-25,1,False
12324,3726,P,2024-06-06,0,True
12325,3726,BA,2024-06-10,0,True
12326,3726,AS,2024-06-14,0,True
12327,3726,D,2024-06-29,1,False
12328,3727,P,2024-07-03,0,True
12329,3727,BB,2024-07-04,1,True
12332,3728,P,2024-06-30,1,True
12335,3729,P,2024-06-08,0,True
12336,3729,BB,2024-06-10,0,True
12337,3729,AS,2024-07-04,1,True
12339,3730,P,2024-06-12,0,True
12340,3730,BA,2024-06-16,0,True
12341,3730,AS,2024-06-20,0,True
12342,3730,D,2024-07-01,1,False
12343,3731,P,2024-07-01,0,True
12344,3731,BA,2024-07-05,1,True
12347,3732,P,2024-06-13,0,True
12348,3732,AS,2024-06-18,0,True
12349,3732,D,2024-06-28,1,False
12350,3733,P,2024-06-09,0,True
12351,3733,BB,2024-06-14,0,True
12352,3733,AS,2024-07-03,1,True
12354,3734,P,2024-06-06,0,True
12355,3734,AS,2024-06-07,0,True
12356,3734,D,2024-06-17,1,False
12357,3735,P,2024-06-16,0,True
12358,3735,BA,2024-06-19,0,True
12359,3735,AS,2024-06-21,0,True
12360,3735,D,2024-06-27,1,False
12361,3736,P,2024-06-24,0,True
12362,3736,BV,2024-06-27,1,True
12364,3737,P,2024-06-18,0,True
12365,3737,BA,2024-06-20,0,True
12366,3737,AS,2024-06-23,0,True
12367,3737,D,2024-07-01,1,False
12368,3738,P,2024-06-23,0,True
12369,3738,BA,2024-06-26,0,True
12370,3738,AS,2024-06-27,1,True
12372,3739,P,2024-06-23,0,True
12373,3739,AS,2024-06-26,1,True
12375,3740,P,2024-07-01,1,True
12377,3741,P,2024-06-25,0,True
12378,3741,BZ,2024-06-29,1,True
12381,3742,P,2024-06-19,0,True
12382,3742,AS,2024-06-21,0,True
12383,3742,D,2024-06-28,1,False
12384,3743,P,2024-06-11,0,True
12385,3743,BR,2024-06-16,1,False
12386,3744,P,2024-06-10,0,True
12387,3744,BB,2024-06-14,0,True
12388,3744,AS,2024-06-27,0,True
12389,3744,D,2024-07-05,1,False
12390,3745,P,2024-06-08,0,True
12391,3745,AS,2024-06-11,0,True
12392,3745,D,2024-06-25,1,False
12393,3746,P,2024-06-17,0,True
12394,3746,BZ,2024-06-20,0,True
12395,3746,BV,2024-07-01,1,True
12398,3747,P,2024-06-15,0,True
12399,3747,AS,2024-06-20,0,True
12400,3747,D,2024-07-05,1,False
12401,3748,P,2024-06-28,0,True
12402,3748,AS,2024-07-01,1,True
12404,3749,P,2024-06-25,0,True
12405,3749,AS,2024-06-28,0,True
12406,3749,D,2024-07-05,1,False
12407,3750,P,2024-06-15,0,True
12408,3750,AS,2024-06-22,0,True
12409,3750,D,2024-06-28,1,False
12410,3751,P,2024-06-07,0,True
12411,3751,AS,2024-06-10,0,True
12412,3751,D,2024-06-19,1,False
12413,3752,P,2024-06-18,0,True
12414,3752,BV,2024-06-24,0,True
12415,3752,D,2024-07-01,1,False
12416,3753,P,2024-06-22,0,True
12417,3753,BA,2024-06-25,0,True
12418,3753,D,2024-06-29,1,False
12419,3754,P,2024-06-06,0,True
12420,3754,AS,2024-06-10,0,True
12421,3754,D,2024-06-22,1,False
12422,3755,P,2024-06-28,0,True
12423,3755,AS,2024-07-01,1,True
12425,3756,P,2024-07-01,0,True
12426,3756,AS,2024-07-03,1,True
12428,3757,P,2024-06-19,0,True
12429,3757,AS,2024-06-24,0,True
12430,3757,D,2024-07-03,1,False
12431,3758,P,2024-06-05,0,True
12432,3758,BA,2024-06-09,0,True
12433,3758,AS,2024-06-12,0,True
12434,3758,D,2024-06-15,1,False
12435,3759,P,2024-06-18,0,True
12436,3759,BA,2024-06-20,0,True
12437,3759,AS,2024-06-23,0,True
12438,3759,D,2024-06-29,1,False
12439,3760,P,2024-06-24,0,True
12440,3760,AS,2024-06-28,1,True
12442,3761,P,2024-06-23,0,True
12443,3761,BZ,2024-06-29,1,True
12447,3762,P,2024-06-21,0,True
12448,3762,AS,2024-06-24,0,True
12449,3762,D,2024-07-04,1,False
12450,3763,P,2024-07-04,0,True
12451,3763,BA,2024-07-05,1,True
12454,3764,P,2024-06-12,0,True
12455,3764,AS,2024-06-14,0,True
12456,3764,D,2024-06-28,1,False
12457,3765,P,2024-06-23,0,True
12458,3765,BA,2024-06-26,0,True
12459,3765,AS,2024-06-28,0,True
12460,3765,D,2024-07-01,1,False
12461,3766,P,2024-06-11,0,True
12462,3766,BB,2024-06-14,1,True
12466,3767,P,2024-06-23,0,True
12467,3767,AS,2024-06-28,0,True
12468,3767,D,2024-07-05,1,False
12469,3768,P,2024-06-26,0,True
12470,3768,AS,2024-07-01,1,True
12472,3769,P,2024-06-14,0,True
12473,3769,BR,2024-06-16,1,False
12474,3770,P,2024-06-06,0,True
12475,3770,BB,2024-06-09,0,True
12476,3770,AS,2024-06-28,0,True
12477,3770,D,2024-07-01,1,False
12478,3771,P,2024-06-07,0,True
12479,3771,BR,2024-06-11,1,False
12480,3772,P,2024-07-04,1,True
12483,3773,P,2024-06-06,0,True
12484,3773,AS,2024-06-10,0,True
12485,3773,D,2024-06-26,1,False
12486,3774,P,2024-07-01,1,True
12491,3775,P,2024-06-05,0,True
12492,3775,AS,2024-06-07,0,True
12493,3775,D,2024-06-22,1,False
12494,3776,P,2024-06-10,0,True
12495,3776,AS,2024-06-14,0,True
12496,3776,D,2024-06-23,1,False
12497,3777,P,2024-06-14,0,True
12498,3777,BZ,2024-06-18,0,True
12499,3777,BV,2024-06-30,1,True
12502,3778,P,2024-06-14,0,True
12503,3778,AS,2024-06-18,0,True
12504,3778,D,2024-06-25,1,False
12505,3779,P,2024-06-08,0,True
12506,3779,BZ,2024-06-12,0,True
12507,3779,BV,2024-06-16,0,True
12508,3779,AS,2024-06-27,0,True
12509,3779,D,2024-07-04,1,False
12510,3780,P,2024-06-09,0,True
12511,3780,AS,2024-06-14,0,True
12512,3780,D,2024-06-19,1,False
12513,3781,P,2024-07-04,1,True
12516,3782,P,2024-06-13,0,True
12517,3782,AS,2024-06-18,0,True
12518,3782,D,2024-06-24,1,False
12519,3783,P,2024-06-12,0,True
12520,3783,BB,2024-06-14,0,True
12521,3783,AS,2024-06-17,0,True
12522,3783,BR,2024-06-18,1,False
12523,3784,P,2024-06-17,0,True
12524,3784,AS,2024-06-23,0,True
12525,3784,D,2024-06-24,1,False
12526,3785,P,2024-06-07,0,True
12527,3785,BZ,2024-06-09,0,True
12528,3785,D,2024-06-25,1,False
12529,3786,P,2024-06-27,0,True
12530,3786,AS,2024-07-02,1,True
12532,3787,P,2024-06-14,0,True
12533,3787,AS,2024-06-17,0,True
12534,3787,D,2024-06-25,1,False
12535,3788,P,2024-06-17,0,True
12536,3788,AS,2024-06-20,0,True
12537,3788,D,2024-06-21,1,False
12538,3789,P,2024-06-11,0,True
12539,3789,AS,2024-06-15,0,True
12540,3789,D,2024-06-27,1,False
12541,3790,P,2024-06-10,0,True
12542,3790,BA,2024-06-14,0,True
12543,3790,AS,2024-06-17,0,True
12544,3790,D,2024-06-29,1,False
12545,3791,P,2024-06-26,0,True
12546,3791,BA,2024-07-01,0,True
12547,3791,D,2024-07-05,1,False
12548,3792,P,2024-06-26,0,True
12549,3792,BA,2024-07-01,0,True
12550,3792,AS,2024-07-05,1,True
12552,3793,P,2024-06-08,0,True
12553,3793,AS,2024-06-14,0,True
12554,3793,D,2024-06-29,1,False
12555,3794,P,2024-06-11,0,True
12556,3794,BR,2024-06-14,1,False
12557,3795,P,2024-06-20,0,True
12558,3795,AS,2024-06-24,0,True
12559,3795,D,2024-07-02,1,False
12560,3796,P,2024-06-26,0,True
12561,3796,AS,2024-06-30,1,True
12563,3797,P,2024-06-20,0,True
12564,3797,BR,2024-06-24,1,False
12565,3798,P,2024-06-10,0,True
12566,3798,AS,2024-06-14,0,True
12567,3798,D,2024-06-19,1,False
12568,3799,P,2024-06-06,0,True
12569,3799,AS,2024-06-10,0,True
12570,3799,D,2024-06-26,1,False
12571,3800,P,2024-06-10,0,True
12572,3800,BA,2024-06-14,0,True
12573,3800,AS,2024-06-16,0,True
12574,3800,D,2024-06-24,1,False
12575,3801,P,2024-06-27,0,True
12576,3801,AS,2024-06-30,1,True
12578,3802,P,2024-06-26,0,True
12579,3802,AS,2024-07-02,1,True
12581,3803,P,2024-06-11,0,True
12582,3803,AS,2024-06-16,0,True
12583,3803,D,2024-06-25,1,False
12584,3804,P,2024-07-03,0,True
12585,3804,AS,2024-07-05,1,True
12587,3805,P,2024-06-22,0,True
12588,3805,BB,2024-06-23,1,True
12591,3806,P,2024-06-07,0,True
12592,3806,AS,2024-06-11,0,True
12593,3806,D,2024-06-17,1,False
12594,3807,P,2024-06-07,0,True
12595,3807,AS,2024-06-11,0,True
12596,3807,D,2024-06-21,1,False
12597,3808,P,2024-06-26,0,True
12598,3808,BA,2024-06-29,0,True
12599,3808,AS,2024-07-03,1,True
12601,3809,P,2024-06-07,0,True
12602,3809,BB,2024-06-10,0,True
12603,3809,BA,2024-06-14,0,True
12604,3809,D,2024-06-17,1,False
12605,3810,P,2024-06-29,0,True
12606,3810,BZ,2024-07-01,1,True
12609,3811,P,2024-06-23,0,True
12610,3811,AS,2024-06-27,1,True
12612,3812,P,2024-06-07,0,True
12613,3812,AS,2024-06-10,0,True
12614,3812,D,2024-06-17,1,False
12615,3813,P,2024-06-20,0,True
12616,3813,BB,2024-06-23,1,True
12620,3814,P,2024-06-08,0,True
12621,3814,AS,2024-06-10,0,True
12622,3814,D,2024-06-16,1,False
12623,3815,P,2024-06-08,0,True
12624,3815,BR,2024-06-10,1,False
12625,3816,P,2024-06-29,1,True
12628,3817,P,2024-06-14,0,True
12629,3817,BV,2024-06-15,0,True
12630,3817,AS,2024-06-22,0,True
12631,3817,D,2024-07-01,1,False
12632,3818,P,2024-06-28,0,True
12633,3818,BV,2024-07-02,1,True
12636,3819,P,2024-07-04,1,True
12640,3820,P,2024-06-10,0,True
12641,3820,AS,2024-06-11,0,True
12642,3820,D,2024-06-25,1,False
12643,3821,P,2024-06-29,0,True
12644,3821,BA,2024-07-03,0,True
12645,3821,AS,2024-07-05,1,True
12647,3822,P,2024-06-15,0,True
12648,3822,BR,2024-06-17,1,False
12649,3823,P,2024-06-28,0,True
12650,3823,BR,2024-07-02,1,False
12651,3824,P,2024-06-26,0,True
12652,3824,AS,2024-07-01,0,True
12653,3824,D,2024-07-03,1,False
12654,3825,P,2024-06-20,0,True
12655,3825,AS,2024-06-25,1,True
12657,3826,P,2024-06-26,0,True
12658,3826,AS,2024-07-01,1,True
12660,3827,P,2024-06-08,0,True
12661,3827,BA,2024-06-09,0,True
12662,3827,AS,2024-06-13,0,True
12663,3827,D,2024-06-22,1,False
12664,3828,P,2024-06-07,0,True
12665,3828,AS,2024-06-11,0,True
12666,3828,D,2024-06-27,1,False
12667,3829,P,2024-06-15,0,True
12668,3829,AS,2024-06-18,0,True
12669,3829,D,2024-06-24,1,False
12670,3830,P,2024-06-20,0,True
12671,3830,AS,2024-06-23,0,True
12672,3830,D,2024-07-05,1,False
12673,3831,P,2024-06-18,0,True
12674,3831,AS,2024-06-21,0,True
12675,3831,D,2024-06-26,1,False
12676,3832,P,2024-06-07,0,True
12677,3832,BA,2024-06-12,0,True
12678,3832,AS,2024-06-15,0,True
12679,3832,D,2024-06-24,1,False
12680,3833,P,2024-06-19,0,True
12681,3833,BB,2024-06-23,0,True
12682,3833,AS,2024-06-30,1,True
12684,3834,P,2024-06-23,0,True
12685,3834,AS,2024-06-26,0,True
12686,3834,D,2024-07-04,1,False
12687,3835,P,2024-06-15,0,True
12688,3835,BA,2024-06-20,0,True
12689,3835,AS,2024-06-22,0,True
12690,3835,D,2024-06-26,1,False
12691,3836,P,2024-06-11,0,True
12692,3836,AS,2024-06-16,0,True
12693,3836,D,2024-06-29,1,False
12694,3837,P,2024-06-09,0,True
12695,3837,BA,2024-06-14,0,True
12696,3837,AS,2024-06-16,0,True
12697,3837,D,2024-07-01,1,False
12698,3838,P,2024-06-09,0,True
12699,3838,BA,2024-06-11,0,True
12700,3838,AS,2024-06-15,0,True
12701,3838,D,2024-06-30,1,False
12702,3839,P,2024-06-19,0,True
12703,3839,AS,2024-06-23,0,True
12704,3839,D,2024-07-04,1,False
12705,3840,P,2024-06-12,0,True
12706,3840,AS,2024-06-14,0,True
12707,3840,D,2024-06-17,1,False
12708,3841,P,2024-06-05,0,True
12709,3841,AS,2024-06-09,0,True
12710,3841,D,2024-06-22,1,False
12711,3842,P,2024-06-23,0,True
12712,3842,AS,2024-06-29,1,True
12714,3843,P,2024-06-30,0,True
12715,3843,BB,2024-07-03,1,True
12717,3844,P,2024-06-13,0,True
12718,3844,BA,2024-06-16,0,True
12719,3844,AS,2024-06-19,0,True
12720,3844,D,2024-06-28,1,False
12721,3845,P,2024-06-20,0,True
12722,3845,AS,2024-06-24,0,True
12723,3845,D,2024-06-30,1,False
12724,3846,P,2024-06-19,0,True
12725,3846,BB,2024-06-23,0,True
12726,3846,AS,2024-07-05,1,True
12728,3847,P,2024-07-02,1,True
12731,3848,P,2024-06-27,0,True
12732,3848,BB,2024-06-30,1,True
12735,3849,P,2024-06-27,0,True
12736,3849,AS,2024-07-01,1,True
12738,3850,P,2024-06-28,0,True
12739,3850,AS,2024-07-02,1,True
12741,3851,P,2024-06-11,0,True
12742,3851,BB,2024-06-12,0,True
12743,3851,AS,2024-07-01,1,True
12745,3852,P,2024-06-07,0,True
12746,3852,AS,2024-06-11,0,True
12747,3852,BR,2024-06-18,1,False
12748,3853,P,2024-06-13,0,True
12749,3853,AS,2024-06-18,0,True
12750,3853,D,2024-06-25,1,False
12751,3854,P,2024-06-26,0,True
12752,3854,AS,2024-07-02,0,True
12753,3854,D,2024-07-03,1,False
12754,3855,P,2024-06-18,0,True
12755,3855,BA,2024-06-21,0,True
12756,3855,AS,2024-06-24,0,True
12757,3855,D,2024-06-29,1,False
12758,3856,P,2024-06-21,0,True
12759,3856,BA,2024-06-24,0,True
12760,3856,AS,2024-06-27,0,True
12761,3856,D,2024-06-29,1,False
12762,3857,P,2024-06-05,0,True
12763,3857,AS,2024-06-06,0,True
12764,3857,D,2024-06-14,1,False
12765,3858,P,2024-06-28,0,True
12766,3858,AS,2024-07-02,1,True
12768,3859,P,2024-06-06,0,True
12769,3859,AS,2024-06-09,0,True
12770,3859,D,2024-06-14,1,False
12771,3860,P,2024-06-14,0,True
12772,3860,AS,2024-06-19,0,True
12773,3860,D,2024-07-05,1,False
12774,3861,P,2024-06-23,0,True
12775,3861,AS,2024-06-29,0,True
12776,3861,D,2024-07-04,1,False
12777,3862,P,2024-06-20,0,True
12778,3862,AS,2024-06-24,1,True
12780,3863,P,2024-06-27,0,True
12781,3863,AS,2024-06-28,1,True
12783,3864,P,2024-06-13,0,True
12784,3864,AS,2024-06-15,0,True
12785,3864,D,2024-06-23,1,False
12786,3865,P,2024-06-05,0,True
12787,3865,BR,2024-06-09,1,False
12788,3866,P,2024-06-25,0,True
12789,3866,BD,2024-06-27,0,True
12790,3866,BZ,2024-07-03,1,True
12793,3867,P,2024-06-26,0,True
12794,3867,BB,2024-06-29,1,True
12797,3868,P,2024-06-24,0,True
12798,3868,BA,2024-06-27,0,True
12799,3868,D,2024-07-01,1,False
12800,3869,P,2024-06-11,0,True
12801,3869,AS,2024-06-16,0,True
12802,3869,D,2024-06-23,1,False
12803,3870,P,2024-06-07,0,True
12804,3870,AS,2024-06-11,0,True
12805,3870,D,2024-06-21,1,False
12806,3871,P,2024-06-14,0,True
12807,3871,AS,2024-06-16,0,True
12808,3871,D,2024-06-24,1,False
12809,3872,P,2024-06-16,0,True
12810,3872,AS,2024-06-18,0,True
12811,3872,D,2024-06-26,1,False
12812,3873,P,2024-06-09,0,True
12813,3873,BZ,2024-06-11,0,True
12814,3873,BV,2024-07-02,1,True
12816,3874,P,2024-06-20,0,True
12817,3874,AS,2024-06-24,1,True
12819,3875,P,2024-06-29,0,True
12820,3875,AS,2024-07-03,1,True
12822,3876,P,2024-06-25,0,True
12823,3876,BD,2024-06-30,0,True
12824,3876,BZ,2024-07-05,1,True
12826,3877,P,2024-06-15,0,True
12827,3877,AS,2024-06-17,0,True
12828,3877,D,2024-06-26,1,False
12829,3878,P,2024-06-14,0,True
12830,3878,AS,2024-06-19,0,True
12831,3878,D,2024-07-02,1,False
12832,3879,P,2024-06-06,0,True
12833,3879,AS,2024-06-08,0,True
12834,3879,D,2024-06-14,1,False
12835,3880,P,2024-06-21,0,True
12836,3880,AS,2024-06-25,0,True
12837,3880,D,2024-07-02,1,False
12838,3881,P,2024-06-28,0,True
12839,3881,AS,2024-07-02,1,True
12841,3882,P,2024-07-03,0,True
12842,3882,AS,2024-07-04,1,True
12844,3883,P,2024-06-19,0,True
12845,3883,AS,2024-06-21,0,True
12846,3883,D,2024-06-24,1,False
12847,3884,P,2024-06-05,0,True
12848,3884,BA,2024-06-11,0,True
12849,3884,AS,2024-06-14,0,True
12850,3884,D,2024-06-20,1,False
12851,3885,P,2024-06-14,0,True
12852,3885,BZ,2024-06-17,0,True
12853,3885,D,2024-06-25,1,False
12854,3886,P,2024-06-12,0,True
12855,3886,AS,2024-06-17,0,True
12856,3886,D,2024-06-22,1,False
12857,3887,P,2024-06-28,0,True
12858,3887,BB,2024-07-01,1,True
12861,3888,P,2024-06-29,0,True
12862,3888,BB,2024-07-03,1,True
12865,3889,P,2024-07-02,1,True
12869,3890,P,2024-06-16,0,True
12870,3890,AS,2024-06-18,0,True
12871,3890,D,2024-06-29,1,False
12872,3891,P,2024-06-24,0,True
12873,3891,AS,2024-06-27,1,True
12875,3892,P,2024-06-12,0,True
12876,3892,AS,2024-06-18,0,True
12877,3892,D,2024-06-23,1,False
12878,3893,P,2024-06-09,0,True
12879,3893,BA,2024-06-14,0,True
12880,3893,AS,2024-06-18,0,True
12881,3893,D,2024-06-21,1,False
12882,3894,P,2024-06-25,0,True
12883,3894,BV,2024-06-27,1,True
12885,3895,P,2024-06-06,0,True
12886,3895,AS,2024-06-08,0,True
12887,3895,D,2024-06-16,1,False
12888,3896,P,2024-06-15,0,True
12889,3896,BB,2024-06-18,1,True
12892,3897,P,2024-06-19,0,True
12893,3897,AS,2024-06-24,1,True
12895,3898,P,2024-06-05,0,True
12896,3898,BA,2024-06-06,0,True
12897,3898,BR,2024-06-09,1,False
12898,3899,P,2024-06-24,0,True
12899,3899,BV,2024-06-29,1,True
12901,3900,P,2024-07-04,1,True
12905,3901,P,2024-06-15,0,True
12906,3901,AS,2024-06-19,0,True
12907,3901,D,2024-07-05,1,False
12908,3902,P,2024-06-28,0,True
12909,3902,AS,2024-07-02,0,True
12910,3902,D,2024-07-04,1,False
12911,3903,P,2024-06-16,0,True
12912,3903,BA,2024-06-18,0,True
12913,3903,AS,2024-06-21,0,True
12914,3903,D,2024-07-04,1,False
12915,3904,P,2024-06-17,0,True
12916,3904,AS,2024-06-19,0,True
12917,3904,D,2024-06-22,1,False
12918,3905,P,2024-06-20,0,True
12919,3905,AS,2024-06-24,1,True
12921,3906,P,2024-07-02,0,True
12922,3906,AS,2024-07-05,1,True
12924,3907,P,2024-06-17,0,True
12925,3907,BB,2024-06-18,0,True
12926,3907,BZ,2024-07-04,0,True
12927,3907,BR,2024-07-05,1,False
12928,3908,P,2024-06-20,0,True
12929,3908,AS,2024-06-25,0,True
12930,3908,D,2024-06-30,1,False
12931,3909,P,2024-06-20,0,True
12932,3909,AS,2024-06-22,0,True
12933,3909,D,2024-07-02,1,False
12934,3910,P,2024-06-12,0,True
12935,3910,BA,2024-06-15,0,True
12936,3910,AS,2024-06-17,0,True
12937,3910,D,2024-06-20,1,False
12938,3911,P,2024-06-30,0,True
12939,3911,AS,2024-07-04,0,True
12940,3911,D,2024-07-05,1,False
12941,3912,P,2024-06-14,0,True
12942,3912,BB,2024-06-17,0,True
12943,3912,AS,2024-06-25,1,True
12945,3913,P,2024-07-04,1,True
12948,3914,P,2024-06-10,0,True
12949,3914,AS,2024-06-14,0,True
12950,3914,D,2024-06-16,1,False
12951,3915,P,2024-06-08,0,True
12952,3915,BV,2024-06-14,0,True
12953,3915,D,2024-06-16,1,False
12954,3916,P,2024-06-15,0,True
12955,3916,BA,2024-06-21,0,True
12956,3916,AS,2024-06-23,0,True
12957,3916,D,2024-06-29,1,False
12958,3917,P,2024-06-10,0,True
12959,3917,AS,2024-06-14,0,True
12960,3917,D,2024-06-28,1,False
12961,3918,P,2024-06-07,0,True
12962,3918,BB,2024-06-09,0,True
12963,3918,AS,2024-06-27,0,True
12964,3918,BR,2024-06-30,1,False
12965,3919,P,2024-06-10,0,True
12966,3919,AS,2024-06-15,0,True
12967,3919,D,2024-06-24,1,False
12968,3920,P,2024-07-02,0,True
12969,3920,BA,2024-07-05,1,True
12972,3921,P,2024-06-30,0,True
12973,3921,AS,2024-07-01,0,True
12974,3921,D,2024-07-05,1,False
12975,3922,P,2024-06-13,0,True
12976,3922,AS,2024-06-16,0,True
12977,3922,D,2024-06-21,1,False
12978,3923,P,2024-06-05,0,True
12979,3923,AS,2024-06-10,0,True
12980,3923,D,2024-06-24,1,False
12981,3924,P,2024-06-28,0,True
12982,3924,BA,2024-07-02,0,True
12983,3924,AS,2024-07-03,1,True
12985,3925,P,2024-06-07,0,True
12986,3925,AS,2024-06-08,0,True
12987,3925,D,2024-06-12,1,False
12988,3926,P,2024-06-09,0,True
12989,3926,BA,2024-06-12,0,True
12990,3926,D,2024-06-14,1,False
12991,3927,P,2024-06-18,0,True
12992,3927,AS,2024-06-23,1,True
12994,3928,P,2024-06-09,0,True
12995,3928,AS,2024-06-14,0,True
12996,3928,D,2024-06-23,1,False
12997,3929,P,2024-06-26,0,True
12998,3929,BA,2024-06-30,0,True
12999,3929,AS,2024-07-03,1,True
13001,3930,P,2024-07-02,1,True
13004,3931,P,2024-06-10,0,True
13005,3931,AS,2024-06-12,0,True
13006,3931,D,2024-06-21,1,False
13007,3932,P,2024-06-09,0,True
13008,3932,AS,2024-06-14,0,True
13009,3932,D,2024-06-17,1,False
13010,3933,P,2024-06-18,0,True
13011,3933,AS,2024-06-24,0,True
13012,3933,D,2024-07-02,1,False
13013,3934,P,2024-06-12,0,True
13014,3934,AS,2024-06-16,0,True
13015,3934,D,2024-06-17,1,False
13016,3935,P,2024-06-17,0,True
13017,3935,AS,2024-06-20,0,True
13018,3935,D,2024-06-26,1,False
13019,3936,P,2024-07-03,1,True
13022,3937,P,2024-06-07,0,True
13023,3937,AS,2024-06-09,0,True
13024,3937,D,2024-06-15,1,False
13025,3938,P,2024-06-07,0,True
13026,3938,AS,2024-06-10,0,True
13027,3938,D,2024-06-23,1,False
13028,3939,P,2024-06-17,0,True
13029,3939,AS,2024-06-21,0,True
13030,3939,D,2024-06-25,1,False
13031,3940,P,2024-06-12,0,True
13032,3940,AS,2024-06-16,0,True
13033,3940,D,2024-06-25,1,False
13034,3941,P,2024-06-08,0,True
13035,3941,AS,2024-06-14,0,True
13036,3941,D,2024-07-01,1,False
13037,3942,P,2024-06-19,0,True
13038,3942,BV,2024-06-21,0,True
13039,3942,D,2024-06-25,1,False
13040,3943,P,2024-06-21,0,True
13041,3943,BV,2024-06-27,1,True
13043,3944,P,2024-06-11,0,True
13044,3944,BR,2024-06-15,1,False
13045,3945,P,2024-07-03,1,True
13048,3946,P,2024-06-07,0,True
13049,3946,BA,2024-06-11,0,True
13050,3946,AS,2024-06-15,0,True
13051,3946,D,2024-06-28,1,False
13052,3947,P,2024-06-14,0,True
13053,3947,AS,2024-06-19,0,True
13054,3947,D,2024-06-25,1,False
13055,3948,P,2024-06-14,0,True
13056,3948,AS,2024-06-17,0,True
13057,3948,D,2024-06-18,1,False
13058,3949,P,2024-06-08,0,True
13059,3949,AS,2024-06-10,0,True
13060,3949,D,2024-06-22,1,False
13061,3950,P,2024-06-08,0,True
13062,3950,AS,2024-06-12,0,True
13063,3950,D,2024-06-21,1,False
13064,3951,P,2024-06-19,0,True
13065,3951,BD,2024-06-21,0,True
13066,3951,BA,2024-06-29,0,True
13067,3951,AS,2024-07-01,1,True
13069,3952,P,2024-06-16,0,True
13070,3952,AS,2024-06-21,0,True
13071,3952,D,2024-07-02,1,False
13072,3953,P,2024-07-04,1,True
13076,3954,P,2024-06-18,0,True
13077,3954,AS,2024-06-24,0,True
13078,3954,D,2024-06-28,1,False
13079,3955,P,2024-06-08,0,True
13080,3955,BV,2024-06-09,0,True
13081,3955,D,2024-06-20,1,False
13082,3956,P,2024-06-15,0,True
13083,3956,BA,2024-06-18,0,True
13084,3956,AS,2024-06-20,0,True
13085,3956,D,2024-06-25,1,False
13086,3957,P,2024-06-11,0,True
13087,3957,AS,2024-06-15,0,True
13088,3957,D,2024-06-29,1,False
13089,3958,P,2024-06-17,0,True
13090,3958,BA,2024-06-18,0,True
13091,3958,AS,2024-06-22,0,True
13092,3958,D,2024-06-28,1,False
13093,3959,P,2024-06-15,0,True
13094,3959,AS,2024-06-18,0,True
13095,3959,BR,2024-06-29,1,False
13096,3960,P,2024-07-03,1,True
13098,3961,P,2024-06-12,0,True
13099,3961,BA,2024-06-15,0,True
13100,3961,AS,2024-06-19,0,True
13101,3961,D,2024-07-03,1,False
13102,3962,P,2024-06-07,0,True
13103,3962,AS,2024-06-12,0,True
13104,3962,D,2024-06-20,1,False
13105,3963,P,2024-06-30,0,True
13106,3963,AS,2024-07-03,1,True
13108,3964,P,2024-07-02,0,True
13109,3964,AS,2024-07-05,1,True
13111,3965,P,2024-06-23,0,True
13112,3965,BA,2024-06-26,0,True
13113,3965,AS,2024-06-27,0,True
13114,3965,D,2024-07-04,1,False
13115,3966,P,2024-06-27,0,True
13116,3966,BA,2024-06-28,0,True
13117,3966,AS,2024-07-01,1,True
13119,3967,P,2024-06-27,0,True
13120,3967,AS,2024-06-28,1,True
13122,3968,P,2024-06-12,0,True
13123,3968,AS,2024-06-16,0,True
13124,3968,D,2024-06-20,1,False
13125,3969,P,2024-06-17,0,True
13126,3969,AS,2024-06-21,0,True
13127,3969,D,2024-07-02,1,False
13128,3970,P,2024-07-02,1,True
13131,3971,P,2024-06-12,0,True
13132,3971,AS,2024-06-13,0,True
13133,3971,D,2024-06-16,1,False
13134,3972,P,2024-06-07,0,True
13135,3972,AS,2024-06-11,0,True
13136,3972,D,2024-06-14,1,False
13137,3973,P,2024-06-24,0,True
13138,3973,BR,2024-06-26,1,False
13139,3974,P,2024-07-04,1,True
13143,3975,P,2024-06-11,0,True
13144,3975,AS,2024-06-12,0,True
13145,3975,D,2024-06-17,1,False
13146,3976,P,2024-06-14,0,True
13147,3976,AS,2024-06-15,0,True
13148,3976,BR,2024-06-30,1,False
13149,3977,P,2024-06-12,0,True
13150,3977,BR,2024-06-17,1,False
13151,3978,P,2024-06-05,0,True
13152,3978,BA,2024-06-08,0,True
13153,3978,AS,2024-06-10,0,True
13154,3978,D,2024-06-21,1,False
13155,3979,P,2024-07-01,0,True
13156,3979,AS,2024-07-02,1,True
13158,3980,P,2024-06-16,0,True
13159,3980,BA,2024-06-20,0,True
13160,3980,AS,2024-06-21,0,True
13161,3980,D,2024-06-30,1,False
13162,3981,P,2024-06-09,0,True
13163,3981,AS,2024-06-11,0,True
13164,3981,D,2024-06-18,1,False
13165,3982,P,2024-06-14,0,True
13166,3982,BZ,2024-06-20,1,True
13169,3983,P,2024-06-26,0,True
13170,3983,BR,2024-07-01,1,False
13171,3984,P,2024-07-01,0,True
13172,3984,AS,2024-07-05,1,True
13174,3985,P,2024-06-20,0,True
13175,3985,BA,2024-06-23,0,True
13176,3985,AS,2024-06-26,0,True
13177,3985,BR,2024-06-28,1,False
13178,3986,P,2024-06-21,0,True
13179,3986,BA,2024-06-25,0,True
13180,3986,AS,2024-06-29,1,True
13182,3987,P,2024-06-28,0,True
13183,3987,BA,2024-07-02,0,True
13184,3987,AS,2024-07-05,1,True
13186,3988,P,2024-06-10,0,True
13187,3988,BA,2024-06-13,0,True
13188,3988,D,2024-06-16,1,False
13189,3989,P,2024-06-18,0,True
13190,3989,BB,2024-06-20,1,True
13193,3990,P,2024-06-22,0,True
13194,3990,AS,2024-06-25,0,True
13195,3990,D,2024-06-27,1,False
13196,3991,P,2024-06-30,0,True
13197,3991,BD,2024-07-04,1,True
13201,3992,P,2024-07-03,0,True
13202,3992,AS,2024-07-05,1,True
13204,3993,P,2024-06-10,0,True
13205,3993,AS,2024-06-13,0,True
13206,3993,D,2024-06-18,1,False
13207,3994,P,2024-06-23,0,True
13208,3994,AS,2024-06-27,0,True
13209,3994,D,2024-07-03,1,False
13210,3995,P,2024-06-18,0,True
13211,3995,BA,2024-06-21,0,True
13212,3995,AS,2024-06-23,0,True
13213,3995,D,2024-06-27,1,False
13214,3996,P,2024-06-19,0,True
13215,3996,BA,2024-06-22,0,True
13216,3996,AS,2024-06-24,0,True
13217,3996,D,2024-07-04,1,False
13218,3997,P,2024-06-09,0,True
13219,3997,AS,2024-06-15,0,True
13220,3997,D,2024-06-27,1,False
13221,3998,P,2024-06-10,0,True
13222,3998,AS,2024-06-13,0,True
13223,3998,D,2024-06-22,1,False
13224,3999,P,2024-06-16,0,True
13225,3999,BV,2024-06-20,0,True
13226,3999,D,2024-06-29,1,False
13227,4000,P,2024-06-10,0,True
13228,4000,BV,2024-06-13,0,True
13229,4000,D,2024-06-16,1,False
13230,4001,P,2024-06-30,0,True
13231,4001,BB,2024-07-03,1,True
13235,4002,P,2024-06-09,0,True
13236,4002,BR,2024-06-15,1,False
13237,4003,P,2024-06-17,0,True
13238,4003,AS,2024-06-21,0,True
13239,4003,D,2024-06-28,1,False
13240,4004,P,2024-06-17,0,True
13241,4004,AS,2024-06-20,0,True
13242,4004,D,2024-06-30,1,False
13243,4005,P,2024-07-03,1,True
13247,4006,P,2024-07-02,0,True
13248,4006,BB,2024-07-04,1,True
13251,4007,P,2024-06-12,0,True
13252,4007,AS,2024-06-13,0,True
13253,4007,D,2024-06-28,1,False
13254,4008,P,2024-06-28,0,True
13255,4008,BA,2024-07-03,0,True
13256,4008,AS,2024-07-04,1,True
13258,4009,P,2024-06-10,0,True
13259,4009,AS,2024-06-14,0,True
13260,4009,BR,2024-06-18,1,False
13261,4010,P,2024-06-18,0,True
13262,4010,AS,2024-06-21,0,True
13263,4010,D,2024-06-26,1,False
13264,4011,P,2024-06-05,0,True
13265,4011,AS,2024-06-10,0,True
13266,4011,D,2024-06-16,1,False
13267,4012,P,2024-06-25,0,True
13268,4012,BA,2024-06-26,0,True
13269,4012,D,2024-06-28,1,False
13270,4013,P,2024-06-06,0,True
13271,4013,AS,2024-06-09,0,True
13272,4013,D,2024-06-19,1,False
13273,4014,P,2024-07-03,0,True
13274,4014,AS,2024-07-05,1,True
13276,4015,P,2024-07-02,0,True
13277,4015,AS,2024-07-03,1,True
13279,4016,P,2024-06-12,0,True
13280,4016,BA,2024-06-13,0,True
13281,4016,AS,2024-06-15,0,True
13282,4016,D,2024-06-21,1,False
13283,4017,P,2024-06-05,0,True
13284,4017,AS,2024-06-09,0,True
13285,4017,D,2024-06-17,1,False
13286,4018,P,2024-06-25,0,True
13287,4018,AS,2024-06-29,1,True
13289,4019,P,2024-06-23,0,True
13290,4019,BR,2024-06-25,1,False
13291,4020,P,2024-06-22,0,True
13292,4020,AS,2024-06-24,0,True
13293,4020,D,2024-07-03,1,False
13294,4021,P,2024-06-17,0,True
13295,4021,BA,2024-06-18,0,True
13296,4021,D,2024-06-21,1,False
13297,4022,P,2024-06-10,0,True
13298,4022,AS,2024-06-14,0,True
13299,4022,D,2024-06-18,1,False
13300,4023,P,2024-06-26,0,True
13301,4023,AS,2024-06-30,1,True
13303,4024,P,2024-06-25,0,True
13304,4024,BA,2024-06-26,0,True
13305,4024,AS,2024-06-28,1,True
13307,4025,P,2024-06-24,0,True
13308,4025,AS,2024-06-30,0,True
13309,4025,D,2024-07-01,1,False
13310,4026,P,2024-06-27,0,True
13311,4026,AS,2024-06-29,0,True
13312,4026,D,2024-07-03,1,False
13313,4027,P,2024-06-28,0,True
13314,4027,AS,2024-06-30,1,True
13316,4028,P,2024-06-30,1,True
13319,4029,P,2024-06-18,0,True
13320,4029,AS,2024-06-21,0,True
13321,4029,D,2024-06-23,1,False
13322,4030,P,2024-06-12,0,True
13323,4030,AS,2024-06-17,0,True
13324,4030,D,2024-06-24,1,False
13325,4031,P,2024-06-14,0,True
13326,4031,BB,2024-06-19,0,True
13327,4031,BA,2024-07-01,0,True
13328,4031,AS,2024-07-03,1,True
13330,4032,P,2024-06-26,0,True
13331,4032,BD,2024-06-29,0,True
13332,4032,BZ,2024-07-04,1,True
13334,4033,P,2024-06-08,0,True
13335,4033,BV,2024-06-11,0,True
13336,4033,D,2024-06-20,1,False
13337,4034,P,2024-07-04,0,True
13338,4034,AS,2024-07-05,1,True
13340,4035,P,2024-06-18,0,True
13341,4035,BA,2024-06-22,0,True
13342,4035,AS,2024-06-25,1,True
13344,4036,P,2024-06-14,0,True
13345,4036,AS,2024-06-19,0,True
13346,4036,BR,2024-06-20,1,False
13347,4037,P,2024-06-30,0,True
13348,4037,AS,2024-07-05,1,True
13350,4038,P,2024-06-14,0,True
13351,4038,AS,2024-06-15,0,True
13352,4038,D,2024-06-19,1,False
13353,4039,P,2024-07-01,1,True
13356,4040,P,2024-06-12,0,True
13357,4040,BA,2024-06-19,0,True
13358,4040,AS,2024-06-21,0,True
13359,4040,D,2024-07-01,1,False
13360,4041,P,2024-06-23,0,True
13361,4041,BA,2024-06-25,0,True
13362,4041,AS,2024-06-27,1,True
13364,4042,P,2024-06-08,0,True
13365,4042,AS,2024-06-09,0,True
13366,4042,D,2024-06-12,1,False
13367,4043,P,2024-06-11,0,True
13368,4043,AS,2024-06-14,0,True
13369,4043,D,2024-06-25,1,False
13370,4044,P,2024-06-10,0,True
13371,4044,AS,2024-06-13,0,True
13372,4044,D,2024-06-30,1,False
13373,4045,P,2024-07-03,1,True
13377,4046,P,2024-06-16,0,True
13378,4046,AS,2024-06-19,0,True
13379,4046,D,2024-06-29,1,False
13380,4047,P,2024-06-15,0,True
13381,4047,BA,2024-06-16,0,True
13382,4047,AS,2024-06-19,0,True
13383,4047,D,2024-06-28,1,False
13384,4048,P,2024-07-04,1,True
13388,4049,P,2024-06-28,0,True
13389,4049,BV,2024-07-01,0,True
13390,4049,D,2024-07-05,1,False
13391,4050,P,2024-06-12,0,True
13392,4050,BR,2024-06-13,1,False
13393,4051,P,2024-06-06,0,True
13394,4051,BA,2024-06-08,0,True
13395,4051,AS,2024-06-10,0,True
13396,4051,D,2024-06-21,1,False
13397,4052,P,2024-06-09,0,True
13398,4052,AS,2024-06-13,0,True
13399,4052,D,2024-07-01,1,False
13400,4053,P,2024-06-16,0,True
13401,4053,AS,2024-06-19,0,True
13402,4053,D,2024-06-30,1,False
13403,4054,P,2024-06-29,0,True
13404,4054,BA,2024-07-04,1,True
13407,4055,P,2024-06-26,0,True
13408,4055,BA,2024-06-30,0,True
13409,4055,AS,2024-07-01,1,True
13411,4056,P,2024-06-29,0,True
13412,4056,BA,2024-07-04,1,True
13415,4057,P,2024-06-26,0,True
13416,4057,BA,2024-06-30,0,True
13417,4057,AS,2024-07-03,1,True
13419,4058,P,2024-06-29,0,True
13420,4058,AS,2024-07-03,1,True
13422,4059,P,2024-06-14,0,True
13423,4059,AS,2024-06-18,0,True
13424,4059,D,2024-06-29,1,False
13425,4060,P,2024-06-26,0,True
13426,4060,AS,2024-06-29,1,True
13428,4061,P,2024-06-20,0,True
13429,4061,BA,2024-06-25,0,True
13430,4061,D,2024-06-27,1,False
13431,4062,P,2024-06-22,0,True
13432,4062,AS,2024-06-26,0,True
13433,4062,D,2024-07-04,1,False
13434,4063,P,2024-06-12,0,True
13435,4063,AS,2024-06-18,0,True
13436,4063,D,2024-06-24,1,False
13437,4064,P,2024-06-06,0,True
13438,4064,AS,2024-06-08,0,True
13439,4064,D,2024-06-14,1,False
13440,4065,P,2024-06-29,0,True
13441,4065,AS,2024-07-02,1,True
13443,4066,P,2024-06-10,0,True
13444,4066,AS,2024-06-12,0,True
13445,4066,BR,2024-06-25,1,False
13446,4067,P,2024-07-03,0,True
13447,4067,BR,2024-07-05,1,False
13448,4068,P,2024-06-28,0,True
13449,4068,AS,2024-07-03,1,True
13451,4069,P,2024-06-25,0,True
13452,4069,AS,2024-06-27,1,True
13454,4070,P,2024-06-16,0,True
13455,4070,AS,2024-06-21,0,True
13456,4070,D,2024-06-29,1,False
13457,4071,P,2024-06-05,0,True
13458,4071,BB,2024-06-10,0,True
13459,4071,BA,2024-06-20,0,True
13460,4071,AS,2024-06-21,0,True
13461,4071,D,2024-06-30,1,False
13462,4072,P,2024-06-11,0,True
13463,4072,AS,2024-06-13,0,True
13464,4072,D,2024-06-24,1,False
13465,4073,P,2024-06-16,0,True
13466,4073,BB,2024-06-19,0,True
13467,4073,AS,2024-06-28,0,True
13468,4073,D,2024-07-05,1,False
13469,4074,P,2024-06-06,0,True
13470,4074,AS,2024-06-10,0,True
13471,4074,D,2024-06-15,1,False
13472,4075,P,2024-06-10,0,True
13473,4075,BA,2024-06-13,0,True
13474,4075,BR,2024-06-16,1,False
13475,4076,P,2024-07-04,1,True
13479,4077,P,2024-06-15,0,True
13480,4077,BA,2024-06-17,0,True
13481,4077,AS,2024-06-20,0,True
13482,4077,D,2024-06-30,1,False
13483,4078,P,2024-07-04,0,True
13484,4078,BV,2024-07-05,1,True
13487,4079,P,2024-06-29,0,True
13488,4079,BA,2024-07-04,1,True
13490,4080,P,2024-06-11,0,True
13491,4080,AS,2024-06-18,0,True
13492,4080,D,2024-06-30,1,False
13493,4081,P,2024-06-29,0,True
13494,4081,BA,2024-07-03,0,True
13495,4081,AS,2024-07-05,1,True
13497,4082,P,2024-06-25,0,True
13498,4082,BA,2024-06-29,0,True
13499,4082,D,2024-07-02,1,False
13500,4083,P,2024-06-26,0,True
13501,4083,AS,2024-06-27,1,True
13503,4084,P,2024-06-10,0,True
13504,4084,BA,2024-06-11,0,True
13505,4084,AS,2024-06-14,0,True
13506,4084,D,2024-06-26,1,False
13507,4085,P,2024-07-02,1,True
13510,4086,P,2024-06-13,0,True
13511,4086,BA,2024-06-18,0,True
13512,4086,D,2024-06-20,1,False
13513,4087,P,2024-06-09,0,True
13514,4087,BA,2024-06-14,0,True
13515,4087,AS,2024-06-18,0,True
13516,4087,D,2024-07-02,1,False
13517,4088,P,2024-06-18,0,True
13518,4088,BR,2024-06-19,1,False
13519,4089,P,2024-06-21,0,True
13520,4089,BB,2024-06-23,1,True
13523,4090,P,2024-06-21,0,True
13524,4090,BA,2024-06-28,0,True
13525,4090,AS,2024-07-01,1,True
13527,4091,P,2024-06-27,0,True
13528,4091,BA,2024-07-01,0,True
13529,4091,AS,2024-07-05,1,True
13531,4092,P,2024-07-04,1,True
13534,4093,P,2024-06-21,0,True
13535,4093,BA,2024-06-28,0,True
13536,4093,AS,2024-07-03,1,True
13538,4094,P,2024-06-05,0,True
13539,4094,BB,2024-06-06,0,True
13540,4094,BR,2024-06-16,1,False
13541,4095,P,2024-06-28,0,True
13542,4095,AS,2024-07-03,1,True
13544,4096,P,2024-06-17,0,True
13545,4096,AS,2024-06-19,0,True
13546,4096,D,2024-07-03,1,False
13547,4097,P,2024-06-28,0,True
13548,4097,AS,2024-07-01,1,True
13550,4098,P,2024-06-08,0,True
13551,4098,AS,2024-06-12,0,True
13552,4098,BR,2024-06-19,1,False
13553,4099,P,2024-06-19,0,True
13554,4099,AS,2024-06-24,0,True
13555,4099,D,2024-07-01,1,False
13556,4100,P,2024-06-30,0,True
13557,4100,BA,2024-07-04,0,True
13558,4100,AS,2024-07-05,1,True
13560,4101,P,2024-06-29,0,True
13561,4101,BB,2024-07-03,1,True
13565,4102,P,2024-06-10,0,True
13566,4102,BR,2024-06-11,1,False
13567,4103,P,2024-06-18,0,True
13568,4103,BA,2024-06-21,0,True
13569,4103,AS,2024-06-23,0,True
13570,4103,D,2024-06-30,1,False
13571,4104,P,2024-06-13,0,True
13572,4104,AS,2024-06-17,0,True
13573,4104,D,2024-07-02,1,False
13574,4105,P,2024-06-14,0,True
13575,4105,BR,2024-06-16,1,False
13576,4106,P,2024-06-17,0,True
13577,4106,AS,2024-06-22,0,True
13578,4106,D,2024-06-26,1,False
13579,4107,P,2024-06-12,0,True
13580,4107,AS,2024-06-13,0,True
13581,4107,D,2024-06-23,1,False
13582,4108,P,2024-06-13,0,True
13583,4108,AS,2024-06-18,0,True
13584,4108,D,2024-06-23,1,False
13585,4109,P,2024-06-23,0,True
13586,4109,BR,2024-06-26,1,False
13587,4110,P,2024-06-26,0,True
13588,4110,AS,2024-07-02,1,True
13590,4111,P,2024-06-27,0,True
13591,4111,AS,2024-06-29,1,True
13593,4112,P,2024-06-12,0,True
13594,4112,AS,2024-06-16,0,True
13595,4112,D,2024-06-21,1,False
13596,4113,P,2024-06-07,0,True
13597,4113,BR,2024-06-09,1,False
13598,4114,P,2024-06-18,0,True
13599,4114,BA,2024-06-21,0,True
13600,4114,AS,2024-06-24,0,True
13601,4114,D,2024-07-02,1,False
13602,4115,P,2024-06-25,0,True
13603,4115,BB,2024-06-30,0,True
13604,4115,AS,2024-07-04,1,True
13606,4116,P,2024-06-25,0,True
13607,4116,AS,2024-06-29,0,True
13608,4116,D,2024-07-04,1,False
13609,4117,P,2024-07-03,1,True
13613,4118,P,2024-06-08,0,True
13614,4118,AS,2024-06-13,0,True
13615,4118,D,2024-06-22,1,False
13616,4119,P,2024-06-20,0,True
13617,4119,BD,2024-06-23,0,True
13618,4119,BB,2024-06-28,1,True
13621,4120,P,2024-06-20,0,True
13622,4120,AS,2024-06-23,0,True
13623,4120,D,2024-06-27,1,False
13624,4121,P,2024-06-11,0,True
13625,4121,AS,2024-06-15,0,True
13626,4121,D,2024-06-25,1,False
13627,4122,P,2024-06-12,0,True
13628,4122,AS,2024-06-16,0,True
13629,4122,D,2024-06-24,1,False
13630,4123,P,2024-06-14,0,True
13631,4123,AS,2024-06-18,0,True
13632,4123,D,2024-06-26,1,False
13633,4124,P,2024-06-18,0,True
13634,4124,BA,2024-06-22,0,True
13635,4124,AS,2024-06-24,1,True
13637,4125,P,2024-06-12,0,True
13638,4125,BA,2024-06-18,0,True
13639,4125,AS,2024-06-20,0,True
13640,4125,D,2024-06-30,1,False
13641,4126,P,2024-06-06,0,True
13642,4126,AS,2024-06-08,0,True
13643,4126,D,2024-06-10,1,False
13644,4127,P,2024-06-25,0,True
13645,4127,BA,2024-06-29,0,True
13646,4127,AS,2024-07-01,1,True
13648,4128,P,2024-06-19,0,True
13649,4128,AS,2024-06-23,0,True
13650,4128,D,2024-06-28,1,False
13651,4129,P,2024-07-03,1,True
13654,4130,P,2024-07-04,0,True
13655,4130,AS,2024-07-05,1,True
13657,4131,P,2024-06-21,0,True
13658,4131,AS,2024-06-24,1,True
13660,4132,P,2024-06-09,0,True
13661,4132,AS,2024-06-14,0,True
13662,4132,D,2024-06-26,1,False
13663,4133,P,2024-06-29,0,True
13664,4133,BA,2024-06-30,0,True
13665,4133,AS,2024-07-02,1,True
13667,4134,P,2024-06-16,0,True
13668,4134,BB,2024-06-19,0,True
13669,4134,AS,2024-07-04,1,True
13671,4135,P,2024-06-20,0,True
13672,4135,BB,2024-06-21,0,True
13673,4135,AS,2024-07-03,1,True
13675,4136,P,2024-06-26,0,True
13676,4136,AS,2024-06-29,1,True
13678,4137,P,2024-06-26,0,True
13679,4137,AS,2024-07-03,1,True
13681,4138,P,2024-06-12,0,True
13682,4138,AS,2024-06-17,0,True
13683,4138,D,2024-06-23,1,False
13684,4139,P,2024-06-18,0,True
13685,4139,AS,2024-06-21,0,True
13686,4139,D,2024-06-25,1,False
13687,4140,P,2024-07-04,1,True
13690,4141,P,2024-06-25,0,True
13691,4141,BZ,2024-06-29,1,True
13694,4142,P,2024-06-06,0,True
13695,4142,AS,2024-06-08,0,True
13696,4142,D,2024-06-16,1,False
13697,4143,P,2024-06-20,0,True
13698,4143,AS,2024-06-25,1,True
13700,4144,P,2024-06-21,0,True
13701,4144,AS,2024-06-25,0,True
13702,4144,D,2024-07-05,1,False
13703,4145,P,2024-06-23,0,True
13704,4145,AS,2024-06-26,1,True
13706,4146,P,2024-06-26,0,True
13707,4146,BV,2024-07-01,1,True
13710,4147,P,2024-07-01,0,True
13711,4147,BZ,2024-07-04,1,True
13714,4148,P,2024-06-29,0,True
13715,4148,AS,2024-07-04,1,True
13717,4149,P,2024-07-03,0,True
13718,4149,BA,2024-07-05,1,True
13721,4150,P,2024-06-08,0,True
13722,4150,BR,2024-06-13,1,False
13723,4151,P,2024-06-22,0,True
13724,4151,BA,2024-06-24,0,True
13725,4151,D,2024-06-28,1,False
13726,4152,P,2024-06-09,0,True
13727,4152,BR,2024-06-12,1,False
13728,4153,P,2024-07-01,0,True
13729,4153,BV,2024-07-02,1,True
13731,4154,P,2024-06-19,0,True
13732,4154,AS,2024-06-22,0,True
13733,4154,D,2024-06-29,1,False
13734,4155,P,2024-06-21,0,True
13735,4155,BR,2024-06-25,1,False
13736,4156,P,2024-06-11,0,True
13737,4156,BA,2024-06-15,0,True
13738,4156,AS,2024-06-16,0,True
13739,4156,D,2024-06-21,1,False
13740,4157,P,2024-06-09,0,True
13741,4157,AS,2024-06-12,0,True
13742,4157,D,2024-06-13,1,False
13743,4158,P,2024-06-21,0,True
13744,4158,BA,2024-06-25,0,True
13745,4158,AS,2024-06-28,1,True
13747,4159,P,2024-06-11,0,True
13748,4159,AS,2024-06-16,0,True
13749,4159,D,2024-06-25,1,False
13750,4160,P,2024-06-18,0,True
13751,4160,AS,2024-06-23,0,True
13752,4160,D,2024-06-26,1,False
13753,4161,P,2024-06-16,0,True
13754,4161,AS,2024-06-22,0,True
13755,4161,BR,2024-06-24,1,False
13756,4162,P,2024-06-10,0,True
13757,4162,BR,2024-06-13,1,False
13758,4163,P,2024-07-01,0,True
13759,4163,AS,2024-07-05,1,True
13761,4164,P,2024-06-15,0,True
13762,4164,AS,2024-06-19,0,True
13763,4164,D,2024-07-02,1,False
13764,4165,P,2024-06-22,0,True
13765,4165,BB,2024-06-23,1,True
13769,4166,P,2024-06-27,0,True
13770,4166,BA,2024-07-01,0,True
13771,4166,D,2024-07-04,1,False
13772,4167,P,2024-06-14,0,True
13773,4167,BA,2024-06-17,0,True
13774,4167,D,2024-06-20,1,False
13775,4168,P,2024-06-10,0,True
13776,4168,AS,2024-06-16,0,True
13777,4168,D,2024-06-28,1,False
13778,4169,P,2024-06-17,0,True
13779,4169,AS,2024-06-22,0,True
13780,4169,D,2024-07-01,1,False
13781,4170,P,2024-06-21,0,True
13782,4170,BV,2024-06-24,0,True
13783,4170,AS,2024-06-30,1,True
13785,4171,P,2024-06-09,0,True
13786,4171,AS,2024-06-13,0,True
13787,4171,D,2024-06-26,1,False
13788,4172,P,2024-06-09,0,True
13789,4172,AS,2024-06-16,0,True
13790,4172,D,2024-06-27,1,False
13791,4173,P,2024-06-05,0,True
13792,4173,BA,2024-06-07,0,True
13793,4173,AS,2024-06-09,0,True
13794,4173,D,2024-06-18,1,False
13795,4174,P,2024-07-04,1,True
13798,4175,P,2024-06-26,0,True
13799,4175,AS,2024-06-29,1,True
13801,4176,P,2024-06-23,0,True
13802,4176,AS,2024-06-25,0,True
13803,4176,D,2024-07-02,1,False
13804,4177,P,2024-06-11,0,True
13805,4177,AS,2024-06-14,0,True
13806,4177,D,2024-06-19,1,False
13807,4178,P,2024-06-28,0,True
13808,4178,AS,2024-06-30,1,True
13810,4179,P,2024-06-13,0,True
13811,4179,BA,2024-06-17,0,True
13812,4179,D,2024-06-22,1,False
13813,4180,P,2024-06-30,0,True
13814,4180,BR,2024-07-02,1,False
13815,4181,P,2024-06-28,0,True
13816,4181,BA,2024-07-03,1,True
13818,4182,P,2024-06-16,0,True
13819,4182,BB,2024-06-19,0,True
13820,4182,BA,2024-06-24,0,True
13821,4182,AS,2024-06-27,0,True
13822,4182,D,2024-07-04,1,False
13823,4183,P,2024-06-26,0,True
13824,4183,BA,2024-06-29,0,True
13825,4183,BR,2024-07-05,1,False
13826,4184,P,2024-06-23,0,True
13827,4184,BA,2024-06-26,0,True
13828,4184,D,2024-06-28,1,False
13829,4185,P,2024-06-05,0,True
13830,4185,BV,2024-06-07,0,True
13831,4185,AS,2024-06-22,0,True
13832,4185,D,2024-07-04,1,False
13833,4186,P,2024-06-28,0,True
13834,4186,BZ,2024-07-01,1,True
13837,4187,P,2024-06-05,0,True
13838,4187,BR,2024-06-08,1,False
13839,4188,P,2024-06-13,0,True
13840,4188,AS,2024-06-16,0,True
13841,4188,D,2024-06-22,1,False
13842,4189,P,2024-06-26,0,True
13843,4189,BZ,2024-06-28,1,True
13846,4190,P,2024-06-28,0,True
13847,4190,AS,2024-06-30,0,True
13848,4190,D,2024-07-04,1,False
13849,4191,P,2024-06-30,1,True
13852,4192,P,2024-06-17,0,True
13853,4192,BA,2024-06-21,0,True
13854,4192,AS,2024-06-26,0,True
13855,4192,D,2024-06-27,1,False
13856,4193,P,2024-06-28,0,True
13857,4193,BA,2024-07-02,0,True
13858,4193,BR,2024-07-04,1,False
13859,4194,P,2024-06-30,0,True
13860,4194,BR,2024-07-01,1,False
13861,4195,P,2024-07-01,0,True
13862,4195,AS,2024-07-05,1,True
13864,4196,P,2024-06-21,0,True
13865,4196,BZ,2024-06-23,0,True
13866,4196,AS,2024-07-01,1,True
13868,4197,P,2024-07-03,1,True
13872,4198,P,2024-06-19,0,True
13873,4198,BA,2024-06-22,0,True
13874,4198,D,2024-06-24,1,False
13875,4199,P,2024-06-11,0,True
13876,4199,BV,2024-06-20,0,True
13877,4199,AS,2024-06-26,1,True
13879,4200,P,2024-06-26,0,True
13880,4200,AS,2024-07-01,1,True
13882,4201,P,2024-06-28,0,True
13883,4201,BA,2024-06-29,0,True
13884,4201,AS,2024-07-01,1,True
13886,4202,P,2024-06-27,0,True
13887,4202,AS,2024-06-30,1,True
13889,4203,P,2024-06-25,0,True
13890,4203,BA,2024-06-29,0,True
13891,4203,AS,2024-06-30,1,True
13893,4204,P,2024-06-06,0,True
13894,4204,BR,2024-06-08,1,False
13895,4205,P,2024-06-27,0,True
13896,4205,AS,2024-06-30,1,True
13898,4206,P,2024-06-14,0,True
13899,4206,BA,2024-06-16,0,True
13900,4206,AS,2024-06-20,0,True
13901,4206,D,2024-07-03,1,False
13902,4207,P,2024-06-25,0,True
13903,4207,BA,2024-06-30,0,True
13904,4207,AS,2024-07-02,1,True
13906,4208,P,2024-06-18,0,True
13907,4208,AS,2024-06-23,0,True
13908,4208,D,2024-07-03,1,False
13909,4209,P,2024-06-29,0,True
13910,4209,AS,2024-07-04,1,True
13912,4210,P,2024-06-14,0,True
13913,4210,AS,2024-06-15,0,True
13914,4210,D,2024-06-23,1,False
13915,4211,P,2024-06-25,0,True
13916,4211,BA,2024-06-29,0,True
13917,4211,AS,2024-07-01,1,True
13919,4212,P,2024-07-03,1,True
13921,4213,P,2024-06-28,0,True
13922,4213,BA,2024-07-03,1,True
13925,4214,P,2024-06-20,0,True
13926,4214,BA,2024-06-24,0,True
13927,4214,AS,2024-06-26,1,True
13929,4215,P,2024-06-25,0,True
13930,4215,BA,2024-06-29,0,True
13931,4215,D,2024-07-02,1,False
13932,4216,P,2024-06-07,0,True
13933,4216,AS,2024-06-12,0,True
13934,4216,D,2024-06-21,1,False
13935,4217,P,2024-06-23,0,True
13936,4217,BR,2024-06-25,1,False
13937,4218,P,2024-06-21,0,True
13938,4218,BB,2024-06-24,0,True
13939,4218,AS,2024-07-05,1,True
13941,4219,P,2024-06-18,0,True
13942,4219,BV,2024-06-21,0,True
13943,4219,AS,2024-07-04,1,True
13945,4220,P,2024-06-10,0,True
13946,4220,AS,2024-06-12,0,True
13947,4220,D,2024-06-22,1,False
13948,4221,P,2024-06-20,0,True
13949,4221,BA,2024-06-25,0,True
13950,4221,AS,2024-06-28,1,True
13952,4222,P,2024-06-16,0,True
13953,4222,BA,2024-06-19,0,True
13954,4222,AS,2024-06-20,0,True
13955,4222,D,2024-06-25,1,False
13956,4223,P,2024-07-01,1,True
13959,4224,P,2024-06-06,0,True
13960,4224,BA,2024-06-09,0,True
13961,4224,AS,2024-06-11,0,True
13962,4224,BR,2024-06-22,1,False
13963,4225,P,2024-07-02,1,True
13966,4226,P,2024-06-14,0,True
13967,4226,AS,2024-06-17,0,True
13968,4226,D,2024-06-23,1,False
13969,4227,P,2024-06-21,0,True
13970,4227,AS,2024-06-23,0,True
13971,4227,D,2024-06-30,1,False
13972,4228,P,2024-06-27,0,True
13973,4228,AS,2024-06-29,0,True
13974,4228,D,2024-07-03,1,False
13975,4229,P,2024-06-30,0,True
13976,4229,BR,2024-07-04,1,False
13977,4230,P,2024-06-06,0,True
13978,4230,BA,2024-06-13,0,True
13979,4230,AS,2024-06-16,0,True
13980,4230,D,2024-06-23,1,False
13981,4231,P,2024-06-21,0,True
13982,4231,BD,2024-06-24,0,True
13983,4231,BB,2024-06-28,1,True
13986,4232,P,2024-06-15,0,True
13987,4232,BA,2024-06-16,0,True
13988,4232,D,2024-06-19,1,False
13989,4233,P,2024-06-21,0,True
13990,4233,BV,2024-06-27,1,True
13992,4234,P,2024-06-06,0,True
13993,4234,BZ,2024-06-08,0,True
13994,4234,BV,2024-06-24,0,True
13995,4234,D,2024-07-02,1,False
13996,4235,P,2024-06-22,0,True
13997,4235,AS,2024-06-25,1,True
13999,4236,P,2024-06-19,0,True
14000,4236,BA,2024-06-21,0,True
14001,4236,AS,2024-06-25,1,True
14003,4237,P,2024-06-05,0,True
14004,4237,AS,2024-06-08,0,True
14005,4237,D,2024-06-10,1,False
14006,4238,P,2024-06-23,0,True
14007,4238,AS,2024-06-27,1,True
14009,4239,P,2024-06-10,0,True
14010,4239,AS,2024-06-15,0,True
14011,4239,D,2024-06-17,1,False
14012,4240,P,2024-06-13,0,True
14013,4240,BB,2024-06-18,0,True
14014,4240,BA,2024-06-30,0,True
14015,4240,AS,2024-07-02,1,True
14017,4241,P,2024-06-11,0,True
14018,4241,BR,2024-06-14,1,False
14019,4242,P,2024-07-03,1,True
14022,4243,P,2024-06-28,0,True
14023,4243,AS,2024-06-30,1,True
14025,4244,P,2024-06-27,0,True
14026,4244,BA,2024-06-28,0,True
14027,4244,D,2024-07-03,1,False
14028,4245,P,2024-07-03,0,True
14029,4245,BA,2024-07-05,1,True
14032,4246,P,2024-06-12,0,True
14033,4246,AS,2024-06-17,0,True
14034,4246,D,2024-06-21,1,False
